User_ID,Registration_Date,Age_Group,Gender,State,City,Income_Group,User_Type,KYC_Status
U00001,2023-08-21,25-34,Male,West Bengal,Kolkata,2L+,Regular,Verified
U00002,2023-10-09,18-24,Female,Tamil Nadu,Chennai,<25K,New,Verified
U00003,2020-10-12,25-34,Male,Kerala,Kochi,<25K,Frequent,Verified
U00004,2025-10-11,18-24,Female,Telangana,Warangal,50K-1L,Regular,Verified
U00005,2021-11-17,35-44,Female,Gujarat,Ahmedabad,50K-1L,New,Verified
U00006,2023-07-29,18-24,Male,West Bengal,Kolkata,2L+,Regular,Verified
U00007,2024-01-04,25-34,Female,Madhya Pradesh,Jabalpur,25K-50K,Regular,Verified
U00008,2022-01-07,35-44,Female,Delhi,New Delhi,<25K,Regular,Verified
U00009,2025-05-12,25-34,Female,West Bengal,Siliguri,50K-1L,Frequent,Verified
U00010,2025-03-09,18-24,Male,Kerala,Thiruvananthapuram,25K-50K,Regular,Verified
U00011,2024-01-25,18-24,Male,Kerala,Thiruvananthapuram,25K-50K,Regular,Pending
U00012,2025-10-01,18-24,Male,Telangana,Warangal,25K-50K,Regular,Verified
U00013,2021-04-30,35-44,Female,Gujarat,Vadodara,<25K,Frequent,Verified
U00014,2024-02-22,25-34,Male,Tamil Nadu,Madurai,25K-50K,Regular,Pending
U00015,2025-06-24,45-54,Male,Telangana,Warangal,25K-50K,Regular,Verified
U00016,2023-10-19,25-34,Male,Telangana,Warangal,50K-1L,Regular,Verified
U00017,2022-10-27,25-34,Male,Delhi,New Delhi,50K-1L,Regular,Verified
U00018,2024-10-31,25-34,Female,Uttar Pradesh,Varanasi,<25K,New,Verified
U00019,2021-10-29,35-44,Male,Gujarat,Vadodara,25K-50K,New,Verified
U00020,2023-05-05,25-34,Female,Karnataka,Mysuru,25K-50K,Frequent,Verified
U00021,2022-04-14,18-24,Female,Telangana,Hyderabad,<25K,Regular,Verified
U00022,2022-05-25,35-44,Male,Punjab,Chandigarh,50K-1L,Regular,Verified
U00023,2022-09-28,25-34,Male,Uttar Pradesh,Varanasi,2L+,Regular,Verified
U00024,2020-09-06,25-34,Male,Karnataka,Mangaluru,50K-1L,Regular,Verified
U00025,2025-04-23,35-44,Male,Punjab,Amritsar,50K-1L,New,Verified
U00026,2024-06-06,25-34,Female,Gujarat,Vadodara,25K-50K,New,Verified
U00027,2023-06-17,35-44,Female,Maharashtra,Pune,25K-50K,Frequent,Verified
U00028,2022-05-21,35-44,Female,Punjab,Amritsar,1L-2L,Regular,Pending
U00029,2022-04-14,35-44,Male,Madhya Pradesh,Indore,2L+,Regular,Verified
U00030,2022-07-07,35-44,Male,Uttar Pradesh,Lucknow,25K-50K,Frequent,Verified
U00031,2024-09-20,25-34,Female,Punjab,Chandigarh,25K-50K,Regular,Verified
U00032,2023-08-06,35-44,Other,Rajasthan,Udaipur,1L-2L,New,Verified
U00033,2025-03-12,45-54,Female,Maharashtra,Mumbai,<25K,New,Verified
U00034,2021-02-06,25-34,Male,Kerala,Thiruvananthapuram,1L-2L,Regular,Verified
U00035,2025-10-06,25-34,Male,Kerala,Kochi,1L-2L,Frequent,Verified
U00036,2023-08-20,35-44,Female,Madhya Pradesh,Indore,<25K,New,Verified
U00037,2023-02-12,35-44,Male,Punjab,Ludhiana,2L+,New,Verified
U00038,2020-07-28,18-24,Male,Punjab,Amritsar,2L+,Frequent,Verified
U00039,2022-11-30,45-54,Male,Delhi,Delhi,2L+,New,Verified
U00040,2022-03-26,18-24,Male,Punjab,Ludhiana,25K-50K,Regular,Verified
U00041,2026-01-29,35-44,Female,West Bengal,Siliguri,25K-50K,New,Verified
U00042,2020-08-21,35-44,Male,Tamil Nadu,Chennai,50K-1L,Regular,Verified
U00043,2022-03-03,55+,Male,Rajasthan,Udaipur,25K-50K,Regular,Verified
U00044,2025-03-22,18-24,Female,Delhi,New Delhi,25K-50K,New,Verified
U00045,2024-06-01,35-44,Female,Gujarat,Surat,25K-50K,Regular,Pending
U00046,2025-12-06,25-34,Male,Delhi,Delhi,50K-1L,Regular,Verified
U00047,2020-11-30,25-34,Female,West Bengal,Kolkata,<25K,Regular,Verified
U00048,2023-09-21,18-24,Male,Gujarat,Vadodara,25K-50K,Regular,Verified
U00049,2024-06-27,35-44,Male,Rajasthan,Jaipur,<25K,Regular,Verified
U00050,2023-01-02,25-34,Male,West Bengal,Kolkata,50K-1L,Regular,Verified
U00051,2023-04-29,18-24,Female,Karnataka,Bengaluru,50K-1L,Regular,Pending
U00052,2020-11-19,35-44,Female,Tamil Nadu,Madurai,<25K,Regular,Verified
U00053,2024-11-25,35-44,Female,Rajasthan,Jodhpur,2L+,Regular,Verified
U00054,2020-10-10,35-44,Male,Punjab,Ludhiana,<25K,Regular,Verified
U00055,2020-07-31,45-54,Male,Karnataka,Mangaluru,50K-1L,New,Verified
U00056,2024-07-16,25-34,Male,Madhya Pradesh,Bhopal,1L-2L,New,Verified
U00057,2024-10-07,55+,Male,Rajasthan,Jaipur,1L-2L,Regular,Verified
U00058,2022-07-17,45-54,Female,Madhya Pradesh,Bhopal,<25K,Frequent,Pending
U00059,2022-01-21,25-34,Female,Gujarat,Ahmedabad,1L-2L,Frequent,Verified
U00060,2023-11-18,18-24,Male,Karnataka,Mangaluru,1L-2L,Regular,Pending
U00061,2024-12-26,25-34,Male,Tamil Nadu,Madurai,50K-1L,Regular,Verified
U00062,2022-11-11,25-34,Female,Punjab,Chandigarh,25K-50K,New,Pending
U00063,2024-11-29,35-44,Female,Punjab,Ludhiana,<25K,Frequent,Verified
U00064,2025-03-07,35-44,Female,West Bengal,Siliguri,50K-1L,Frequent,Verified
U00065,2020-04-14,35-44,Female,Punjab,Amritsar,25K-50K,New,Verified
U00066,2024-01-29,25-34,Male,Telangana,Warangal,1L-2L,Frequent,Verified
U00067,2024-01-22,18-24,Male,Delhi,Delhi,25K-50K,Regular,Verified
U00068,2023-12-26,45-54,Male,Maharashtra,Mumbai,50K-1L,Regular,Verified
U00069,2022-02-08,25-34,Male,Tamil Nadu,Chennai,<25K,Regular,Verified
U00070,2025-05-13,55+,Male,Karnataka,Mysuru,<25K,Regular,Verified
U00071,2025-07-20,18-24,Male,Telangana,Warangal,<25K,Frequent,Verified
U00072,2021-01-13,55+,Female,Tamil Nadu,Coimbatore,<25K,New,Verified
U00073,2021-12-13,18-24,Male,Karnataka,Mysuru,50K-1L,Regular,Verified
U00074,2023-10-04,25-34,Female,Uttar Pradesh,Lucknow,1L-2L,Regular,Verified
U00075,2020-08-12,18-24,Female,Uttar Pradesh,Lucknow,50K-1L,Regular,Verified
U00076,2024-10-03,35-44,Female,Madhya Pradesh,Jabalpur,50K-1L,Regular,Verified
U00077,2022-01-07,45-54,Male,Tamil Nadu,Coimbatore,50K-1L,Regular,Pending
U00078,2020-08-23,25-34,Female,Uttar Pradesh,Varanasi,25K-50K,Regular,Verified
U00079,2020-07-01,55+,Female,Karnataka,Mangaluru,25K-50K,Regular,Verified
U00080,2021-12-12,35-44,Female,Madhya Pradesh,Indore,25K-50K,Regular,Verified
U00081,2025-03-07,35-44,Male,Punjab,Ludhiana,50K-1L,Regular,Verified
U00082,2025-03-03,45-54,Male,Karnataka,Mangaluru,<25K,Regular,Verified
U00083,2021-09-14,25-34,Male,Madhya Pradesh,Bhopal,<25K,New,Verified
U00084,2023-06-13,25-34,Female,Tamil Nadu,Coimbatore,50K-1L,Regular,Verified
U00085,2023-02-24,45-54,Female,Telangana,Warangal,2L+,New,Verified
U00086,2022-01-18,45-54,Male,West Bengal,Siliguri,50K-1L,New,Verified
U00087,2026-01-11,55+,Male,Punjab,Amritsar,1L-2L,Regular,Verified
U00088,2026-04-23,45-54,Male,Rajasthan,Jodhpur,50K-1L,New,Verified
U00089,2026-04-01,18-24,Male,Telangana,Hyderabad,25K-50K,Regular,Verified
U00090,2026-05-25,45-54,Male,Gujarat,Ahmedabad,50K-1L,Frequent,Verified
U00091,2021-05-24,25-34,Male,Karnataka,Mysuru,1L-2L,New,Verified
U00092,2024-04-24,55+,Female,Gujarat,Surat,25K-50K,Frequent,Pending
U00093,2024-12-28,25-34,Female,Telangana,Warangal,25K-50K,New,Verified
U00094,2022-02-23,35-44,Male,Madhya Pradesh,Jabalpur,25K-50K,Regular,Pending
U00095,2026-06-03,25-34,Female,Rajasthan,Udaipur,25K-50K,Regular,Pending
U00096,2020-05-16,25-34,Female,Punjab,Chandigarh,1L-2L,Frequent,Verified
U00097,2025-11-04,18-24,Female,Punjab,Amritsar,25K-50K,New,Verified
U00098,2024-11-12,45-54,Female,Punjab,Amritsar,25K-50K,Regular,Verified
U00099,2023-05-07,45-54,Female,Rajasthan,Jaipur,1L-2L,New,Verified
U00100,2023-08-26,18-24,Female,Maharashtra,Nashik,50K-1L,Regular,Verified
U00101,2024-11-12,35-44,Male,Rajasthan,Udaipur,50K-1L,Frequent,Verified
U00102,2023-07-28,35-44,Male,West Bengal,Siliguri,1L-2L,Frequent,Verified
U00103,2022-02-02,25-34,Male,Rajasthan,Jaipur,25K-50K,Regular,Verified
U00104,2021-12-02,25-34,Male,Telangana,Hyderabad,50K-1L,Regular,Verified
U00105,2020-05-31,45-54,Female,Maharashtra,Nagpur,<25K,Frequent,Verified
U00106,2023-08-18,35-44,Female,Punjab,Amritsar,<25K,Regular,Verified
U00107,2023-07-25,35-44,Female,Telangana,Hyderabad,25K-50K,New,Verified
U00108,2024-09-07,35-44,Male,Telangana,Warangal,25K-50K,Frequent,Verified
U00109,2022-10-28,18-24,Male,Kerala,Kochi,2L+,Regular,Verified
U00110,2022-03-17,25-34,Female,Delhi,New Delhi,2L+,New,Verified
U00111,2020-08-22,25-34,Female,Maharashtra,Pune,1L-2L,New,Verified
U00112,2021-07-14,25-34,Male,Telangana,Hyderabad,25K-50K,Regular,Pending
U00113,2023-08-18,35-44,Male,Delhi,Delhi,2L+,Regular,Verified
U00114,2020-02-07,45-54,Male,Delhi,Delhi,50K-1L,Regular,Verified
U00115,2023-03-05,25-34,Female,Maharashtra,Mumbai,25K-50K,Regular,Verified
U00116,2021-02-24,25-34,Female,Kerala,Thiruvananthapuram,50K-1L,Frequent,Verified
U00117,2023-05-27,35-44,Male,Gujarat,Surat,<25K,Frequent,Verified
U00118,2020-12-13,45-54,Male,Madhya Pradesh,Indore,<25K,Regular,Verified
U00119,2025-01-05,35-44,Male,West Bengal,Kolkata,1L-2L,Frequent,Verified
U00120,2024-04-18,45-54,Male,Madhya Pradesh,Jabalpur,50K-1L,Frequent,Verified
U00121,2025-04-02,25-34,Male,Rajasthan,Udaipur,25K-50K,Regular,Pending
U00122,2026-05-09,35-44,Male,Punjab,Amritsar,50K-1L,Regular,Verified
U00123,2025-03-16,18-24,Female,West Bengal,Kolkata,1L-2L,Regular,Verified
U00124,2026-06-13,25-34,Female,Rajasthan,Jaipur,50K-1L,New,Verified
U00125,2023-10-29,25-34,Male,Telangana,Hyderabad,25K-50K,Regular,Pending
U00126,2024-12-29,25-34,Female,Punjab,Chandigarh,<25K,Regular,Verified
U00127,2023-05-13,55+,Male,Karnataka,Mangaluru,25K-50K,New,Verified
U00128,2021-02-08,45-54,Male,Maharashtra,Nagpur,2L+,New,Verified
U00129,2024-09-17,18-24,Other,West Bengal,Siliguri,25K-50K,Regular,Verified
U00130,2023-05-05,18-24,Female,West Bengal,Siliguri,25K-50K,Regular,Verified
U00131,2020-04-24,25-34,Female,Telangana,Warangal,25K-50K,Frequent,Verified
U00132,2024-08-03,25-34,Male,Gujarat,Surat,1L-2L,Regular,Verified
U00133,2020-03-05,35-44,Male,Delhi,New Delhi,50K-1L,Regular,Verified
U00134,2023-07-23,45-54,Male,Punjab,Ludhiana,50K-1L,Regular,Verified
U00135,2022-04-04,55+,Male,Telangana,Warangal,25K-50K,New,Verified
U00136,2026-04-05,35-44,Female,Uttar Pradesh,Varanasi,<25K,New,Verified
U00137,2026-06-07,45-54,Male,Kerala,Kochi,2L+,Frequent,Verified
U00138,2023-11-16,25-34,Male,Delhi,New Delhi,2L+,Regular,Verified
U00139,2022-08-26,25-34,Male,Maharashtra,Nagpur,2L+,Frequent,Verified
U00140,2021-01-03,25-34,Female,Delhi,Delhi,2L+,Regular,Verified
U00141,2020-08-20,35-44,Female,Gujarat,Surat,1L-2L,New,Verified
U00142,2026-02-20,35-44,Male,Delhi,New Delhi,50K-1L,Regular,Verified
U00143,2022-06-25,25-34,Male,Maharashtra,Mumbai,1L-2L,Regular,Verified
U00144,2022-07-09,25-34,Male,Gujarat,Vadodara,50K-1L,Regular,Verified
U00145,2021-11-19,25-34,Female,Madhya Pradesh,Jabalpur,<25K,Regular,Verified
U00146,2020-06-25,55+,Female,West Bengal,Kolkata,25K-50K,Frequent,Verified
U00147,2026-03-14,25-34,Male,West Bengal,Siliguri,2L+,Frequent,Verified
U00148,2022-10-31,35-44,Female,Kerala,Thiruvananthapuram,25K-50K,Frequent,Verified
U00149,2024-01-09,35-44,Male,Rajasthan,Udaipur,1L-2L,New,Verified
U00150,2021-09-21,25-34,Male,Madhya Pradesh,Bhopal,<25K,New,Verified
U00151,2020-06-12,35-44,Male,Madhya Pradesh,Bhopal,25K-50K,New,Pending
U00152,2025-10-01,45-54,Female,Punjab,Ludhiana,25K-50K,Regular,Verified
U00153,2026-03-15,25-34,Male,Delhi,Delhi,<25K,Regular,Verified
U00154,2022-04-03,55+,Female,West Bengal,Siliguri,<25K,Regular,Verified
U00155,2020-02-25,25-34,Female,Maharashtra,Nagpur,<25K,Regular,Verified
U00156,2020-04-27,18-24,Male,Tamil Nadu,Madurai,1L-2L,Frequent,Verified
U00157,2022-03-08,45-54,Male,Tamil Nadu,Chennai,<25K,Frequent,Verified
U00158,2022-02-18,45-54,Male,Gujarat,Vadodara,25K-50K,New,Verified
U00159,2023-12-09,55+,Female,West Bengal,Siliguri,<25K,Frequent,Verified
U00160,2025-03-08,35-44,Female,West Bengal,Kolkata,50K-1L,Regular,Verified
U00161,2021-12-08,55+,Female,Kerala,Thiruvananthapuram,50K-1L,Regular,Verified
U00162,2023-01-08,45-54,Female,Tamil Nadu,Coimbatore,50K-1L,Frequent,Verified
U00163,2020-01-22,45-54,Male,West Bengal,Siliguri,25K-50K,New,Verified
U00164,2024-02-09,35-44,Female,Kerala,Thiruvananthapuram,25K-50K,Frequent,Verified
U00165,2022-04-22,25-34,Male,Delhi,New Delhi,50K-1L,Regular,Verified
U00166,2024-10-26,55+,Female,Uttar Pradesh,Lucknow,1L-2L,Frequent,Verified
U00167,2023-01-21,25-34,Female,Punjab,Amritsar,<25K,Frequent,Verified
U00168,2020-07-10,25-34,Other,Karnataka,Bengaluru,25K-50K,Regular,Verified
U00169,2022-10-15,25-34,Female,Madhya Pradesh,Bhopal,25K-50K,New,Verified
U00170,2023-01-31,35-44,Female,Rajasthan,Jodhpur,<25K,New,Verified
U00171,2021-01-30,25-34,Female,Gujarat,Vadodara,50K-1L,Regular,Pending
U00172,2022-10-15,18-24,Female,Uttar Pradesh,Lucknow,50K-1L,New,Verified
U00173,2021-07-20,45-54,Male,Punjab,Chandigarh,25K-50K,Frequent,Pending
U00174,2020-08-18,25-34,Female,Punjab,Chandigarh,25K-50K,Regular,Verified
U00175,2022-05-23,35-44,Male,Punjab,Ludhiana,2L+,Frequent,Verified
U00176,2020-08-27,18-24,Male,Punjab,Amritsar,1L-2L,Regular,Pending
U00177,2020-03-30,18-24,Male,Tamil Nadu,Madurai,1L-2L,New,Verified
U00178,2026-03-29,25-34,Female,Kerala,Kochi,25K-50K,Regular,Verified
U00179,2021-04-01,35-44,Male,Madhya Pradesh,Jabalpur,50K-1L,Regular,Verified
U00180,2026-03-30,18-24,Female,West Bengal,Kolkata,25K-50K,Regular,Verified
U00181,2020-12-19,45-54,Male,Punjab,Chandigarh,<25K,Regular,Verified
U00182,2022-10-01,25-34,Male,Rajasthan,Jodhpur,25K-50K,New,Verified
U00183,2023-09-18,25-34,Female,West Bengal,Siliguri,50K-1L,Regular,Verified
U00184,2021-03-14,25-34,Male,Maharashtra,Mumbai,25K-50K,Regular,Verified
U00185,2023-10-30,18-24,Male,Maharashtra,Mumbai,1L-2L,Frequent,Verified
U00186,2020-12-10,35-44,Male,Rajasthan,Jaipur,<25K,Frequent,Verified
U00187,2021-10-18,45-54,Female,Kerala,Kochi,25K-50K,New,Pending
U00188,2025-12-17,35-44,Male,Rajasthan,Jodhpur,<25K,New,Verified
U00189,2025-12-28,25-34,Male,Tamil Nadu,Madurai,25K-50K,Regular,Verified
U00190,2023-01-21,25-34,Female,Rajasthan,Jaipur,<25K,Frequent,Verified
U00191,2021-09-17,25-34,Male,Delhi,New Delhi,25K-50K,Regular,Verified
U00192,2020-10-10,55+,Female,West Bengal,Siliguri,25K-50K,Regular,Verified
U00193,2025-06-02,25-34,Female,Uttar Pradesh,Kanpur,25K-50K,New,Pending
U00194,2024-08-05,35-44,Male,Telangana,Warangal,50K-1L,Regular,Verified
U00195,2020-08-10,25-34,Male,Kerala,Kochi,25K-50K,Regular,Verified
U00196,2022-01-13,25-34,Male,Rajasthan,Jaipur,50K-1L,Regular,Pending
U00197,2021-04-07,25-34,Male,Gujarat,Vadodara,50K-1L,Regular,Pending
U00198,2024-04-17,18-24,Female,Maharashtra,Pune,25K-50K,Regular,Verified
U00199,2024-09-01,45-54,Female,Delhi,Delhi,1L-2L,New,Verified
U00200,2023-03-09,25-34,Male,Madhya Pradesh,Jabalpur,50K-1L,Regular,Verified
U00201,2024-10-02,35-44,Female,Punjab,Amritsar,25K-50K,Frequent,Verified
U00202,2022-11-12,18-24,Male,Telangana,Warangal,2L+,Regular,Verified
U00203,2021-10-26,55+,Male,Kerala,Thiruvananthapuram,1L-2L,Frequent,Verified
U00204,2023-09-18,25-34,Female,Uttar Pradesh,Lucknow,2L+,Regular,Verified
U00205,2022-10-11,45-54,Female,Telangana,Warangal,50K-1L,Regular,Verified
U00206,2025-11-02,45-54,Male,Rajasthan,Jodhpur,25K-50K,New,Verified
U00207,2022-11-20,55+,Male,Tamil Nadu,Madurai,25K-50K,Regular,Pending
U00208,2024-10-30,25-34,Male,Maharashtra,Nashik,50K-1L,Regular,Verified
U00209,2026-04-06,35-44,Male,Maharashtra,Nagpur,2L+,Regular,Verified
U00210,2025-03-28,25-34,Male,Madhya Pradesh,Bhopal,50K-1L,Frequent,Verified
U00211,2020-12-28,25-34,Female,Tamil Nadu,Madurai,1L-2L,Regular,Verified
U00212,2023-11-13,25-34,Female,Punjab,Chandigarh,25K-50K,New,Pending
U00213,2021-10-29,18-24,Female,West Bengal,Siliguri,25K-50K,Frequent,Verified
U00214,2025-02-23,55+,Female,Karnataka,Bengaluru,1L-2L,Regular,Verified
U00215,2023-10-26,18-24,Female,Delhi,New Delhi,1L-2L,Regular,Pending
U00216,2020-04-08,35-44,Female,Maharashtra,Mumbai,2L+,Regular,Pending
U00217,2025-09-25,35-44,Female,Gujarat,Surat,1L-2L,Regular,Verified
U00218,2021-02-25,25-34,Female,Maharashtra,Nagpur,25K-50K,New,Verified
U00219,2024-02-12,35-44,Male,Telangana,Hyderabad,50K-1L,Regular,Verified
U00220,2020-03-02,18-24,Male,Maharashtra,Nashik,1L-2L,Regular,Verified
U00221,2023-02-06,35-44,Female,Kerala,Kochi,50K-1L,Regular,Pending
U00222,2024-08-29,25-34,Male,Maharashtra,Mumbai,25K-50K,New,Verified
U00223,2021-08-20,55+,Female,Karnataka,Mangaluru,25K-50K,New,Verified
U00224,2021-01-26,35-44,Male,Karnataka,Mangaluru,50K-1L,New,Verified
U00225,2022-12-11,55+,Female,Punjab,Chandigarh,<25K,Regular,Verified
U00226,2023-08-05,18-24,Male,Uttar Pradesh,Noida,50K-1L,Frequent,Verified
U00227,2025-07-22,25-34,Female,West Bengal,Siliguri,<25K,New,Verified
U00228,2022-03-20,25-34,Male,Gujarat,Ahmedabad,25K-50K,Regular,Verified
U00229,2023-11-06,18-24,Female,Maharashtra,Nagpur,1L-2L,Regular,Pending
U00230,2023-03-05,25-34,Male,Maharashtra,Mumbai,25K-50K,Frequent,Verified
U00231,2024-03-11,35-44,Female,Delhi,Delhi,1L-2L,New,Verified
U00232,2023-10-17,25-34,Female,Karnataka,Mangaluru,25K-50K,New,Verified
U00233,2022-05-30,25-34,Male,Gujarat,Vadodara,2L+,New,Verified
U00234,2024-05-18,45-54,Female,Punjab,Chandigarh,25K-50K,Frequent,Verified
U00235,2020-09-10,35-44,Male,Madhya Pradesh,Bhopal,<25K,Regular,Verified
U00236,2025-08-29,25-34,Female,Uttar Pradesh,Noida,1L-2L,New,Verified
U00237,2023-03-14,25-34,Male,West Bengal,Kolkata,1L-2L,Regular,Verified
U00238,2023-05-16,25-34,Male,Tamil Nadu,Chennai,25K-50K,New,Verified
U00239,2020-06-14,18-24,Female,West Bengal,Kolkata,2L+,New,Verified
U00240,2024-04-22,35-44,Female,Kerala,Kochi,50K-1L,Frequent,Verified
U00241,2021-09-08,25-34,Male,Telangana,Hyderabad,2L+,Regular,Verified
U00242,2024-06-13,45-54,Male,Kerala,Kochi,50K-1L,Regular,Verified
U00243,2021-05-17,35-44,Male,Maharashtra,Mumbai,25K-50K,Regular,Verified
U00244,2022-07-01,35-44,Female,Uttar Pradesh,Varanasi,25K-50K,Regular,Verified
U00245,2025-10-27,25-34,Male,Telangana,Warangal,25K-50K,Regular,Verified
U00246,2021-08-07,25-34,Female,Gujarat,Surat,50K-1L,Regular,Verified
U00247,2025-05-12,35-44,Female,Tamil Nadu,Chennai,25K-50K,Regular,Verified
U00248,2021-01-30,25-34,Male,Karnataka,Mysuru,<25K,New,Verified
U00249,2024-06-19,25-34,Female,Uttar Pradesh,Varanasi,25K-50K,Regular,Verified
U00250,2025-02-23,25-34,Female,Uttar Pradesh,Noida,25K-50K,Frequent,Verified
U00251,2021-02-05,18-24,Female,Kerala,Kochi,1L-2L,New,Verified
U00252,2022-09-01,35-44,Male,Maharashtra,Pune,50K-1L,Frequent,Verified
U00253,2020-08-11,25-34,Male,Rajasthan,Jodhpur,1L-2L,New,Verified
U00254,2021-06-01,25-34,Male,Punjab,Chandigarh,2L+,Regular,Verified
U00255,2020-08-23,25-34,Male,Kerala,Kochi,50K-1L,Regular,Verified
U00256,2020-04-25,35-44,Male,Uttar Pradesh,Noida,2L+,Regular,Pending
U00257,2020-08-13,45-54,Male,Delhi,New Delhi,25K-50K,New,Verified
U00258,2026-03-27,45-54,Female,Tamil Nadu,Madurai,<25K,Frequent,Verified
U00259,2020-06-30,25-34,Female,Punjab,Amritsar,25K-50K,Frequent,Verified
U00260,2023-09-03,18-24,Female,Kerala,Thiruvananthapuram,25K-50K,New,Verified
U00261,2020-07-28,25-34,Female,Tamil Nadu,Madurai,1L-2L,Frequent,Verified
U00262,2023-11-16,35-44,Male,Delhi,New Delhi,50K-1L,Regular,Verified
U00263,2025-11-13,35-44,Female,Madhya Pradesh,Indore,25K-50K,Frequent,Verified
U00264,2022-06-12,35-44,Female,Delhi,Delhi,50K-1L,New,Verified
U00265,2025-02-24,18-24,Male,Delhi,New Delhi,50K-1L,Frequent,Verified
U00266,2023-01-14,35-44,Male,Tamil Nadu,Madurai,<25K,New,Pending
U00267,2025-07-19,25-34,Male,West Bengal,Kolkata,50K-1L,Frequent,Verified
U00268,2021-01-28,35-44,Female,Tamil Nadu,Madurai,1L-2L,Regular,Pending
U00269,2022-04-23,25-34,Female,Rajasthan,Jodhpur,1L-2L,Regular,Verified
U00270,2024-03-04,35-44,Female,Maharashtra,Mumbai,50K-1L,New,Verified
U00271,2021-08-26,18-24,Female,Telangana,Hyderabad,25K-50K,Frequent,Pending
U00272,2021-08-04,25-34,Female,West Bengal,Siliguri,<25K,Regular,Verified
U00273,2025-08-04,35-44,Male,Karnataka,Mysuru,25K-50K,Regular,Verified
U00274,2025-04-23,25-34,Female,Telangana,Warangal,1L-2L,Regular,Verified
U00275,2020-05-12,45-54,Female,Maharashtra,Nagpur,25K-50K,Frequent,Verified
U00276,2026-03-18,35-44,Female,Kerala,Kochi,25K-50K,Regular,Pending
U00277,2022-09-02,35-44,Male,Punjab,Chandigarh,2L+,New,Verified
U00278,2024-12-18,25-34,Male,Rajasthan,Jaipur,1L-2L,Frequent,Verified
U00279,2024-03-23,25-34,Male,Rajasthan,Jodhpur,50K-1L,Regular,Verified
U00280,2023-09-19,35-44,Female,Karnataka,Mysuru,<25K,Regular,Verified
U00281,2020-02-08,25-34,Female,West Bengal,Siliguri,<25K,New,Verified
U00282,2023-08-09,35-44,Female,Madhya Pradesh,Bhopal,<25K,Frequent,Verified
U00283,2020-06-10,25-34,Female,Delhi,New Delhi,50K-1L,New,Verified
U00284,2025-03-24,25-34,Male,West Bengal,Kolkata,<25K,Regular,Verified
U00285,2023-02-01,25-34,Male,Punjab,Ludhiana,1L-2L,Frequent,Verified
U00286,2026-01-17,18-24,Male,Madhya Pradesh,Bhopal,2L+,New,Verified
U00287,2024-07-16,25-34,Male,Rajasthan,Udaipur,25K-50K,Frequent,Verified
U00288,2025-05-17,35-44,Male,Tamil Nadu,Coimbatore,25K-50K,Regular,Verified
U00289,2022-11-23,45-54,Female,Punjab,Amritsar,50K-1L,Regular,Verified
U00290,2026-04-08,25-34,Other,Maharashtra,Nashik,2L+,Regular,Verified
U00291,2022-08-24,55+,Female,Karnataka,Bengaluru,1L-2L,Regular,Verified
U00292,2022-06-08,25-34,Male,Maharashtra,Nagpur,<25K,Regular,Verified
U00293,2025-11-30,45-54,Female,Punjab,Chandigarh,<25K,New,Verified
U00294,2026-06-23,35-44,Female,Gujarat,Vadodara,1L-2L,Frequent,Verified
U00295,2025-09-01,35-44,Male,Gujarat,Vadodara,50K-1L,New,Verified
U00296,2024-07-24,18-24,Female,Kerala,Thiruvananthapuram,<25K,Frequent,Verified
U00297,2023-12-12,25-34,Female,West Bengal,Siliguri,50K-1L,New,Verified
U00298,2022-12-03,18-24,Female,Rajasthan,Udaipur,1L-2L,Regular,Pending
U00299,2020-05-07,35-44,Female,Rajasthan,Udaipur,25K-50K,Frequent,Verified
U00300,2020-06-06,25-34,Male,Delhi,Delhi,1L-2L,New,Pending
U00301,2022-04-06,45-54,Male,Delhi,New Delhi,<25K,Frequent,Verified
U00302,2025-03-05,25-34,Female,Delhi,Delhi,1L-2L,Regular,Verified
U00303,2021-05-26,45-54,Female,Tamil Nadu,Coimbatore,50K-1L,Regular,Verified
U00304,2025-09-23,18-24,Male,Telangana,Warangal,25K-50K,Regular,Verified
U00305,2026-03-16,18-24,Female,Uttar Pradesh,Lucknow,50K-1L,Regular,Verified
U00306,2021-03-18,25-34,Female,Telangana,Hyderabad,1L-2L,Regular,Verified
U00307,2026-06-20,25-34,Female,Maharashtra,Pune,2L+,Regular,Verified
U00308,2026-02-02,25-34,Male,Telangana,Hyderabad,25K-50K,Regular,Verified
U00309,2026-03-25,35-44,Female,Tamil Nadu,Chennai,50K-1L,New,Verified
U00310,2024-09-22,18-24,Female,Kerala,Thiruvananthapuram,50K-1L,Frequent,Verified
U00311,2025-06-29,25-34,Male,Maharashtra,Pune,50K-1L,Frequent,Verified
U00312,2024-08-22,45-54,Female,Telangana,Warangal,1L-2L,Regular,Verified
U00313,2020-09-23,18-24,Male,Tamil Nadu,Coimbatore,<25K,Regular,Verified
U00314,2022-04-17,55+,Female,Uttar Pradesh,Noida,25K-50K,Regular,Verified
U00315,2021-05-03,55+,Female,Telangana,Hyderabad,50K-1L,Regular,Pending
U00316,2021-12-02,18-24,Female,Tamil Nadu,Madurai,<25K,Regular,Verified
U00317,2021-11-17,25-34,Female,Delhi,Delhi,1L-2L,Frequent,Verified
U00318,2022-09-22,25-34,Male,Rajasthan,Jaipur,50K-1L,New,Verified
U00319,2020-12-22,35-44,Male,Delhi,Delhi,25K-50K,Regular,Verified
U00320,2022-05-21,35-44,Female,Rajasthan,Udaipur,1L-2L,Frequent,Verified
U00321,2025-05-27,35-44,Female,Karnataka,Mysuru,25K-50K,Regular,Verified
U00322,2026-03-01,35-44,Female,Karnataka,Bengaluru,50K-1L,Frequent,Pending
U00323,2021-07-05,18-24,Male,Karnataka,Mangaluru,<25K,Regular,Verified
U00324,2024-12-15,45-54,Male,Uttar Pradesh,Varanasi,25K-50K,Regular,Verified
U00325,2020-11-18,35-44,Female,Delhi,Delhi,<25K,Frequent,Pending
U00326,2026-02-06,35-44,Male,Rajasthan,Udaipur,50K-1L,Regular,Verified
U00327,2020-03-23,45-54,Male,Tamil Nadu,Madurai,25K-50K,Regular,Verified
U00328,2026-06-08,35-44,Male,Maharashtra,Nagpur,25K-50K,New,Verified
U00329,2020-09-18,25-34,Female,Tamil Nadu,Chennai,25K-50K,Frequent,Verified
U00330,2022-02-22,25-34,Female,Maharashtra,Nagpur,25K-50K,Regular,Verified
U00331,2023-05-08,25-34,Female,Gujarat,Vadodara,2L+,Regular,Verified
U00332,2022-07-02,18-24,Male,Tamil Nadu,Madurai,<25K,Regular,Verified
U00333,2022-08-01,55+,Male,Telangana,Hyderabad,1L-2L,Regular,Verified
U00334,2023-08-11,18-24,Male,Telangana,Hyderabad,50K-1L,New,Verified
U00335,2024-03-15,35-44,Female,West Bengal,Siliguri,50K-1L,Regular,Verified
U00336,2021-11-19,25-34,Female,Delhi,Delhi,25K-50K,Regular,Verified
U00337,2024-11-07,18-24,Female,Maharashtra,Nagpur,2L+,New,Verified
U00338,2022-04-18,55+,Male,Maharashtra,Mumbai,25K-50K,Frequent,Pending
U00339,2022-05-27,45-54,Female,Punjab,Chandigarh,50K-1L,Regular,Verified
U00340,2020-02-18,25-34,Female,Kerala,Kochi,2L+,Regular,Verified
U00341,2020-10-19,25-34,Male,Delhi,Delhi,1L-2L,Regular,Pending
U00342,2024-07-09,18-24,Female,Uttar Pradesh,Lucknow,50K-1L,Regular,Verified
U00343,2021-06-19,25-34,Female,West Bengal,Siliguri,2L+,Frequent,Pending
U00344,2020-11-06,25-34,Female,Uttar Pradesh,Lucknow,50K-1L,New,Verified
U00345,2021-06-20,25-34,Male,Uttar Pradesh,Kanpur,25K-50K,Regular,Verified
U00346,2025-04-10,55+,Male,Uttar Pradesh,Kanpur,25K-50K,New,Verified
U00347,2020-08-21,35-44,Male,Delhi,New Delhi,25K-50K,Frequent,Verified
U00348,2023-05-17,45-54,Male,Uttar Pradesh,Lucknow,25K-50K,Regular,Verified
U00349,2025-11-11,35-44,Male,Telangana,Warangal,1L-2L,Regular,Verified
U00350,2026-03-22,25-34,Male,Kerala,Kochi,50K-1L,Regular,Verified
U00351,2022-08-24,45-54,Male,Kerala,Kochi,<25K,Frequent,Verified
U00352,2022-06-08,25-34,Male,Karnataka,Bengaluru,1L-2L,Regular,Verified
U00353,2025-08-20,45-54,Female,Gujarat,Surat,25K-50K,Frequent,Verified
U00354,2020-02-04,25-34,Female,Maharashtra,Pune,2L+,New,Verified
U00355,2021-03-22,18-24,Female,Punjab,Chandigarh,2L+,Regular,Pending
U00356,2024-10-29,45-54,Male,Maharashtra,Mumbai,2L+,Frequent,Verified
U00357,2024-04-07,35-44,Male,Gujarat,Vadodara,1L-2L,Regular,Verified
U00358,2021-08-17,45-54,Male,Punjab,Ludhiana,25K-50K,New,Verified
U00359,2025-07-18,55+,Female,Delhi,New Delhi,50K-1L,Frequent,Verified
U00360,2026-03-26,18-24,Female,Tamil Nadu,Coimbatore,25K-50K,Regular,Verified
U00361,2020-12-09,25-34,Female,Delhi,Delhi,25K-50K,New,Verified
U00362,2023-01-08,25-34,Male,Maharashtra,Mumbai,50K-1L,Regular,Verified
U00363,2023-11-20,35-44,Female,Maharashtra,Nagpur,<25K,Regular,Verified
U00364,2023-08-06,45-54,Male,Punjab,Amritsar,2L+,Frequent,Verified
U00365,2024-01-18,25-34,Female,Punjab,Chandigarh,1L-2L,Regular,Verified
U00366,2023-02-25,35-44,Female,Gujarat,Surat,25K-50K,Regular,Verified
U00367,2025-04-05,35-44,Male,Uttar Pradesh,Noida,50K-1L,Regular,Verified
U00368,2023-10-14,18-24,Female,Delhi,New Delhi,25K-50K,Regular,Verified
U00369,2025-10-23,45-54,Female,Punjab,Amritsar,1L-2L,Frequent,Verified
U00370,2024-04-18,35-44,Male,Rajasthan,Udaipur,50K-1L,Frequent,Verified
U00371,2025-03-09,55+,Female,Gujarat,Vadodara,25K-50K,Regular,Verified
U00372,2026-02-21,25-34,Other,Telangana,Warangal,25K-50K,New,Verified
U00373,2025-02-09,18-24,Male,Maharashtra,Pune,25K-50K,Frequent,Verified
U00374,2020-01-29,25-34,Female,Gujarat,Surat,2L+,New,Verified
U00375,2021-12-06,18-24,Male,Delhi,Delhi,<25K,New,Verified
U00376,2022-10-17,55+,Female,Punjab,Amritsar,<25K,New,Verified
U00377,2025-08-25,18-24,Male,Maharashtra,Nashik,1L-2L,New,Verified
U00378,2023-12-17,35-44,Male,Tamil Nadu,Madurai,1L-2L,Frequent,Verified
U00379,2024-07-17,25-34,Male,Gujarat,Ahmedabad,1L-2L,Regular,Verified
U00380,2022-08-24,25-34,Female,West Bengal,Siliguri,50K-1L,Frequent,Verified
U00381,2026-03-26,18-24,Female,Maharashtra,Nagpur,50K-1L,New,Verified
U00382,2021-07-26,35-44,Female,Delhi,New Delhi,50K-1L,Regular,Verified
U00383,2024-05-25,35-44,Male,Karnataka,Mysuru,<25K,Frequent,Verified
U00384,2021-09-06,25-34,Male,Rajasthan,Jaipur,50K-1L,Frequent,Verified
U00385,2020-11-21,45-54,Female,Madhya Pradesh,Jabalpur,<25K,Regular,Verified
U00386,2020-12-24,25-34,Male,Uttar Pradesh,Varanasi,25K-50K,New,Verified
U00387,2024-12-15,25-34,Female,Madhya Pradesh,Jabalpur,2L+,Frequent,Verified
U00388,2026-06-29,35-44,Female,Delhi,Delhi,25K-50K,Regular,Verified
U00389,2024-09-17,18-24,Female,Telangana,Warangal,2L+,Regular,Pending
U00390,2023-09-11,55+,Female,Telangana,Warangal,25K-50K,Regular,Verified
U00391,2020-06-13,25-34,Female,Karnataka,Bengaluru,25K-50K,Regular,Verified
U00392,2024-05-15,18-24,Male,Uttar Pradesh,Noida,50K-1L,Regular,Pending
U00393,2024-06-15,25-34,Female,West Bengal,Siliguri,1L-2L,Regular,Verified
U00394,2023-03-22,35-44,Female,Karnataka,Mysuru,50K-1L,New,Verified
U00395,2023-02-24,25-34,Male,Kerala,Kochi,1L-2L,Regular,Verified
U00396,2020-07-11,35-44,Female,Madhya Pradesh,Indore,<25K,Regular,Verified
U00397,2020-04-01,18-24,Male,Karnataka,Bengaluru,2L+,Regular,Verified
U00398,2020-05-18,25-34,Female,Madhya Pradesh,Indore,<25K,Regular,Verified
U00399,2021-04-25,45-54,Male,Maharashtra,Nashik,1L-2L,New,Verified
U00400,2023-09-18,18-24,Male,Telangana,Warangal,25K-50K,Regular,Verified
U00401,2020-12-05,45-54,Female,Maharashtra,Mumbai,1L-2L,Frequent,Verified
U00402,2022-12-11,18-24,Male,Rajasthan,Udaipur,50K-1L,Regular,Verified
U00403,2022-03-09,45-54,Male,Kerala,Thiruvananthapuram,<25K,Regular,Verified
U00404,2021-04-19,25-34,Male,Uttar Pradesh,Varanasi,1L-2L,Regular,Verified
U00405,2024-01-02,35-44,Female,West Bengal,Kolkata,25K-50K,New,Verified
U00406,2021-08-27,18-24,Female,Madhya Pradesh,Bhopal,25K-50K,Frequent,Verified
U00407,2022-03-31,18-24,Male,West Bengal,Siliguri,1L-2L,Regular,Verified
U00408,2021-08-20,25-34,Male,Madhya Pradesh,Bhopal,<25K,Frequent,Verified
U00409,2024-03-12,18-24,Female,Delhi,New Delhi,25K-50K,New,Verified
U00410,2021-05-28,25-34,Female,Karnataka,Mangaluru,50K-1L,New,Verified
U00411,2024-03-06,25-34,Female,Rajasthan,Jodhpur,1L-2L,Regular,Verified
U00412,2025-02-20,35-44,Female,Telangana,Warangal,<25K,Regular,Verified
U00413,2024-08-26,45-54,Female,Punjab,Amritsar,50K-1L,Frequent,Verified
U00414,2022-10-26,35-44,Female,Madhya Pradesh,Jabalpur,50K-1L,New,Pending
U00415,2021-05-14,35-44,Female,West Bengal,Kolkata,1L-2L,Regular,Pending
U00416,2024-08-11,25-34,Female,Rajasthan,Jodhpur,2L+,New,Verified
U00417,2021-12-17,25-34,Male,Tamil Nadu,Coimbatore,1L-2L,Frequent,Verified
U00418,2023-02-15,25-34,Female,Tamil Nadu,Coimbatore,50K-1L,Frequent,Verified
U00419,2024-02-17,45-54,Female,Maharashtra,Mumbai,25K-50K,Regular,Verified
U00420,2021-10-27,25-34,Female,Telangana,Warangal,<25K,New,Verified
U00421,2026-01-17,18-24,Male,Punjab,Amritsar,50K-1L,Regular,Verified
U00422,2026-05-06,35-44,Male,Delhi,Delhi,2L+,New,Verified
U00423,2022-12-15,25-34,Male,West Bengal,Siliguri,50K-1L,New,Verified
U00424,2020-08-15,45-54,Female,Punjab,Amritsar,<25K,Regular,Verified
U00425,2020-05-28,45-54,Male,Karnataka,Mangaluru,25K-50K,Frequent,Verified
U00426,2022-12-05,18-24,Female,Karnataka,Mysuru,50K-1L,Frequent,Verified
U00427,2023-03-13,18-24,Female,West Bengal,Kolkata,50K-1L,Regular,Verified
U00428,2021-09-23,25-34,Male,Uttar Pradesh,Lucknow,50K-1L,Regular,Verified
U00429,2023-09-25,35-44,Male,Delhi,New Delhi,50K-1L,Frequent,Verified
U00430,2021-02-16,25-34,Male,Rajasthan,Jodhpur,25K-50K,Regular,Pending
U00431,2024-10-21,35-44,Male,Madhya Pradesh,Jabalpur,2L+,Regular,Verified
U00432,2021-06-03,35-44,Male,Uttar Pradesh,Kanpur,50K-1L,Frequent,Verified
U00433,2023-09-29,25-34,Female,Madhya Pradesh,Bhopal,25K-50K,New,Verified
U00434,2026-05-11,18-24,Female,Madhya Pradesh,Indore,25K-50K,New,Verified
U00435,2023-01-07,35-44,Female,Uttar Pradesh,Kanpur,2L+,Regular,Verified
U00436,2021-08-20,25-34,Male,Maharashtra,Pune,1L-2L,New,Verified
U00437,2024-07-17,45-54,Female,Tamil Nadu,Chennai,25K-50K,Regular,Pending
U00438,2024-08-12,25-34,Male,Madhya Pradesh,Bhopal,<25K,Regular,Verified
U00439,2025-11-30,35-44,Female,Uttar Pradesh,Lucknow,<25K,Regular,Verified
U00440,2025-12-28,45-54,Female,Uttar Pradesh,Noida,25K-50K,Frequent,Verified
U00441,2025-04-08,45-54,Female,Kerala,Kochi,50K-1L,New,Verified
U00442,2021-12-30,25-34,Female,Punjab,Ludhiana,50K-1L,Regular,Verified
U00443,2021-08-11,25-34,Male,Gujarat,Surat,50K-1L,New,Pending
U00444,2021-01-11,35-44,Female,Maharashtra,Nagpur,50K-1L,Regular,Verified
U00445,2023-11-08,25-34,Female,Telangana,Warangal,<25K,Regular,Verified
U00446,2025-02-12,25-34,Female,Gujarat,Ahmedabad,<25K,Regular,Verified
U00447,2022-01-20,45-54,Female,Punjab,Chandigarh,25K-50K,New,Verified
U00448,2021-09-18,25-34,Female,Punjab,Amritsar,<25K,Regular,Verified
U00449,2024-06-17,18-24,Female,Punjab,Chandigarh,<25K,Regular,Verified
U00450,2022-09-21,18-24,Male,Gujarat,Vadodara,50K-1L,New,Verified
U00451,2024-05-02,35-44,Female,West Bengal,Kolkata,1L-2L,Regular,Verified
U00452,2021-12-03,35-44,Female,Tamil Nadu,Madurai,1L-2L,Regular,Verified
U00453,2025-08-21,25-34,Male,Uttar Pradesh,Kanpur,1L-2L,Frequent,Verified
U00454,2023-03-25,25-34,Female,Tamil Nadu,Chennai,50K-1L,Frequent,Verified
U00455,2021-04-21,25-34,Female,Delhi,New Delhi,50K-1L,Regular,Verified
U00456,2021-02-04,35-44,Male,West Bengal,Siliguri,25K-50K,Frequent,Verified
U00457,2026-02-02,18-24,Female,Telangana,Hyderabad,2L+,Regular,Verified
U00458,2020-02-26,55+,Male,Tamil Nadu,Coimbatore,<25K,Frequent,Verified
U00459,2025-02-18,25-34,Male,Karnataka,Mangaluru,25K-50K,New,Verified
U00460,2021-03-23,55+,Male,Punjab,Ludhiana,25K-50K,Regular,Verified
U00461,2020-07-21,18-24,Male,Madhya Pradesh,Bhopal,2L+,Regular,Verified
U00462,2024-07-14,35-44,Female,Delhi,New Delhi,2L+,Regular,Verified
U00463,2022-01-07,25-34,Female,Maharashtra,Nashik,1L-2L,New,Verified
U00464,2020-07-20,18-24,Female,Telangana,Hyderabad,50K-1L,Regular,Verified
U00465,2023-09-15,45-54,Female,Delhi,New Delhi,50K-1L,Regular,Verified
U00466,2022-06-10,45-54,Male,Punjab,Amritsar,2L+,Regular,Verified
U00467,2020-08-03,25-34,Male,Madhya Pradesh,Jabalpur,50K-1L,Regular,Verified
U00468,2020-01-23,35-44,Male,West Bengal,Siliguri,2L+,Regular,Verified
U00469,2026-01-11,35-44,Male,Madhya Pradesh,Jabalpur,25K-50K,Frequent,Verified
U00470,2023-04-24,45-54,Female,Gujarat,Ahmedabad,25K-50K,Regular,Verified
U00471,2026-04-15,25-34,Male,Madhya Pradesh,Jabalpur,1L-2L,Frequent,Verified
U00472,2022-01-18,25-34,Male,Gujarat,Surat,<25K,Frequent,Verified
U00473,2022-03-15,25-34,Male,West Bengal,Siliguri,2L+,Regular,Verified
U00474,2020-05-13,25-34,Female,Rajasthan,Jodhpur,50K-1L,Regular,Verified
U00475,2020-11-16,45-54,Male,Punjab,Chandigarh,2L+,New,Verified
U00476,2021-03-09,18-24,Female,Gujarat,Vadodara,25K-50K,Frequent,Verified
U00477,2022-11-11,18-24,Male,Maharashtra,Mumbai,50K-1L,New,Verified
U00478,2022-05-22,35-44,Male,Madhya Pradesh,Bhopal,25K-50K,Regular,Verified
U00479,2025-09-29,35-44,Female,Madhya Pradesh,Indore,50K-1L,Regular,Verified
U00480,2026-02-01,25-34,Male,Maharashtra,Mumbai,50K-1L,Frequent,Verified
U00481,2020-09-09,25-34,Male,Karnataka,Bengaluru,2L+,Regular,Verified
U00482,2022-08-23,55+,Female,Uttar Pradesh,Lucknow,50K-1L,Frequent,Verified
U00483,2022-01-08,25-34,Male,Rajasthan,Jaipur,25K-50K,Regular,Verified
U00484,2023-02-03,35-44,Male,Telangana,Warangal,1L-2L,Regular,Verified
U00485,2023-09-01,35-44,Male,Gujarat,Vadodara,25K-50K,Regular,Verified
U00486,2020-10-28,25-34,Male,Maharashtra,Mumbai,25K-50K,Frequent,Verified
U00487,2025-05-31,55+,Male,West Bengal,Kolkata,<25K,Regular,Verified
U00488,2026-05-04,35-44,Male,Gujarat,Surat,1L-2L,Frequent,Verified
U00489,2021-07-04,25-34,Female,Uttar Pradesh,Noida,25K-50K,Frequent,Verified
U00490,2024-01-18,35-44,Female,West Bengal,Kolkata,25K-50K,Frequent,Verified
U00491,2023-08-08,35-44,Male,Delhi,Delhi,2L+,Regular,Verified
U00492,2024-05-06,35-44,Male,Punjab,Chandigarh,1L-2L,Regular,Pending
U00493,2024-12-27,45-54,Male,Madhya Pradesh,Indore,<25K,New,Verified
U00494,2024-12-29,25-34,Male,Delhi,New Delhi,1L-2L,Frequent,Verified
U00495,2023-03-10,25-34,Male,Gujarat,Vadodara,1L-2L,Frequent,Verified
U00496,2020-11-09,25-34,Female,Uttar Pradesh,Noida,<25K,Regular,Verified
U00497,2020-07-02,18-24,Other,Rajasthan,Jodhpur,1L-2L,Regular,Verified
U00498,2024-08-14,18-24,Female,Punjab,Amritsar,50K-1L,New,Verified
U00499,2021-12-13,45-54,Male,Gujarat,Ahmedabad,50K-1L,Frequent,Verified
U00500,2025-12-15,35-44,Male,Maharashtra,Pune,25K-50K,New,Pending
U00501,2023-08-03,35-44,Male,Tamil Nadu,Madurai,50K-1L,Frequent,Verified
U00502,2020-09-27,35-44,Female,Gujarat,Vadodara,<25K,Regular,Pending
U00503,2024-11-29,45-54,Male,Punjab,Ludhiana,1L-2L,Regular,Verified
U00504,2022-03-21,25-34,Male,Madhya Pradesh,Bhopal,<25K,Frequent,Verified
U00505,2020-07-16,45-54,Male,Madhya Pradesh,Bhopal,25K-50K,New,Pending
U00506,2022-12-15,25-34,Female,Gujarat,Surat,<25K,Regular,Verified
U00507,2023-05-11,55+,Male,West Bengal,Siliguri,1L-2L,Frequent,Verified
U00508,2024-07-02,35-44,Male,Tamil Nadu,Chennai,25K-50K,Regular,Verified
U00509,2021-09-19,25-34,Male,Maharashtra,Pune,25K-50K,Frequent,Verified
U00510,2021-08-26,35-44,Male,Gujarat,Vadodara,25K-50K,Frequent,Pending
U00511,2023-03-07,25-34,Female,West Bengal,Siliguri,1L-2L,New,Verified
U00512,2023-12-16,18-24,Female,Madhya Pradesh,Bhopal,25K-50K,New,Verified
U00513,2022-12-16,35-44,Male,Madhya Pradesh,Indore,1L-2L,Regular,Verified
U00514,2024-05-04,25-34,Female,Uttar Pradesh,Noida,<25K,Regular,Verified
U00515,2025-10-19,18-24,Male,Gujarat,Surat,<25K,Regular,Verified
U00516,2022-06-29,55+,Female,Tamil Nadu,Madurai,50K-1L,Frequent,Verified
U00517,2021-08-16,35-44,Male,Karnataka,Mysuru,2L+,New,Verified
U00518,2023-10-27,45-54,Female,Tamil Nadu,Madurai,<25K,Regular,Verified
U00519,2021-08-22,35-44,Male,Madhya Pradesh,Jabalpur,<25K,New,Pending
U00520,2021-05-28,25-34,Female,Madhya Pradesh,Indore,<25K,New,Verified
U00521,2025-03-10,25-34,Female,Delhi,New Delhi,50K-1L,Regular,Verified
U00522,2025-11-01,35-44,Female,Madhya Pradesh,Jabalpur,25K-50K,Frequent,Verified
U00523,2022-12-02,55+,Female,Maharashtra,Mumbai,1L-2L,New,Verified
U00524,2025-05-11,25-34,Other,Telangana,Hyderabad,<25K,Regular,Verified
U00525,2022-03-20,45-54,Female,Gujarat,Ahmedabad,<25K,Regular,Verified
U00526,2025-12-20,55+,Male,Tamil Nadu,Coimbatore,25K-50K,New,Verified
U00527,2022-12-24,35-44,Other,Telangana,Warangal,50K-1L,Regular,Verified
U00528,2020-10-16,55+,Male,West Bengal,Kolkata,50K-1L,Frequent,Verified
U00529,2022-02-07,25-34,Other,Karnataka,Mangaluru,<25K,Regular,Verified
U00530,2021-04-15,55+,Male,Maharashtra,Mumbai,2L+,New,Verified
U00531,2026-01-05,35-44,Male,Punjab,Chandigarh,25K-50K,Regular,Verified
U00532,2020-03-28,18-24,Male,Kerala,Thiruvananthapuram,50K-1L,Regular,Verified
U00533,2022-02-28,45-54,Female,Tamil Nadu,Chennai,50K-1L,New,Verified
U00534,2024-07-22,25-34,Female,Telangana,Warangal,25K-50K,New,Pending
U00535,2023-08-02,25-34,Male,Punjab,Chandigarh,1L-2L,New,Verified
U00536,2022-05-14,35-44,Male,Karnataka,Mangaluru,1L-2L,New,Verified
U00537,2023-07-17,18-24,Male,Delhi,Delhi,25K-50K,Regular,Verified
U00538,2020-01-24,25-34,Male,Punjab,Ludhiana,50K-1L,Regular,Verified
U00539,2025-03-01,45-54,Female,Maharashtra,Mumbai,25K-50K,Regular,Verified
U00540,2020-11-06,18-24,Male,Maharashtra,Nagpur,50K-1L,Frequent,Pending
U00541,2024-01-24,25-34,Female,Delhi,Delhi,25K-50K,Regular,Verified
U00542,2023-05-16,18-24,Female,Kerala,Thiruvananthapuram,1L-2L,Frequent,Pending
U00543,2021-12-06,25-34,Male,Gujarat,Ahmedabad,25K-50K,Regular,Verified
U00544,2023-09-21,35-44,Female,Punjab,Ludhiana,<25K,New,Verified
U00545,2021-02-25,45-54,Male,Delhi,New Delhi,25K-50K,Regular,Verified
U00546,2024-11-08,55+,Male,Maharashtra,Pune,<25K,Frequent,Verified
U00547,2026-06-26,35-44,Female,Maharashtra,Nashik,50K-1L,New,Verified
U00548,2022-08-04,25-34,Male,Telangana,Hyderabad,25K-50K,New,Verified
U00549,2023-04-01,55+,Male,Madhya Pradesh,Indore,1L-2L,Regular,Verified
U00550,2025-01-08,35-44,Female,Kerala,Kochi,25K-50K,Regular,Verified
U00551,2024-04-13,35-44,Female,Punjab,Ludhiana,50K-1L,Regular,Verified
U00552,2022-04-28,35-44,Male,Punjab,Ludhiana,50K-1L,New,Verified
U00553,2024-05-08,55+,Female,Karnataka,Mysuru,2L+,Regular,Pending
U00554,2023-08-11,35-44,Male,Delhi,Delhi,2L+,Regular,Verified
U00555,2025-09-20,25-34,Female,Karnataka,Mysuru,1L-2L,Regular,Verified
U00556,2025-05-01,35-44,Male,Delhi,New Delhi,1L-2L,Regular,Verified
U00557,2023-08-01,18-24,Male,West Bengal,Kolkata,25K-50K,Regular,Verified
U00558,2021-01-21,25-34,Female,Maharashtra,Nagpur,1L-2L,Regular,Verified
U00559,2025-07-28,25-34,Male,Madhya Pradesh,Bhopal,2L+,New,Verified
U00560,2023-03-07,18-24,Male,Telangana,Warangal,<25K,Regular,Verified
U00561,2025-07-18,18-24,Male,Madhya Pradesh,Jabalpur,50K-1L,New,Verified
U00562,2021-12-16,18-24,Male,Madhya Pradesh,Bhopal,25K-50K,Regular,Verified
U00563,2021-03-01,35-44,Male,Madhya Pradesh,Jabalpur,50K-1L,Regular,Pending
U00564,2023-12-10,45-54,Male,Karnataka,Mangaluru,25K-50K,New,Verified
U00565,2025-09-04,55+,Male,Delhi,New Delhi,50K-1L,Regular,Verified
U00566,2021-01-19,25-34,Male,Rajasthan,Jodhpur,50K-1L,New,Pending
U00567,2020-02-25,35-44,Female,West Bengal,Kolkata,2L+,New,Verified
U00568,2020-04-15,55+,Other,Tamil Nadu,Chennai,50K-1L,Regular,Verified
U00569,2021-10-31,18-24,Female,Madhya Pradesh,Indore,1L-2L,Frequent,Verified
U00570,2021-01-10,35-44,Female,Gujarat,Ahmedabad,25K-50K,Regular,Verified
U00571,2022-01-12,35-44,Female,Karnataka,Mangaluru,25K-50K,Regular,Verified
U00572,2022-08-24,18-24,Female,Kerala,Thiruvananthapuram,25K-50K,Regular,Pending
U00573,2020-11-03,45-54,Female,Telangana,Warangal,25K-50K,Regular,Verified
U00574,2025-11-08,45-54,Female,Tamil Nadu,Coimbatore,25K-50K,Frequent,Verified
U00575,2022-03-12,18-24,Female,Rajasthan,Jodhpur,50K-1L,Frequent,Pending
U00576,2020-04-19,18-24,Male,Gujarat,Ahmedabad,50K-1L,Frequent,Pending
U00577,2024-07-22,18-24,Female,Rajasthan,Udaipur,50K-1L,Frequent,Verified
U00578,2020-12-05,25-34,Female,Tamil Nadu,Madurai,25K-50K,New,Verified
U00579,2024-05-07,25-34,Female,Madhya Pradesh,Indore,25K-50K,Regular,Verified
U00580,2022-09-05,25-34,Female,Gujarat,Surat,50K-1L,Frequent,Verified
U00581,2025-03-30,25-34,Female,Rajasthan,Jaipur,<25K,Regular,Verified
U00582,2020-06-16,45-54,Male,Telangana,Warangal,25K-50K,Frequent,Verified
U00583,2021-07-10,25-34,Male,Delhi,Delhi,<25K,New,Verified
U00584,2022-06-23,18-24,Male,Maharashtra,Pune,<25K,Regular,Verified
U00585,2020-04-14,25-34,Male,Delhi,New Delhi,25K-50K,Frequent,Verified
U00586,2025-08-09,25-34,Female,Tamil Nadu,Madurai,<25K,Regular,Verified
U00587,2026-01-06,25-34,Female,Karnataka,Bengaluru,25K-50K,Regular,Verified
U00588,2020-05-25,25-34,Female,Maharashtra,Pune,50K-1L,New,Pending
U00589,2022-05-23,18-24,Male,West Bengal,Kolkata,<25K,Regular,Verified
U00590,2020-10-25,45-54,Female,Telangana,Warangal,25K-50K,Frequent,Verified
U00591,2024-10-02,55+,Male,West Bengal,Kolkata,1L-2L,Regular,Pending
U00592,2021-10-07,25-34,Female,Gujarat,Ahmedabad,1L-2L,New,Verified
U00593,2021-09-29,25-34,Female,Punjab,Chandigarh,25K-50K,New,Verified
U00594,2026-04-05,35-44,Other,Maharashtra,Nashik,2L+,Frequent,Verified
U00595,2022-02-22,35-44,Male,West Bengal,Kolkata,25K-50K,Regular,Verified
U00596,2022-06-15,25-34,Male,West Bengal,Kolkata,<25K,New,Verified
U00597,2021-01-05,45-54,Male,Rajasthan,Udaipur,2L+,New,Pending
U00598,2021-05-01,35-44,Male,Delhi,Delhi,1L-2L,Frequent,Verified
U00599,2025-07-30,25-34,Male,Rajasthan,Jodhpur,25K-50K,Frequent,Verified
U00600,2026-01-21,35-44,Male,Maharashtra,Mumbai,50K-1L,New,Verified
U00601,2023-09-22,55+,Female,Maharashtra,Nagpur,50K-1L,Regular,Verified
U00602,2020-07-10,45-54,Male,Tamil Nadu,Coimbatore,<25K,Frequent,Verified
U00603,2021-12-30,18-24,Male,Rajasthan,Jaipur,25K-50K,Regular,Verified
U00604,2026-03-11,25-34,Female,Uttar Pradesh,Lucknow,25K-50K,Frequent,Verified
U00605,2022-08-14,25-34,Male,Kerala,Thiruvananthapuram,1L-2L,Regular,Verified
U00606,2021-01-15,25-34,Male,Delhi,New Delhi,<25K,Regular,Verified
U00607,2022-03-08,35-44,Male,Maharashtra,Pune,1L-2L,Regular,Pending
U00608,2020-08-26,45-54,Female,Tamil Nadu,Madurai,<25K,Frequent,Verified
U00609,2023-01-10,35-44,Male,Punjab,Ludhiana,25K-50K,Regular,Verified
U00610,2023-10-18,55+,Male,Rajasthan,Jodhpur,50K-1L,New,Verified
U00611,2026-02-27,25-34,Male,Delhi,New Delhi,50K-1L,Regular,Verified
U00612,2024-03-07,45-54,Female,Punjab,Amritsar,<25K,Frequent,Verified
U00613,2024-07-25,35-44,Male,Rajasthan,Jaipur,25K-50K,Regular,Verified
U00614,2020-02-06,25-34,Female,West Bengal,Siliguri,50K-1L,Regular,Pending
U00615,2025-06-19,35-44,Male,Punjab,Chandigarh,<25K,Regular,Verified
U00616,2023-11-26,18-24,Female,Tamil Nadu,Chennai,<25K,New,Pending
U00617,2024-01-30,45-54,Male,Delhi,New Delhi,50K-1L,New,Pending
U00618,2023-05-09,25-34,Male,Madhya Pradesh,Bhopal,50K-1L,Regular,Verified
U00619,2025-07-15,25-34,Female,Gujarat,Ahmedabad,<25K,Regular,Verified
U00620,2022-04-12,35-44,Female,Gujarat,Ahmedabad,50K-1L,Regular,Verified
U00621,2021-08-19,35-44,Female,Delhi,Delhi,1L-2L,Frequent,Verified
U00622,2021-11-30,25-34,Female,Punjab,Chandigarh,<25K,Frequent,Verified
U00623,2024-07-04,18-24,Female,Rajasthan,Udaipur,50K-1L,Regular,Verified
U00624,2025-07-11,25-34,Other,Tamil Nadu,Chennai,<25K,Regular,Verified
U00625,2021-03-16,35-44,Male,Kerala,Kochi,<25K,New,Verified
U00626,2025-02-03,45-54,Male,Gujarat,Surat,<25K,New,Verified
U00627,2024-06-28,55+,Male,Tamil Nadu,Coimbatore,25K-50K,New,Verified
U00628,2024-03-09,25-34,Female,Gujarat,Vadodara,1L-2L,Regular,Verified
U00629,2026-06-25,35-44,Female,West Bengal,Kolkata,25K-50K,New,Verified
U00630,2022-12-30,25-34,Female,Rajasthan,Jodhpur,50K-1L,Regular,Verified
U00631,2021-07-21,35-44,Male,West Bengal,Kolkata,25K-50K,Regular,Pending
U00632,2020-08-23,25-34,Male,Gujarat,Vadodara,25K-50K,Regular,Verified
U00633,2023-07-28,25-34,Female,Madhya Pradesh,Indore,50K-1L,Regular,Pending
U00634,2023-03-31,35-44,Female,Madhya Pradesh,Indore,1L-2L,Regular,Verified
U00635,2022-10-29,18-24,Male,West Bengal,Siliguri,1L-2L,New,Verified
U00636,2025-10-08,35-44,Male,Madhya Pradesh,Bhopal,1L-2L,New,Verified
U00637,2025-01-14,45-54,Male,Gujarat,Ahmedabad,25K-50K,New,Verified
U00638,2020-08-12,25-34,Female,Delhi,New Delhi,1L-2L,New,Verified
U00639,2025-01-16,25-34,Male,West Bengal,Kolkata,25K-50K,Regular,Verified
U00640,2021-08-04,45-54,Female,Kerala,Thiruvananthapuram,50K-1L,Frequent,Pending
U00641,2020-06-17,35-44,Male,Kerala,Kochi,2L+,Regular,Verified
U00642,2024-01-05,25-34,Male,Karnataka,Mysuru,<25K,Regular,Pending
U00643,2020-01-14,25-34,Male,Punjab,Amritsar,25K-50K,Frequent,Verified
U00644,2026-01-20,35-44,Female,Rajasthan,Udaipur,50K-1L,New,Pending
U00645,2023-12-14,35-44,Female,Madhya Pradesh,Bhopal,50K-1L,New,Verified
U00646,2025-02-13,18-24,Male,Madhya Pradesh,Indore,<25K,Regular,Verified
U00647,2024-03-23,25-34,Female,Punjab,Ludhiana,2L+,Regular,Verified
U00648,2024-08-16,45-54,Male,Maharashtra,Nashik,50K-1L,Regular,Pending
U00649,2024-04-20,35-44,Male,Uttar Pradesh,Kanpur,<25K,Regular,Verified
U00650,2022-11-17,55+,Female,West Bengal,Siliguri,<25K,New,Verified
U00651,2024-09-27,35-44,Female,Telangana,Warangal,1L-2L,Regular,Verified
U00652,2021-03-21,55+,Female,Madhya Pradesh,Indore,<25K,New,Verified
U00653,2021-12-16,25-34,Male,Rajasthan,Jaipur,<25K,Frequent,Verified
U00654,2022-03-29,35-44,Male,Karnataka,Mangaluru,50K-1L,Frequent,Verified
U00655,2025-11-21,18-24,Male,Kerala,Kochi,50K-1L,Regular,Verified
U00656,2021-03-01,35-44,Female,Madhya Pradesh,Jabalpur,50K-1L,New,Verified
U00657,2023-01-29,25-34,Male,Karnataka,Bengaluru,25K-50K,Regular,Pending
U00658,2024-04-13,25-34,Male,Gujarat,Ahmedabad,1L-2L,New,Pending
U00659,2022-04-29,45-54,Female,Gujarat,Vadodara,2L+,Regular,Verified
U00660,2024-03-25,45-54,Male,Uttar Pradesh,Noida,25K-50K,Regular,Verified
U00661,2023-02-03,18-24,Male,Delhi,New Delhi,50K-1L,Frequent,Verified
U00662,2024-08-29,35-44,Male,Telangana,Warangal,2L+,Regular,Verified
U00663,2025-06-24,25-34,Male,Maharashtra,Nagpur,50K-1L,New,Verified
U00664,2020-10-03,25-34,Female,Uttar Pradesh,Kanpur,50K-1L,New,Verified
U00665,2024-12-11,45-54,Male,Tamil Nadu,Madurai,25K-50K,New,Verified
U00666,2026-02-13,25-34,Female,Maharashtra,Mumbai,50K-1L,New,Verified
U00667,2025-04-23,55+,Female,West Bengal,Siliguri,50K-1L,Frequent,Verified
U00668,2025-11-22,18-24,Female,Rajasthan,Jodhpur,50K-1L,New,Verified
U00669,2021-06-29,35-44,Female,Tamil Nadu,Coimbatore,2L+,Frequent,Verified
U00670,2020-04-19,35-44,Female,Tamil Nadu,Coimbatore,<25K,Regular,Verified
U00671,2021-06-28,25-34,Male,Uttar Pradesh,Noida,<25K,Regular,Verified
U00672,2022-01-12,25-34,Male,Punjab,Chandigarh,<25K,Regular,Verified
U00673,2026-06-22,45-54,Male,Delhi,New Delhi,50K-1L,Regular,Verified
U00674,2023-07-13,35-44,Female,Punjab,Chandigarh,<25K,Regular,Verified
U00675,2025-02-18,25-34,Female,Uttar Pradesh,Varanasi,50K-1L,Regular,Verified
U00676,2022-12-24,25-34,Male,West Bengal,Siliguri,25K-50K,Regular,Verified
U00677,2020-11-28,18-24,Male,Kerala,Thiruvananthapuram,25K-50K,Frequent,Verified
U00678,2024-03-16,25-34,Other,Madhya Pradesh,Bhopal,25K-50K,Regular,Verified
U00679,2023-03-02,25-34,Female,Madhya Pradesh,Indore,1L-2L,Regular,Verified
U00680,2021-08-14,18-24,Male,Delhi,New Delhi,50K-1L,Regular,Verified
U00681,2022-02-21,45-54,Female,West Bengal,Siliguri,2L+,New,Verified
U00682,2021-06-23,35-44,Male,Delhi,Delhi,50K-1L,New,Pending
U00683,2024-04-07,55+,Male,Karnataka,Bengaluru,<25K,New,Verified
U00684,2024-02-28,35-44,Male,Punjab,Amritsar,<25K,Regular,Verified
U00685,2021-09-10,55+,Other,Madhya Pradesh,Indore,2L+,Regular,Verified
U00686,2025-01-07,35-44,Female,Tamil Nadu,Chennai,50K-1L,Frequent,Verified
U00687,2022-09-18,35-44,Male,Punjab,Chandigarh,<25K,Regular,Verified
U00688,2025-11-16,55+,Female,Telangana,Warangal,50K-1L,New,Verified
U00689,2026-06-22,35-44,Male,Rajasthan,Udaipur,25K-50K,Regular,Verified
U00690,2025-12-10,18-24,Female,West Bengal,Kolkata,25K-50K,Regular,Verified
U00691,2024-06-04,35-44,Male,Maharashtra,Pune,<25K,Regular,Verified
U00692,2024-02-27,45-54,Male,Delhi,Delhi,1L-2L,Regular,Verified
U00693,2021-06-05,45-54,Female,Punjab,Chandigarh,<25K,Regular,Verified
U00694,2022-07-05,35-44,Female,Rajasthan,Udaipur,25K-50K,New,Verified
U00695,2021-12-17,35-44,Female,Punjab,Chandigarh,25K-50K,Regular,Verified
U00696,2026-06-20,55+,Male,Maharashtra,Nashik,<25K,Regular,Verified
U00697,2025-04-20,18-24,Female,Rajasthan,Jaipur,50K-1L,Regular,Verified
U00698,2021-07-13,35-44,Male,Telangana,Warangal,<25K,New,Pending
U00699,2022-08-26,25-34,Male,Maharashtra,Pune,25K-50K,Frequent,Verified
U00700,2022-12-13,35-44,Male,Uttar Pradesh,Varanasi,2L+,Regular,Verified
U00701,2022-06-08,35-44,Male,Gujarat,Ahmedabad,25K-50K,Regular,Verified
U00702,2022-03-03,18-24,Female,Uttar Pradesh,Kanpur,25K-50K,Frequent,Verified
U00703,2026-05-01,25-34,Male,Madhya Pradesh,Bhopal,25K-50K,Frequent,Verified
U00704,2022-09-08,35-44,Male,Punjab,Amritsar,50K-1L,Regular,Verified
U00705,2022-03-12,18-24,Other,Gujarat,Vadodara,1L-2L,New,Verified
U00706,2020-02-12,25-34,Male,Uttar Pradesh,Lucknow,<25K,Frequent,Verified
U00707,2024-05-28,45-54,Male,Gujarat,Vadodara,1L-2L,Regular,Verified
U00708,2024-11-12,25-34,Female,Kerala,Thiruvananthapuram,1L-2L,Regular,Verified
U00709,2020-12-15,25-34,Male,Punjab,Chandigarh,50K-1L,Frequent,Verified
U00710,2024-04-16,55+,Male,Gujarat,Vadodara,<25K,New,Verified
U00711,2023-02-03,25-34,Male,Tamil Nadu,Coimbatore,<25K,New,Verified
U00712,2025-08-10,25-34,Male,Delhi,New Delhi,50K-1L,Regular,Verified
U00713,2024-11-15,35-44,Female,Delhi,New Delhi,1L-2L,Frequent,Pending
U00714,2021-08-06,35-44,Male,Tamil Nadu,Madurai,50K-1L,Regular,Pending
U00715,2021-03-07,45-54,Other,Rajasthan,Udaipur,25K-50K,Regular,Verified
U00716,2025-04-16,45-54,Female,Karnataka,Mangaluru,<25K,Regular,Verified
U00717,2025-10-01,35-44,Male,Rajasthan,Udaipur,50K-1L,Regular,Verified
U00718,2023-09-10,25-34,Female,Maharashtra,Nashik,50K-1L,Frequent,Verified
U00719,2026-01-03,18-24,Male,Maharashtra,Pune,<25K,New,Verified
U00720,2025-07-23,25-34,Female,Gujarat,Surat,<25K,Regular,Verified
U00721,2023-04-04,18-24,Male,Uttar Pradesh,Noida,25K-50K,Frequent,Verified
U00722,2023-03-08,35-44,Female,Uttar Pradesh,Lucknow,50K-1L,Regular,Verified
U00723,2020-10-25,35-44,Male,Delhi,Delhi,50K-1L,Regular,Verified
U00724,2025-04-23,18-24,Female,West Bengal,Siliguri,1L-2L,New,Verified
U00725,2022-02-27,45-54,Female,Rajasthan,Udaipur,50K-1L,Frequent,Verified
U00726,2022-04-29,25-34,Male,Kerala,Kochi,<25K,Regular,Verified
U00727,2026-02-03,25-34,Female,Punjab,Chandigarh,50K-1L,Regular,Verified
U00728,2023-10-09,35-44,Male,Madhya Pradesh,Indore,2L+,Regular,Verified
U00729,2023-03-23,25-34,Other,Telangana,Hyderabad,1L-2L,Regular,Verified
U00730,2025-05-03,25-34,Male,Uttar Pradesh,Noida,1L-2L,Regular,Verified
U00731,2022-05-27,18-24,Male,Punjab,Chandigarh,25K-50K,Frequent,Verified
U00732,2023-02-12,25-34,Female,Telangana,Warangal,1L-2L,Regular,Verified
U00733,2024-04-26,35-44,Female,Punjab,Ludhiana,1L-2L,Regular,Pending
U00734,2024-07-04,45-54,Male,Gujarat,Vadodara,50K-1L,Regular,Verified
U00735,2025-03-18,25-34,Female,Telangana,Hyderabad,25K-50K,Regular,Verified
U00736,2023-10-14,25-34,Male,Madhya Pradesh,Indore,2L+,New,Verified
U00737,2020-05-24,35-44,Female,Punjab,Ludhiana,25K-50K,Frequent,Verified
U00738,2026-05-11,55+,Male,Tamil Nadu,Coimbatore,<25K,Regular,Verified
U00739,2023-04-17,25-34,Female,Madhya Pradesh,Jabalpur,<25K,Regular,Pending
U00740,2025-02-04,25-34,Male,Telangana,Warangal,50K-1L,New,Verified
U00741,2025-01-28,45-54,Female,Madhya Pradesh,Jabalpur,25K-50K,Frequent,Verified
U00742,2025-02-09,35-44,Female,Punjab,Chandigarh,<25K,Regular,Verified
U00743,2023-01-03,18-24,Male,Karnataka,Mysuru,50K-1L,Frequent,Verified
U00744,2023-02-25,35-44,Female,Punjab,Chandigarh,1L-2L,Frequent,Pending
U00745,2024-09-30,25-34,Male,Punjab,Chandigarh,50K-1L,Frequent,Verified
U00746,2021-07-21,25-34,Male,Gujarat,Vadodara,25K-50K,Frequent,Verified
U00747,2024-12-18,25-34,Female,Rajasthan,Jaipur,50K-1L,New,Verified
U00748,2021-06-14,45-54,Male,Tamil Nadu,Coimbatore,<25K,Frequent,Verified
U00749,2026-01-15,25-34,Female,Kerala,Kochi,25K-50K,New,Verified
U00750,2024-04-10,25-34,Male,Uttar Pradesh,Noida,25K-50K,Frequent,Verified
U00751,2021-11-11,25-34,Male,Maharashtra,Pune,1L-2L,Regular,Verified
U00752,2025-09-01,45-54,Male,Rajasthan,Jodhpur,25K-50K,Regular,Verified
U00753,2022-12-06,18-24,Female,Maharashtra,Pune,<25K,New,Verified
U00754,2021-12-29,25-34,Female,Gujarat,Ahmedabad,25K-50K,Frequent,Pending
U00755,2024-09-25,25-34,Male,Tamil Nadu,Chennai,25K-50K,New,Verified
U00756,2025-12-31,35-44,Female,Punjab,Ludhiana,2L+,Regular,Verified
U00757,2021-10-29,25-34,Female,Delhi,Delhi,2L+,Frequent,Verified
U00758,2024-05-31,25-34,Male,Uttar Pradesh,Noida,<25K,Regular,Verified
U00759,2021-11-11,25-34,Male,Karnataka,Bengaluru,<25K,New,Verified
U00760,2022-08-30,45-54,Female,Delhi,Delhi,<25K,Regular,Verified
U00761,2025-11-02,35-44,Female,Gujarat,Ahmedabad,1L-2L,New,Verified
U00762,2022-04-06,35-44,Female,Rajasthan,Jaipur,<25K,Regular,Verified
U00763,2020-10-23,45-54,Female,Karnataka,Mysuru,<25K,Frequent,Verified
U00764,2023-06-07,45-54,Female,Madhya Pradesh,Indore,50K-1L,Regular,Verified
U00765,2025-11-22,25-34,Female,Telangana,Hyderabad,25K-50K,New,Verified
U00766,2024-09-24,55+,Other,Karnataka,Mysuru,<25K,Regular,Verified
U00767,2025-07-17,18-24,Male,Kerala,Thiruvananthapuram,25K-50K,Frequent,Verified
U00768,2020-11-25,25-34,Female,Gujarat,Surat,25K-50K,New,Verified
U00769,2023-03-01,45-54,Female,West Bengal,Siliguri,50K-1L,Regular,Verified
U00770,2025-03-05,25-34,Male,Telangana,Hyderabad,2L+,Regular,Verified
U00771,2021-01-16,25-34,Female,Maharashtra,Pune,<25K,Frequent,Verified
U00772,2025-12-25,25-34,Male,Uttar Pradesh,Lucknow,25K-50K,Frequent,Verified
U00773,2022-04-22,35-44,Male,Maharashtra,Mumbai,2L+,Regular,Verified
U00774,2026-05-06,25-34,Male,Karnataka,Bengaluru,1L-2L,Regular,Verified
U00775,2021-01-30,35-44,Female,Maharashtra,Pune,25K-50K,Regular,Verified
U00776,2021-03-25,45-54,Male,Kerala,Kochi,50K-1L,Regular,Pending
U00777,2023-09-16,35-44,Male,Gujarat,Surat,<25K,Regular,Verified
U00778,2025-06-09,25-34,Male,Madhya Pradesh,Indore,50K-1L,Regular,Verified
U00779,2023-08-01,55+,Male,Rajasthan,Jodhpur,2L+,New,Verified
U00780,2023-07-21,25-34,Female,Uttar Pradesh,Varanasi,50K-1L,Frequent,Verified
U00781,2025-08-29,18-24,Female,Kerala,Thiruvananthapuram,25K-50K,New,Verified
U00782,2026-04-05,18-24,Male,Kerala,Kochi,<25K,New,Verified
U00783,2023-07-17,35-44,Male,Maharashtra,Nagpur,50K-1L,Regular,Verified
U00784,2025-01-23,18-24,Male,Maharashtra,Nashik,50K-1L,New,Verified
U00785,2020-07-04,18-24,Male,Karnataka,Mangaluru,50K-1L,Regular,Verified
U00786,2023-05-18,25-34,Female,Rajasthan,Udaipur,<25K,Regular,Pending
U00787,2023-12-08,25-34,Female,Delhi,New Delhi,50K-1L,Regular,Verified
U00788,2020-09-09,35-44,Male,Maharashtra,Nashik,50K-1L,Frequent,Verified
U00789,2020-01-19,45-54,Female,Gujarat,Vadodara,25K-50K,Frequent,Verified
U00790,2023-03-05,35-44,Male,West Bengal,Siliguri,25K-50K,New,Pending
U00791,2020-08-10,25-34,Female,Uttar Pradesh,Varanasi,25K-50K,Frequent,Verified
U00792,2020-01-03,25-34,Male,Punjab,Chandigarh,50K-1L,Regular,Verified
U00793,2023-06-13,55+,Male,Maharashtra,Nashik,50K-1L,Regular,Verified
U00794,2022-05-03,18-24,Male,Gujarat,Vadodara,1L-2L,Regular,Verified
U00795,2024-01-28,45-54,Female,Gujarat,Surat,25K-50K,Regular,Verified
U00796,2020-08-15,25-34,Male,Uttar Pradesh,Noida,1L-2L,Frequent,Verified
U00797,2024-08-04,55+,Other,Delhi,New Delhi,50K-1L,Regular,Verified
U00798,2021-05-13,25-34,Male,Gujarat,Ahmedabad,25K-50K,Regular,Verified
U00799,2025-02-28,25-34,Female,West Bengal,Siliguri,<25K,New,Verified
U00800,2025-07-08,35-44,Female,Gujarat,Vadodara,25K-50K,Frequent,Verified
U00801,2023-03-08,35-44,Female,Gujarat,Vadodara,2L+,Frequent,Verified
U00802,2023-07-23,25-34,Female,Gujarat,Ahmedabad,25K-50K,Regular,Verified
U00803,2026-05-27,35-44,Male,Madhya Pradesh,Indore,25K-50K,Regular,Pending
U00804,2022-12-12,35-44,Male,Madhya Pradesh,Bhopal,<25K,Regular,Verified
U00805,2021-12-15,18-24,Female,Delhi,New Delhi,1L-2L,Regular,Verified
U00806,2022-08-05,18-24,Female,Maharashtra,Mumbai,25K-50K,Regular,Verified
U00807,2022-05-19,25-34,Female,Gujarat,Vadodara,25K-50K,Regular,Verified
U00808,2022-12-06,18-24,Male,Rajasthan,Jaipur,25K-50K,New,Verified
U00809,2020-04-03,35-44,Male,Maharashtra,Nashik,25K-50K,Regular,Verified
U00810,2021-07-13,25-34,Male,Delhi,New Delhi,25K-50K,Regular,Verified
U00811,2024-11-10,25-34,Female,Tamil Nadu,Chennai,50K-1L,Regular,Verified
U00812,2026-03-10,25-34,Male,Maharashtra,Pune,1L-2L,Frequent,Verified
U00813,2021-03-11,35-44,Female,Maharashtra,Mumbai,1L-2L,New,Verified
U00814,2022-05-01,18-24,Female,Telangana,Hyderabad,1L-2L,Regular,Verified
U00815,2020-07-23,18-24,Male,Karnataka,Bengaluru,<25K,New,Verified
U00816,2023-01-04,18-24,Male,Punjab,Chandigarh,1L-2L,New,Verified
U00817,2020-03-17,55+,Female,Telangana,Warangal,<25K,Regular,Verified
U00818,2022-03-26,18-24,Female,West Bengal,Siliguri,<25K,Frequent,Verified
U00819,2022-02-06,35-44,Female,Madhya Pradesh,Indore,2L+,Regular,Verified
U00820,2020-04-15,18-24,Female,Madhya Pradesh,Jabalpur,1L-2L,Regular,Verified
U00821,2025-11-05,18-24,Male,Karnataka,Mysuru,50K-1L,New,Verified
U00822,2024-10-12,25-34,Male,Uttar Pradesh,Kanpur,1L-2L,Regular,Pending
U00823,2024-01-05,25-34,Female,Uttar Pradesh,Varanasi,2L+,Frequent,Verified
U00824,2020-09-01,55+,Female,Delhi,Delhi,50K-1L,Regular,Verified
U00825,2023-11-06,55+,Female,Kerala,Thiruvananthapuram,50K-1L,Frequent,Pending
U00826,2022-09-08,35-44,Male,Karnataka,Mangaluru,1L-2L,Frequent,Verified
U00827,2024-10-02,35-44,Female,Punjab,Amritsar,25K-50K,Regular,Verified
U00828,2020-05-21,25-34,Male,Maharashtra,Mumbai,<25K,Regular,Verified
U00829,2022-06-11,25-34,Female,Uttar Pradesh,Kanpur,1L-2L,Regular,Verified
U00830,2023-10-23,55+,Male,Punjab,Chandigarh,25K-50K,Frequent,Verified
U00831,2021-06-28,35-44,Male,Gujarat,Ahmedabad,<25K,New,Verified
U00832,2026-01-08,35-44,Male,Kerala,Kochi,25K-50K,Regular,Verified
U00833,2024-01-09,25-34,Male,Rajasthan,Udaipur,25K-50K,Regular,Verified
U00834,2022-02-01,18-24,Male,Maharashtra,Nashik,2L+,Regular,Verified
U00835,2021-09-15,55+,Male,West Bengal,Siliguri,50K-1L,Frequent,Verified
U00836,2021-10-17,25-34,Female,Gujarat,Surat,50K-1L,Regular,Verified
U00837,2023-06-01,25-34,Female,Gujarat,Ahmedabad,2L+,Regular,Verified
U00838,2020-02-12,18-24,Female,Karnataka,Mangaluru,1L-2L,Regular,Verified
U00839,2026-04-30,45-54,Male,Kerala,Kochi,50K-1L,New,Verified
U00840,2022-10-23,18-24,Male,Delhi,Delhi,1L-2L,New,Verified
U00841,2024-07-18,45-54,Female,West Bengal,Kolkata,25K-50K,Regular,Verified
U00842,2023-07-15,18-24,Male,Uttar Pradesh,Varanasi,25K-50K,Regular,Verified
U00843,2021-08-18,45-54,Male,Punjab,Chandigarh,25K-50K,Regular,Verified
U00844,2022-10-09,35-44,Male,Karnataka,Mysuru,50K-1L,New,Verified
U00845,2026-02-02,18-24,Male,Uttar Pradesh,Kanpur,50K-1L,Regular,Verified
U00846,2025-10-11,35-44,Male,Karnataka,Mangaluru,50K-1L,Frequent,Verified
U00847,2022-08-15,25-34,Female,Karnataka,Bengaluru,50K-1L,Frequent,Verified
U00848,2021-07-14,18-24,Female,Karnataka,Bengaluru,<25K,New,Verified
U00849,2023-08-23,45-54,Male,Kerala,Kochi,<25K,Regular,Pending
U00850,2023-08-05,25-34,Female,Delhi,Delhi,50K-1L,Frequent,Verified
U00851,2024-12-26,25-34,Female,Karnataka,Bengaluru,<25K,Regular,Pending
U00852,2024-03-30,18-24,Male,Tamil Nadu,Madurai,50K-1L,Frequent,Verified
U00853,2022-04-29,25-34,Male,Rajasthan,Jaipur,50K-1L,Frequent,Verified
U00854,2023-07-02,45-54,Male,Uttar Pradesh,Lucknow,50K-1L,New,Verified
U00855,2024-03-13,25-34,Female,Maharashtra,Mumbai,25K-50K,Regular,Verified
U00856,2024-12-19,55+,Male,Telangana,Hyderabad,50K-1L,New,Verified
U00857,2024-10-07,55+,Female,Punjab,Amritsar,1L-2L,New,Verified
U00858,2021-08-28,18-24,Female,West Bengal,Siliguri,2L+,Frequent,Verified
U00859,2024-01-26,18-24,Male,Madhya Pradesh,Bhopal,1L-2L,Frequent,Verified
U00860,2023-07-18,45-54,Female,Delhi,New Delhi,50K-1L,New,Verified
U00861,2022-01-15,25-34,Female,Maharashtra,Nagpur,<25K,Regular,Verified
U00862,2021-07-11,18-24,Male,Gujarat,Ahmedabad,50K-1L,Regular,Pending
U00863,2025-10-12,25-34,Female,Tamil Nadu,Coimbatore,2L+,Regular,Verified
U00864,2022-07-30,35-44,Male,Madhya Pradesh,Bhopal,25K-50K,Regular,Verified
U00865,2026-04-15,45-54,Male,Telangana,Hyderabad,25K-50K,Frequent,Verified
U00866,2023-06-23,18-24,Other,Maharashtra,Mumbai,<25K,New,Verified
U00867,2022-07-28,18-24,Female,Madhya Pradesh,Bhopal,50K-1L,New,Verified
U00868,2024-05-29,55+,Male,Maharashtra,Nagpur,25K-50K,New,Verified
U00869,2026-01-13,35-44,Female,Punjab,Ludhiana,<25K,Regular,Verified
U00870,2024-09-21,35-44,Male,Tamil Nadu,Chennai,1L-2L,Regular,Verified
U00871,2022-09-11,35-44,Female,Telangana,Warangal,50K-1L,Regular,Pending
U00872,2024-05-06,25-34,Female,Gujarat,Surat,25K-50K,Regular,Verified
U00873,2023-08-29,35-44,Male,Karnataka,Bengaluru,25K-50K,Frequent,Verified
U00874,2025-02-17,25-34,Female,Uttar Pradesh,Lucknow,25K-50K,Regular,Verified
U00875,2021-10-23,25-34,Female,Gujarat,Surat,25K-50K,Regular,Verified
U00876,2020-02-02,35-44,Female,Karnataka,Bengaluru,25K-50K,Frequent,Pending
U00877,2024-12-21,25-34,Male,Kerala,Thiruvananthapuram,50K-1L,Frequent,Pending
U00878,2025-10-21,55+,Female,Kerala,Thiruvananthapuram,1L-2L,New,Verified
U00879,2025-03-04,25-34,Female,Kerala,Kochi,50K-1L,Regular,Verified
U00880,2023-03-02,55+,Female,Delhi,Delhi,25K-50K,Frequent,Verified
U00881,2020-03-01,55+,Male,Rajasthan,Jodhpur,50K-1L,New,Verified
U00882,2024-03-23,25-34,Male,West Bengal,Siliguri,1L-2L,Regular,Verified
U00883,2020-09-28,45-54,Female,West Bengal,Siliguri,<25K,Regular,Verified
U00884,2026-04-12,25-34,Female,Kerala,Kochi,<25K,New,Verified
U00885,2023-04-14,45-54,Female,Uttar Pradesh,Varanasi,50K-1L,New,Verified
U00886,2024-12-11,25-34,Female,Telangana,Hyderabad,50K-1L,Regular,Verified
U00887,2023-02-28,35-44,Female,Tamil Nadu,Madurai,25K-50K,Frequent,Verified
U00888,2023-01-30,25-34,Male,Telangana,Warangal,50K-1L,Frequent,Verified
U00889,2020-11-05,25-34,Male,Tamil Nadu,Chennai,50K-1L,Frequent,Verified
U00890,2023-08-08,25-34,Male,Telangana,Hyderabad,2L+,New,Verified
U00891,2024-10-11,25-34,Female,Rajasthan,Jaipur,<25K,New,Verified
U00892,2020-12-03,35-44,Male,Delhi,New Delhi,1L-2L,Frequent,Verified
U00893,2020-01-10,35-44,Male,Delhi,New Delhi,<25K,Regular,Verified
U00894,2020-02-18,35-44,Male,Kerala,Kochi,50K-1L,Regular,Verified
U00895,2024-02-19,25-34,Male,Karnataka,Mangaluru,50K-1L,New,Verified
U00896,2023-09-06,25-34,Female,Madhya Pradesh,Bhopal,25K-50K,Regular,Pending
U00897,2021-12-31,18-24,Female,Delhi,New Delhi,1L-2L,Regular,Pending
U00898,2022-03-05,45-54,Male,Delhi,Delhi,<25K,New,Verified
U00899,2024-07-06,55+,Female,Gujarat,Surat,50K-1L,Frequent,Verified
U00900,2020-05-12,25-34,Female,Gujarat,Ahmedabad,25K-50K,New,Pending
U00901,2025-10-31,18-24,Female,Karnataka,Mangaluru,50K-1L,Frequent,Verified
U00902,2025-10-05,18-24,Female,Punjab,Ludhiana,<25K,Frequent,Verified
U00903,2021-01-10,35-44,Male,Madhya Pradesh,Bhopal,1L-2L,Regular,Verified
U00904,2020-09-27,35-44,Female,Uttar Pradesh,Noida,1L-2L,Regular,Pending
U00905,2024-02-15,45-54,Female,Gujarat,Vadodara,1L-2L,Regular,Verified
U00906,2025-11-28,25-34,Male,Uttar Pradesh,Lucknow,<25K,New,Verified
U00907,2020-03-16,35-44,Female,Maharashtra,Pune,50K-1L,Regular,Verified
U00908,2025-05-10,35-44,Male,Gujarat,Surat,<25K,Regular,Verified
U00909,2024-07-24,25-34,Female,Rajasthan,Udaipur,1L-2L,Regular,Verified
U00910,2020-11-24,35-44,Male,Punjab,Chandigarh,50K-1L,Regular,Pending
U00911,2025-12-09,18-24,Male,Madhya Pradesh,Bhopal,50K-1L,Regular,Verified
U00912,2020-02-10,25-34,Male,Karnataka,Mysuru,50K-1L,Regular,Verified
U00913,2023-04-05,45-54,Female,Maharashtra,Nashik,<25K,Regular,Pending
U00914,2026-05-15,25-34,Female,Madhya Pradesh,Indore,50K-1L,Regular,Verified
U00915,2025-08-18,45-54,Male,Kerala,Kochi,25K-50K,Regular,Verified
U00916,2020-01-13,35-44,Male,Rajasthan,Udaipur,2L+,Frequent,Verified
U00917,2022-07-12,25-34,Female,Madhya Pradesh,Bhopal,1L-2L,Regular,Verified
U00918,2025-01-16,35-44,Female,Rajasthan,Jaipur,50K-1L,Regular,Verified
U00919,2023-05-17,25-34,Male,Rajasthan,Jodhpur,2L+,Regular,Pending
U00920,2023-04-29,25-34,Male,Uttar Pradesh,Varanasi,25K-50K,Regular,Verified
U00921,2021-10-14,18-24,Female,Telangana,Warangal,1L-2L,Regular,Verified
U00922,2024-08-30,25-34,Male,Kerala,Kochi,25K-50K,New,Verified
U00923,2021-09-12,18-24,Male,Maharashtra,Nagpur,50K-1L,Frequent,Verified
U00924,2025-05-16,18-24,Male,Madhya Pradesh,Jabalpur,50K-1L,New,Verified
U00925,2024-07-03,25-34,Male,Tamil Nadu,Madurai,<25K,Regular,Verified
U00926,2026-02-21,25-34,Female,Maharashtra,Nagpur,25K-50K,New,Verified
U00927,2021-02-20,55+,Male,Telangana,Hyderabad,<25K,New,Verified
U00928,2021-10-25,25-34,Male,Maharashtra,Nashik,2L+,Frequent,Verified
U00929,2024-11-13,35-44,Male,Delhi,New Delhi,<25K,Regular,Verified
U00930,2023-10-11,25-34,Female,Tamil Nadu,Chennai,50K-1L,Frequent,Verified
U00931,2020-05-27,35-44,Male,Telangana,Hyderabad,1L-2L,Regular,Verified
U00932,2025-08-07,25-34,Female,Uttar Pradesh,Kanpur,25K-50K,Regular,Verified
U00933,2023-10-20,55+,Female,Madhya Pradesh,Jabalpur,25K-50K,Regular,Verified
U00934,2024-09-21,25-34,Male,Punjab,Amritsar,50K-1L,Regular,Verified
U00935,2021-02-05,45-54,Male,West Bengal,Siliguri,<25K,Frequent,Verified
U00936,2024-02-24,25-34,Male,Telangana,Warangal,1L-2L,Regular,Verified
U00937,2025-07-24,18-24,Female,Karnataka,Bengaluru,25K-50K,Regular,Verified
U00938,2020-08-16,35-44,Male,Madhya Pradesh,Indore,25K-50K,Frequent,Verified
U00939,2024-05-17,18-24,Female,Kerala,Kochi,50K-1L,New,Pending
U00940,2020-09-24,25-34,Male,Telangana,Hyderabad,25K-50K,Regular,Verified
U00941,2023-11-29,25-34,Female,Delhi,New Delhi,2L+,Regular,Verified
U00942,2024-12-21,35-44,Male,West Bengal,Siliguri,1L-2L,New,Verified
U00943,2022-10-31,55+,Male,Delhi,New Delhi,25K-50K,Regular,Verified
U00944,2023-09-05,25-34,Female,West Bengal,Kolkata,25K-50K,New,Verified
U00945,2020-05-05,45-54,Female,Kerala,Thiruvananthapuram,25K-50K,Frequent,Verified
U00946,2026-06-11,25-34,Male,Punjab,Ludhiana,25K-50K,Regular,Verified
U00947,2024-09-21,25-34,Male,Karnataka,Mysuru,50K-1L,Frequent,Verified
U00948,2023-01-17,55+,Male,Madhya Pradesh,Bhopal,1L-2L,Regular,Verified
U00949,2023-10-07,45-54,Male,Uttar Pradesh,Varanasi,25K-50K,Regular,Verified
U00950,2021-11-19,45-54,Female,Delhi,Delhi,<25K,Regular,Verified
U00951,2023-07-04,25-34,Female,Delhi,New Delhi,25K-50K,Frequent,Verified
U00952,2023-05-17,35-44,Female,Rajasthan,Jodhpur,<25K,New,Verified
U00953,2020-10-07,25-34,Female,West Bengal,Kolkata,50K-1L,Regular,Verified
U00954,2021-03-18,25-34,Male,Gujarat,Surat,50K-1L,Regular,Verified
U00955,2025-02-06,25-34,Female,Punjab,Chandigarh,25K-50K,Frequent,Verified
U00956,2022-04-16,45-54,Male,Madhya Pradesh,Bhopal,25K-50K,Frequent,Verified
U00957,2021-01-23,45-54,Male,West Bengal,Siliguri,1L-2L,Regular,Verified
U00958,2021-09-08,25-34,Male,Rajasthan,Jaipur,<25K,New,Verified
U00959,2020-05-26,18-24,Male,Maharashtra,Pune,1L-2L,New,Verified
U00960,2021-06-04,45-54,Female,West Bengal,Siliguri,25K-50K,Frequent,Verified
U00961,2021-09-21,18-24,Male,Uttar Pradesh,Varanasi,1L-2L,Regular,Verified
U00962,2025-12-31,35-44,Female,Madhya Pradesh,Indore,50K-1L,New,Pending
U00963,2020-10-15,18-24,Female,Punjab,Amritsar,<25K,Frequent,Verified
U00964,2023-11-10,25-34,Male,Rajasthan,Jodhpur,1L-2L,New,Verified
U00965,2020-01-14,55+,Female,Maharashtra,Nagpur,50K-1L,Regular,Verified
U00966,2020-09-13,18-24,Other,Tamil Nadu,Coimbatore,<25K,Regular,Verified
U00967,2024-09-17,25-34,Male,Rajasthan,Jodhpur,<25K,New,Verified
U00968,2023-11-24,25-34,Male,Tamil Nadu,Madurai,50K-1L,Regular,Verified
U00969,2023-05-15,45-54,Female,Madhya Pradesh,Jabalpur,50K-1L,New,Verified
U00970,2022-05-07,45-54,Male,Delhi,New Delhi,50K-1L,Regular,Verified
U00971,2023-04-10,25-34,Female,Rajasthan,Jodhpur,50K-1L,Regular,Verified
U00972,2021-04-08,18-24,Male,Karnataka,Bengaluru,50K-1L,New,Verified
U00973,2020-09-26,35-44,Female,Tamil Nadu,Coimbatore,1L-2L,Frequent,Pending
U00974,2023-05-29,25-34,Male,Uttar Pradesh,Varanasi,50K-1L,Regular,Verified
U00975,2023-04-21,35-44,Female,Karnataka,Mangaluru,25K-50K,Regular,Verified
U00976,2020-03-12,18-24,Female,Telangana,Warangal,1L-2L,New,Verified
U00977,2023-07-30,18-24,Male,Telangana,Warangal,<25K,New,Pending
U00978,2025-10-22,35-44,Female,Maharashtra,Nagpur,25K-50K,Frequent,Pending
U00979,2024-10-16,25-34,Male,Punjab,Chandigarh,50K-1L,Regular,Verified
U00980,2021-05-11,45-54,Female,Delhi,Delhi,25K-50K,Regular,Verified
U00981,2022-09-14,18-24,Female,Madhya Pradesh,Indore,<25K,Frequent,Verified
U00982,2022-06-28,25-34,Male,Rajasthan,Jaipur,<25K,Regular,Verified
U00983,2021-01-07,55+,Female,Gujarat,Vadodara,50K-1L,Regular,Verified
U00984,2020-12-27,25-34,Female,Uttar Pradesh,Noida,2L+,Frequent,Verified
U00985,2025-11-10,35-44,Male,Tamil Nadu,Coimbatore,50K-1L,Regular,Verified
U00986,2023-09-06,25-34,Female,Madhya Pradesh,Bhopal,50K-1L,New,Verified
U00987,2020-11-19,35-44,Female,Karnataka,Mysuru,25K-50K,Regular,Verified
U00988,2021-07-28,35-44,Female,Kerala,Thiruvananthapuram,25K-50K,Frequent,Verified
U00989,2022-01-05,25-34,Female,Telangana,Hyderabad,<25K,Regular,Verified
U00990,2023-04-30,45-54,Male,Kerala,Kochi,25K-50K,Regular,Pending
U00991,2024-08-22,35-44,Female,Uttar Pradesh,Lucknow,25K-50K,Frequent,Verified
U00992,2025-03-22,25-34,Male,Gujarat,Vadodara,<25K,Regular,Pending
U00993,2021-12-19,35-44,Female,Rajasthan,Udaipur,<25K,New,Verified
U00994,2022-02-19,35-44,Female,Maharashtra,Nagpur,50K-1L,New,Verified
U00995,2022-10-16,18-24,Female,Gujarat,Surat,1L-2L,Regular,Verified
U00996,2023-11-04,25-34,Male,Uttar Pradesh,Lucknow,2L+,Regular,Verified
U00997,2023-11-27,25-34,Male,Gujarat,Vadodara,50K-1L,Frequent,Verified
U00998,2021-10-25,25-34,Male,Uttar Pradesh,Lucknow,<25K,Regular,Verified
U00999,2024-11-07,35-44,Other,Uttar Pradesh,Noida,50K-1L,Regular,Pending
U01000,2020-01-11,25-34,Female,West Bengal,Siliguri,<25K,Regular,Verified
U01001,2026-02-12,55+,Female,Tamil Nadu,Coimbatore,50K-1L,Regular,Verified
U01002,2022-11-04,25-34,Female,Kerala,Kochi,1L-2L,Regular,Verified
U01003,2021-08-07,25-34,Female,Telangana,Warangal,50K-1L,New,Verified
U01004,2022-12-11,45-54,Female,West Bengal,Siliguri,2L+,Regular,Verified
U01005,2023-10-06,35-44,Female,Rajasthan,Jaipur,50K-1L,Frequent,Verified
U01006,2023-12-22,35-44,Female,West Bengal,Kolkata,50K-1L,Regular,Verified
U01007,2025-01-28,18-24,Female,Delhi,Delhi,25K-50K,Regular,Verified
U01008,2024-11-24,25-34,Female,Delhi,Delhi,2L+,New,Verified
U01009,2022-01-12,25-34,Female,Telangana,Warangal,<25K,Frequent,Verified
U01010,2024-11-11,55+,Male,Gujarat,Surat,1L-2L,Frequent,Verified
U01011,2020-07-22,25-34,Female,Tamil Nadu,Madurai,25K-50K,Regular,Verified
U01012,2022-12-12,45-54,Male,Telangana,Warangal,<25K,Regular,Pending
U01013,2022-08-31,35-44,Male,Uttar Pradesh,Noida,1L-2L,Regular,Verified
U01014,2023-10-30,25-34,Female,Karnataka,Bengaluru,<25K,Regular,Verified
U01015,2025-02-08,35-44,Female,Tamil Nadu,Chennai,1L-2L,Frequent,Pending
U01016,2023-07-23,45-54,Female,Punjab,Amritsar,25K-50K,New,Verified
U01017,2022-11-20,45-54,Male,Kerala,Thiruvananthapuram,1L-2L,Regular,Verified
U01018,2023-03-04,18-24,Female,Tamil Nadu,Coimbatore,50K-1L,New,Verified
U01019,2020-04-14,25-34,Female,Uttar Pradesh,Varanasi,50K-1L,Regular,Verified
U01020,2020-09-09,25-34,Female,Uttar Pradesh,Varanasi,25K-50K,Regular,Verified
U01021,2020-10-21,18-24,Male,Maharashtra,Nagpur,<25K,New,Verified
U01022,2023-03-27,35-44,Female,Telangana,Hyderabad,1L-2L,Regular,Verified
U01023,2021-07-02,45-54,Male,Uttar Pradesh,Kanpur,<25K,Regular,Verified
U01024,2024-11-12,25-34,Male,Delhi,Delhi,25K-50K,Regular,Verified
U01025,2020-10-25,35-44,Male,Rajasthan,Jodhpur,50K-1L,New,Verified
U01026,2024-10-14,35-44,Male,Karnataka,Mangaluru,25K-50K,Regular,Verified
U01027,2025-01-17,25-34,Male,Kerala,Kochi,<25K,Regular,Verified
U01028,2020-04-10,18-24,Male,Telangana,Warangal,<25K,Frequent,Verified
U01029,2024-11-09,35-44,Male,Madhya Pradesh,Jabalpur,<25K,Frequent,Verified
U01030,2022-05-23,45-54,Female,Delhi,Delhi,1L-2L,Regular,Verified
U01031,2020-04-01,35-44,Female,Punjab,Ludhiana,<25K,New,Verified
U01032,2021-03-22,18-24,Male,Gujarat,Ahmedabad,2L+,Regular,Verified
U01033,2020-04-18,25-34,Male,Uttar Pradesh,Kanpur,<25K,Regular,Verified
U01034,2020-11-12,18-24,Male,Madhya Pradesh,Indore,<25K,New,Verified
U01035,2025-01-09,35-44,Male,Uttar Pradesh,Varanasi,50K-1L,New,Verified
U01036,2025-04-27,35-44,Male,Tamil Nadu,Coimbatore,<25K,Regular,Verified
U01037,2023-12-29,18-24,Female,Delhi,Delhi,50K-1L,Frequent,Verified
U01038,2021-03-17,45-54,Male,Tamil Nadu,Coimbatore,1L-2L,Frequent,Verified
U01039,2026-03-15,35-44,Female,Maharashtra,Nagpur,<25K,New,Verified
U01040,2023-05-30,35-44,Male,Tamil Nadu,Coimbatore,1L-2L,Regular,Verified
U01041,2024-03-31,55+,Male,Maharashtra,Mumbai,25K-50K,New,Verified
U01042,2020-10-04,18-24,Male,Punjab,Amritsar,<25K,Regular,Verified
U01043,2021-07-22,45-54,Female,Maharashtra,Nashik,<25K,Frequent,Verified
U01044,2022-10-06,18-24,Female,Madhya Pradesh,Jabalpur,1L-2L,Frequent,Pending
U01045,2022-04-18,25-34,Female,Uttar Pradesh,Kanpur,<25K,Regular,Verified
U01046,2024-05-26,45-54,Male,Gujarat,Ahmedabad,1L-2L,New,Verified
U01047,2020-01-30,45-54,Male,Kerala,Kochi,50K-1L,Regular,Verified
U01048,2025-04-26,25-34,Female,Tamil Nadu,Coimbatore,<25K,Frequent,Verified
U01049,2025-11-03,35-44,Male,Kerala,Kochi,25K-50K,New,Verified
U01050,2023-06-11,35-44,Male,Delhi,New Delhi,1L-2L,Regular,Verified
U01051,2026-06-18,45-54,Female,Maharashtra,Nashik,50K-1L,Regular,Verified
U01052,2020-12-30,18-24,Female,Uttar Pradesh,Varanasi,25K-50K,Regular,Verified
U01053,2024-12-05,45-54,Male,Karnataka,Mangaluru,1L-2L,Frequent,Verified
U01054,2024-12-27,25-34,Male,Telangana,Warangal,<25K,Regular,Pending
U01055,2025-02-05,25-34,Male,Madhya Pradesh,Indore,1L-2L,Regular,Verified
U01056,2022-06-23,25-34,Male,Gujarat,Surat,1L-2L,Regular,Verified
U01057,2021-11-28,25-34,Other,West Bengal,Kolkata,50K-1L,Frequent,Verified
U01058,2025-12-18,55+,Female,Madhya Pradesh,Jabalpur,1L-2L,Frequent,Verified
U01059,2025-01-29,35-44,Male,Punjab,Ludhiana,50K-1L,Frequent,Verified
U01060,2020-12-16,55+,Female,Karnataka,Bengaluru,50K-1L,New,Verified
U01061,2020-06-28,25-34,Female,Telangana,Hyderabad,50K-1L,Frequent,Verified
U01062,2024-02-12,35-44,Female,Karnataka,Mysuru,25K-50K,Regular,Verified
U01063,2023-04-01,45-54,Female,Tamil Nadu,Madurai,50K-1L,New,Verified
U01064,2024-12-11,35-44,Male,Maharashtra,Mumbai,25K-50K,New,Verified
U01065,2022-02-12,35-44,Male,Gujarat,Vadodara,25K-50K,Regular,Verified
U01066,2021-05-24,35-44,Female,Rajasthan,Jaipur,25K-50K,Regular,Verified
U01067,2020-12-30,45-54,Male,Maharashtra,Nagpur,<25K,Frequent,Verified
U01068,2020-12-18,45-54,Male,Rajasthan,Jodhpur,25K-50K,Regular,Verified
U01069,2023-01-11,18-24,Male,Kerala,Thiruvananthapuram,1L-2L,New,Verified
U01070,2023-06-02,45-54,Male,Telangana,Hyderabad,25K-50K,Regular,Verified
U01071,2021-02-15,25-34,Female,Uttar Pradesh,Varanasi,50K-1L,New,Verified
U01072,2022-01-04,25-34,Male,West Bengal,Siliguri,<25K,Regular,Verified
U01073,2020-04-27,45-54,Male,Delhi,New Delhi,25K-50K,Regular,Verified
U01074,2021-04-26,25-34,Male,Maharashtra,Nashik,<25K,Frequent,Verified
U01075,2020-07-10,45-54,Male,Gujarat,Vadodara,<25K,Regular,Pending
U01076,2020-04-16,25-34,Male,Punjab,Ludhiana,50K-1L,Frequent,Verified
U01077,2021-01-16,18-24,Male,Punjab,Amritsar,50K-1L,Frequent,Verified
U01078,2022-02-21,25-34,Male,Karnataka,Mysuru,25K-50K,Regular,Verified
U01079,2020-08-31,18-24,Other,Gujarat,Surat,25K-50K,Regular,Pending
U01080,2021-04-12,35-44,Female,Telangana,Hyderabad,1L-2L,Regular,Verified
U01081,2022-05-15,25-34,Female,Kerala,Thiruvananthapuram,<25K,New,Verified
U01082,2024-04-10,25-34,Female,Rajasthan,Udaipur,<25K,Frequent,Verified
U01083,2023-05-18,18-24,Male,Karnataka,Mysuru,50K-1L,Frequent,Pending
U01084,2021-08-26,25-34,Male,Punjab,Chandigarh,<25K,New,Verified
U01085,2024-07-18,45-54,Female,Delhi,New Delhi,2L+,Frequent,Pending
U01086,2023-01-01,18-24,Other,Delhi,New Delhi,50K-1L,New,Verified
U01087,2025-07-08,35-44,Male,Maharashtra,Mumbai,25K-50K,Frequent,Pending
U01088,2024-07-16,45-54,Male,Telangana,Warangal,25K-50K,Regular,Verified
U01089,2024-09-29,35-44,Female,Uttar Pradesh,Kanpur,50K-1L,Frequent,Verified
U01090,2024-06-01,45-54,Male,Punjab,Amritsar,<25K,Regular,Verified
U01091,2022-05-09,18-24,Male,Telangana,Warangal,2L+,Regular,Verified
U01092,2025-02-22,25-34,Male,Kerala,Kochi,50K-1L,New,Verified
U01093,2023-06-30,45-54,Male,Rajasthan,Jodhpur,<25K,Regular,Verified
U01094,2020-01-13,35-44,Male,Gujarat,Vadodara,50K-1L,New,Verified
U01095,2026-06-04,35-44,Female,Punjab,Ludhiana,<25K,Frequent,Pending
U01096,2023-01-04,35-44,Male,Delhi,New Delhi,<25K,Regular,Verified
U01097,2022-12-10,25-34,Female,Gujarat,Surat,50K-1L,Regular,Verified
U01098,2022-02-25,18-24,Female,Gujarat,Ahmedabad,50K-1L,Frequent,Verified
U01099,2020-05-28,45-54,Female,Gujarat,Vadodara,50K-1L,Frequent,Verified
U01100,2024-10-20,35-44,Female,Delhi,New Delhi,<25K,New,Verified
U01101,2025-12-09,25-34,Female,Kerala,Kochi,50K-1L,Frequent,Verified
U01102,2023-07-27,45-54,Male,Madhya Pradesh,Bhopal,<25K,New,Verified
U01103,2023-03-25,25-34,Male,Tamil Nadu,Coimbatore,50K-1L,Regular,Verified
U01104,2020-03-22,25-34,Female,Rajasthan,Jaipur,50K-1L,Regular,Pending
U01105,2021-05-06,45-54,Male,Madhya Pradesh,Bhopal,50K-1L,New,Verified
U01106,2025-07-18,45-54,Female,Rajasthan,Udaipur,1L-2L,New,Verified
U01107,2022-07-13,25-34,Female,Karnataka,Mysuru,1L-2L,Regular,Verified
U01108,2023-07-20,18-24,Male,Telangana,Hyderabad,2L+,Regular,Verified
U01109,2024-05-22,25-34,Male,Telangana,Hyderabad,2L+,Frequent,Verified
U01110,2024-05-15,35-44,Male,West Bengal,Siliguri,1L-2L,Regular,Verified
U01111,2020-05-02,25-34,Female,Telangana,Hyderabad,2L+,Frequent,Verified
U01112,2021-12-08,45-54,Male,Delhi,New Delhi,1L-2L,Regular,Verified
U01113,2022-09-17,55+,Male,Uttar Pradesh,Noida,50K-1L,Frequent,Verified
U01114,2026-06-28,45-54,Male,Maharashtra,Nagpur,<25K,Regular,Verified
U01115,2025-08-02,25-34,Female,West Bengal,Kolkata,<25K,Frequent,Verified
U01116,2021-12-10,45-54,Male,Maharashtra,Nagpur,1L-2L,New,Pending
U01117,2022-03-04,25-34,Male,Rajasthan,Udaipur,25K-50K,Regular,Verified
U01118,2021-12-12,18-24,Other,Maharashtra,Nashik,1L-2L,New,Verified
U01119,2024-09-13,18-24,Female,Maharashtra,Pune,25K-50K,Regular,Verified
U01120,2020-09-13,25-34,Male,West Bengal,Kolkata,25K-50K,Regular,Verified
U01121,2023-04-27,45-54,Female,Karnataka,Mangaluru,50K-1L,Regular,Verified
U01122,2022-05-20,25-34,Male,Gujarat,Vadodara,1L-2L,New,Verified
U01123,2024-09-27,25-34,Female,Telangana,Hyderabad,<25K,Regular,Verified
U01124,2022-03-19,55+,Female,Telangana,Warangal,1L-2L,Regular,Verified
U01125,2020-09-27,18-24,Male,Delhi,Delhi,1L-2L,New,Verified
U01126,2024-03-23,45-54,Female,West Bengal,Siliguri,25K-50K,Regular,Verified
U01127,2021-07-03,25-34,Female,Delhi,Delhi,25K-50K,Regular,Verified
U01128,2023-02-11,18-24,Female,Uttar Pradesh,Lucknow,<25K,New,Verified
U01129,2021-07-21,45-54,Female,Uttar Pradesh,Varanasi,<25K,Frequent,Verified
U01130,2020-12-24,18-24,Male,Delhi,New Delhi,25K-50K,Regular,Verified
U01131,2024-07-31,35-44,Male,West Bengal,Siliguri,<25K,Frequent,Verified
U01132,2024-06-25,25-34,Male,Delhi,Delhi,<25K,New,Pending
U01133,2023-09-19,18-24,Female,Telangana,Warangal,1L-2L,Frequent,Verified
U01134,2024-09-08,18-24,Male,Madhya Pradesh,Jabalpur,50K-1L,New,Verified
U01135,2023-09-24,18-24,Male,Tamil Nadu,Madurai,50K-1L,Regular,Pending
U01136,2022-03-08,18-24,Male,Maharashtra,Nagpur,<25K,New,Verified
U01137,2023-07-08,35-44,Male,Tamil Nadu,Madurai,1L-2L,Frequent,Verified
U01138,2022-06-05,25-34,Male,West Bengal,Kolkata,1L-2L,Regular,Verified
U01139,2024-10-24,25-34,Male,Kerala,Thiruvananthapuram,50K-1L,New,Verified
U01140,2023-05-07,25-34,Female,Tamil Nadu,Madurai,1L-2L,New,Verified
U01141,2026-03-08,55+,Female,Uttar Pradesh,Kanpur,1L-2L,Regular,Verified
U01142,2020-10-13,45-54,Male,Rajasthan,Jodhpur,50K-1L,New,Verified
U01143,2024-09-11,35-44,Male,Maharashtra,Nagpur,50K-1L,Regular,Verified
U01144,2024-11-20,45-54,Female,Gujarat,Surat,<25K,Regular,Pending
U01145,2022-01-12,25-34,Female,Kerala,Kochi,25K-50K,Frequent,Pending
U01146,2024-02-14,25-34,Male,West Bengal,Siliguri,<25K,Frequent,Pending
U01147,2025-08-02,35-44,Male,Maharashtra,Nashik,<25K,Regular,Verified
U01148,2022-11-12,35-44,Female,Tamil Nadu,Chennai,<25K,New,Verified
U01149,2020-10-22,25-34,Female,Uttar Pradesh,Noida,1L-2L,Regular,Verified
U01150,2025-08-15,25-34,Male,Karnataka,Mangaluru,25K-50K,Regular,Verified
U01151,2021-11-11,55+,Male,Madhya Pradesh,Indore,2L+,Regular,Verified
U01152,2025-03-06,45-54,Female,Gujarat,Vadodara,50K-1L,Regular,Verified
U01153,2022-03-05,25-34,Male,Kerala,Kochi,25K-50K,Frequent,Verified
U01154,2020-07-21,35-44,Male,Madhya Pradesh,Indore,25K-50K,Frequent,Pending
U01155,2020-11-20,25-34,Male,Maharashtra,Nashik,25K-50K,New,Verified
U01156,2026-04-10,18-24,Male,Uttar Pradesh,Varanasi,2L+,Regular,Verified
U01157,2020-11-22,25-34,Male,Uttar Pradesh,Lucknow,1L-2L,Frequent,Verified
U01158,2022-09-13,25-34,Female,Tamil Nadu,Chennai,<25K,Frequent,Verified
U01159,2022-01-30,18-24,Female,Telangana,Warangal,2L+,Regular,Verified
U01160,2022-11-02,45-54,Female,Tamil Nadu,Coimbatore,50K-1L,Regular,Verified
U01161,2022-06-25,25-34,Female,Telangana,Hyderabad,<25K,Regular,Verified
U01162,2023-11-04,35-44,Female,Telangana,Hyderabad,50K-1L,Regular,Verified
U01163,2020-12-30,18-24,Female,Gujarat,Ahmedabad,50K-1L,New,Verified
U01164,2023-05-29,18-24,Male,Tamil Nadu,Coimbatore,25K-50K,Frequent,Verified
U01165,2025-10-21,45-54,Male,Punjab,Chandigarh,1L-2L,Regular,Verified
U01166,2024-07-06,35-44,Male,Karnataka,Mysuru,<25K,New,Verified
U01167,2022-12-05,55+,Male,Kerala,Thiruvananthapuram,25K-50K,Regular,Verified
U01168,2020-09-30,55+,Female,Delhi,New Delhi,<25K,Regular,Verified
U01169,2026-03-05,25-34,Female,Delhi,New Delhi,2L+,Frequent,Verified
U01170,2025-05-06,25-34,Female,Tamil Nadu,Chennai,1L-2L,New,Verified
U01171,2025-02-27,45-54,Male,Tamil Nadu,Chennai,<25K,Frequent,Verified
U01172,2020-05-03,55+,Female,Madhya Pradesh,Indore,25K-50K,New,Verified
U01173,2023-09-14,35-44,Male,Kerala,Kochi,<25K,Regular,Verified
U01174,2024-08-18,45-54,Male,Kerala,Kochi,1L-2L,Regular,Verified
U01175,2025-10-08,45-54,Female,Gujarat,Vadodara,<25K,Regular,Verified
U01176,2021-03-17,25-34,Female,Tamil Nadu,Coimbatore,1L-2L,Regular,Verified
U01177,2023-05-25,35-44,Male,Kerala,Thiruvananthapuram,2L+,Frequent,Verified
U01178,2022-06-29,45-54,Male,Madhya Pradesh,Jabalpur,50K-1L,Regular,Pending
U01179,2022-10-22,35-44,Male,Telangana,Hyderabad,25K-50K,Regular,Verified
U01180,2024-04-08,18-24,Female,Uttar Pradesh,Noida,25K-50K,New,Pending
U01181,2024-10-07,25-34,Male,Uttar Pradesh,Lucknow,25K-50K,New,Verified
U01182,2024-09-30,18-24,Female,Telangana,Warangal,50K-1L,New,Verified
U01183,2021-09-17,25-34,Other,West Bengal,Kolkata,50K-1L,Frequent,Verified
U01184,2024-08-17,45-54,Male,Madhya Pradesh,Jabalpur,50K-1L,Frequent,Verified
U01185,2022-09-24,18-24,Male,Kerala,Kochi,25K-50K,Frequent,Pending
U01186,2020-03-31,25-34,Female,Punjab,Ludhiana,1L-2L,New,Pending
U01187,2026-01-23,25-34,Male,Madhya Pradesh,Indore,<25K,Regular,Verified
U01188,2020-07-25,35-44,Female,Telangana,Warangal,25K-50K,New,Pending
U01189,2022-12-24,25-34,Female,Karnataka,Mangaluru,1L-2L,Frequent,Verified
U01190,2025-03-26,25-34,Female,Rajasthan,Udaipur,<25K,Regular,Verified
U01191,2021-05-30,18-24,Male,Maharashtra,Pune,50K-1L,New,Verified
U01192,2023-03-26,25-34,Male,Telangana,Warangal,1L-2L,Regular,Verified
U01193,2024-11-27,25-34,Female,Punjab,Amritsar,50K-1L,Regular,Verified
U01194,2026-06-11,25-34,Male,Kerala,Kochi,<25K,Regular,Verified
U01195,2025-03-16,55+,Female,Punjab,Amritsar,<25K,Regular,Verified
U01196,2025-06-28,25-34,Female,Punjab,Amritsar,25K-50K,Regular,Verified
U01197,2021-01-29,18-24,Female,Tamil Nadu,Chennai,25K-50K,Frequent,Verified
U01198,2023-01-02,35-44,Male,Tamil Nadu,Madurai,2L+,Regular,Verified
U01199,2020-07-05,25-34,Male,Gujarat,Vadodara,50K-1L,Regular,Verified
U01200,2024-05-16,35-44,Male,Telangana,Warangal,25K-50K,Frequent,Verified
U01201,2024-05-10,25-34,Male,Gujarat,Ahmedabad,2L+,Regular,Verified
U01202,2021-12-30,35-44,Female,Telangana,Hyderabad,50K-1L,New,Verified
U01203,2020-08-27,35-44,Male,Madhya Pradesh,Bhopal,25K-50K,Frequent,Verified
U01204,2020-05-20,55+,Female,Maharashtra,Pune,25K-50K,New,Verified
U01205,2020-05-18,25-34,Male,Punjab,Ludhiana,<25K,New,Verified
U01206,2020-03-10,25-34,Male,Madhya Pradesh,Bhopal,2L+,New,Verified
U01207,2021-01-19,25-34,Male,Rajasthan,Jodhpur,50K-1L,New,Verified
U01208,2021-09-21,55+,Male,Uttar Pradesh,Varanasi,1L-2L,New,Verified
U01209,2026-02-23,45-54,Male,Delhi,New Delhi,25K-50K,New,Verified
U01210,2020-07-23,18-24,Female,Telangana,Hyderabad,1L-2L,Regular,Verified
U01211,2024-10-15,18-24,Male,Rajasthan,Jodhpur,<25K,Regular,Verified
U01212,2021-07-21,25-34,Female,Uttar Pradesh,Kanpur,2L+,New,Verified
U01213,2022-09-08,18-24,Female,Kerala,Thiruvananthapuram,1L-2L,Regular,Verified
U01214,2022-03-15,25-34,Male,West Bengal,Siliguri,25K-50K,New,Verified
U01215,2024-09-06,18-24,Male,Maharashtra,Nashik,1L-2L,New,Verified
U01216,2022-05-31,35-44,Female,Gujarat,Vadodara,1L-2L,Regular,Pending
U01217,2025-07-28,55+,Male,Gujarat,Vadodara,1L-2L,Regular,Verified
U01218,2022-08-31,55+,Male,Madhya Pradesh,Indore,25K-50K,Regular,Verified
U01219,2021-10-01,25-34,Male,Tamil Nadu,Chennai,25K-50K,Regular,Verified
U01220,2023-12-25,35-44,Male,Uttar Pradesh,Varanasi,1L-2L,Regular,Verified
U01221,2020-11-20,45-54,Male,West Bengal,Siliguri,1L-2L,Regular,Verified
U01222,2021-03-17,18-24,Female,Rajasthan,Udaipur,25K-50K,Frequent,Verified
U01223,2022-03-14,35-44,Male,Maharashtra,Pune,1L-2L,Regular,Verified
U01224,2026-05-24,25-34,Male,Uttar Pradesh,Lucknow,<25K,Regular,Verified
U01225,2020-08-13,25-34,Male,West Bengal,Siliguri,1L-2L,New,Verified
U01226,2022-12-23,25-34,Male,Delhi,New Delhi,25K-50K,Frequent,Verified
U01227,2022-08-24,18-24,Female,Telangana,Warangal,25K-50K,New,Verified
U01228,2021-07-13,35-44,Female,Gujarat,Vadodara,25K-50K,Regular,Verified
U01229,2021-12-14,25-34,Female,Rajasthan,Jaipur,25K-50K,Regular,Verified
U01230,2021-05-12,25-34,Female,Gujarat,Surat,50K-1L,Regular,Verified
U01231,2025-10-08,18-24,Female,Rajasthan,Udaipur,50K-1L,Frequent,Verified
U01232,2020-09-13,45-54,Female,Madhya Pradesh,Indore,25K-50K,Frequent,Verified
U01233,2021-07-30,25-34,Male,Tamil Nadu,Coimbatore,<25K,New,Verified
U01234,2026-04-05,35-44,Male,Rajasthan,Jaipur,1L-2L,Regular,Verified
U01235,2020-02-07,35-44,Male,Gujarat,Surat,25K-50K,Frequent,Verified
U01236,2025-09-03,25-34,Male,Madhya Pradesh,Indore,50K-1L,Regular,Verified
U01237,2021-02-13,25-34,Female,Rajasthan,Udaipur,50K-1L,Regular,Verified
U01238,2021-04-05,35-44,Female,Delhi,New Delhi,1L-2L,Regular,Verified
U01239,2023-12-11,18-24,Male,Tamil Nadu,Madurai,50K-1L,Regular,Pending
U01240,2021-01-17,18-24,Male,Rajasthan,Jodhpur,<25K,Frequent,Verified
U01241,2025-01-06,35-44,Male,Madhya Pradesh,Bhopal,1L-2L,Regular,Verified
U01242,2021-07-22,25-34,Female,Kerala,Thiruvananthapuram,2L+,Regular,Verified
U01243,2022-12-07,25-34,Female,Uttar Pradesh,Kanpur,25K-50K,Regular,Verified
U01244,2021-03-08,25-34,Male,Karnataka,Mangaluru,2L+,Frequent,Pending
U01245,2020-02-25,25-34,Male,West Bengal,Kolkata,50K-1L,Regular,Verified
U01246,2026-05-04,35-44,Male,Karnataka,Bengaluru,25K-50K,Regular,Verified
U01247,2025-10-17,35-44,Male,Kerala,Kochi,25K-50K,Frequent,Pending
U01248,2024-10-17,35-44,Male,Karnataka,Mangaluru,50K-1L,Regular,Verified
U01249,2025-08-09,35-44,Male,Kerala,Kochi,25K-50K,Regular,Verified
U01250,2022-06-20,25-34,Male,Maharashtra,Nagpur,<25K,Regular,Verified
U01251,2024-06-12,25-34,Male,Kerala,Kochi,<25K,Regular,Verified
U01252,2020-09-13,25-34,Male,Kerala,Thiruvananthapuram,25K-50K,New,Verified
U01253,2021-11-02,25-34,Male,Punjab,Amritsar,25K-50K,Regular,Verified
U01254,2021-05-04,55+,Male,Kerala,Kochi,50K-1L,Regular,Pending
U01255,2025-09-27,45-54,Female,Delhi,Delhi,25K-50K,Regular,Verified
U01256,2024-08-09,18-24,Male,Uttar Pradesh,Noida,2L+,Frequent,Verified
U01257,2020-11-11,18-24,Male,Telangana,Warangal,25K-50K,Regular,Verified
U01258,2021-03-09,18-24,Female,Rajasthan,Udaipur,25K-50K,Frequent,Verified
U01259,2022-10-22,25-34,Male,West Bengal,Siliguri,<25K,Regular,Verified
U01260,2025-05-29,18-24,Female,Tamil Nadu,Chennai,25K-50K,New,Pending
U01261,2025-06-02,25-34,Male,Uttar Pradesh,Varanasi,<25K,Regular,Verified
U01262,2023-10-21,45-54,Male,Gujarat,Surat,50K-1L,Regular,Verified
U01263,2021-02-23,35-44,Female,Telangana,Hyderabad,1L-2L,Regular,Verified
U01264,2024-05-15,25-34,Male,Maharashtra,Mumbai,<25K,New,Verified
U01265,2024-05-03,25-34,Male,Maharashtra,Nagpur,25K-50K,Regular,Verified
U01266,2022-04-23,25-34,Male,Kerala,Kochi,<25K,Regular,Verified
U01267,2024-01-07,45-54,Female,Uttar Pradesh,Varanasi,1L-2L,Regular,Verified
U01268,2021-03-09,45-54,Male,Madhya Pradesh,Indore,1L-2L,Frequent,Verified
U01269,2024-04-27,45-54,Male,Punjab,Chandigarh,<25K,Frequent,Verified
U01270,2025-10-05,25-34,Male,Karnataka,Mangaluru,25K-50K,Regular,Verified
U01271,2022-08-21,35-44,Female,Gujarat,Ahmedabad,2L+,Regular,Pending
U01272,2022-09-03,18-24,Male,Maharashtra,Nashik,25K-50K,Regular,Pending
U01273,2020-02-15,35-44,Female,West Bengal,Kolkata,50K-1L,Frequent,Verified
U01274,2023-04-08,25-34,Male,Maharashtra,Pune,25K-50K,Frequent,Pending
U01275,2021-02-20,25-34,Male,Tamil Nadu,Madurai,50K-1L,Regular,Verified
U01276,2022-04-27,35-44,Female,Rajasthan,Udaipur,2L+,New,Verified
U01277,2025-12-26,25-34,Male,Maharashtra,Nashik,2L+,New,Verified
U01278,2020-09-03,18-24,Female,Tamil Nadu,Madurai,1L-2L,Regular,Verified
U01279,2020-08-17,18-24,Male,Uttar Pradesh,Lucknow,25K-50K,Regular,Verified
U01280,2022-03-02,18-24,Male,Uttar Pradesh,Lucknow,25K-50K,Regular,Verified
U01281,2021-09-28,18-24,Male,Punjab,Chandigarh,25K-50K,Regular,Verified
U01282,2022-01-07,18-24,Male,Telangana,Warangal,2L+,Regular,Verified
U01283,2022-12-24,25-34,Male,Maharashtra,Nashik,50K-1L,Frequent,Verified
U01284,2020-03-28,25-34,Male,West Bengal,Kolkata,25K-50K,Regular,Verified
U01285,2021-12-13,55+,Male,Maharashtra,Nagpur,<25K,New,Pending
U01286,2024-10-15,25-34,Female,West Bengal,Siliguri,50K-1L,Regular,Verified
U01287,2023-05-12,18-24,Male,Delhi,New Delhi,2L+,Regular,Verified
U01288,2025-04-20,35-44,Male,Kerala,Thiruvananthapuram,50K-1L,Frequent,Verified
U01289,2023-11-06,45-54,Female,Telangana,Hyderabad,<25K,Regular,Verified
U01290,2021-08-23,35-44,Female,Delhi,Delhi,<25K,Regular,Verified
U01291,2024-02-08,25-34,Female,Maharashtra,Pune,25K-50K,Regular,Verified
U01292,2020-08-01,35-44,Female,Telangana,Warangal,1L-2L,Regular,Verified
U01293,2025-10-22,35-44,Female,Delhi,Delhi,2L+,Regular,Verified
U01294,2025-10-09,35-44,Male,Karnataka,Mangaluru,2L+,New,Verified
U01295,2021-11-28,35-44,Male,Maharashtra,Pune,50K-1L,Regular,Verified
U01296,2023-05-27,45-54,Male,Delhi,New Delhi,50K-1L,New,Pending
U01297,2025-08-21,45-54,Female,Karnataka,Mysuru,50K-1L,Regular,Verified
U01298,2025-09-10,35-44,Male,Karnataka,Mangaluru,50K-1L,Regular,Verified
U01299,2023-03-29,25-34,Male,Uttar Pradesh,Kanpur,50K-1L,New,Pending
U01300,2022-09-27,35-44,Male,Punjab,Ludhiana,25K-50K,Regular,Verified
U01301,2020-08-24,45-54,Male,Maharashtra,Nagpur,50K-1L,Regular,Verified
U01302,2023-04-19,18-24,Female,Karnataka,Mangaluru,<25K,Regular,Verified
U01303,2024-01-21,55+,Male,Uttar Pradesh,Noida,25K-50K,New,Verified
U01304,2023-01-08,25-34,Male,Delhi,New Delhi,1L-2L,Regular,Verified
U01305,2021-10-08,25-34,Female,Tamil Nadu,Chennai,1L-2L,New,Verified
U01306,2021-04-17,45-54,Female,Maharashtra,Pune,50K-1L,Regular,Verified
U01307,2020-04-21,25-34,Female,Telangana,Warangal,<25K,Regular,Verified
U01308,2025-01-19,25-34,Female,West Bengal,Kolkata,2L+,New,Verified
U01309,2024-07-12,18-24,Female,West Bengal,Siliguri,50K-1L,Frequent,Verified
U01310,2021-01-17,25-34,Male,Delhi,Delhi,25K-50K,New,Verified
U01311,2020-01-17,18-24,Male,Madhya Pradesh,Bhopal,50K-1L,Frequent,Verified
U01312,2021-05-07,25-34,Male,Madhya Pradesh,Bhopal,25K-50K,Frequent,Verified
U01313,2025-03-11,25-34,Male,Delhi,Delhi,25K-50K,Frequent,Verified
U01314,2024-02-18,55+,Male,Karnataka,Mysuru,1L-2L,Regular,Verified
U01315,2020-04-26,55+,Male,Punjab,Ludhiana,<25K,Frequent,Verified
U01316,2024-04-27,18-24,Male,Maharashtra,Nashik,<25K,Frequent,Verified
U01317,2022-05-29,35-44,Female,West Bengal,Kolkata,<25K,New,Verified
U01318,2025-12-02,18-24,Male,West Bengal,Siliguri,25K-50K,Regular,Verified
U01319,2024-12-23,18-24,Male,Punjab,Amritsar,<25K,New,Verified
U01320,2024-04-21,18-24,Female,Karnataka,Bengaluru,25K-50K,Regular,Verified
U01321,2024-07-06,55+,Male,West Bengal,Kolkata,<25K,Regular,Verified
U01322,2021-10-05,55+,Male,Telangana,Warangal,25K-50K,New,Verified
U01323,2023-09-21,25-34,Male,Maharashtra,Mumbai,25K-50K,Frequent,Verified
U01324,2020-12-01,18-24,Female,Rajasthan,Udaipur,<25K,New,Verified
U01325,2020-05-26,25-34,Male,West Bengal,Siliguri,50K-1L,Frequent,Verified
U01326,2020-05-01,25-34,Female,Delhi,New Delhi,50K-1L,New,Verified
U01327,2020-03-21,35-44,Female,Telangana,Hyderabad,<25K,Regular,Verified
U01328,2025-10-11,25-34,Female,West Bengal,Siliguri,50K-1L,New,Pending
U01329,2021-05-18,35-44,Male,Kerala,Thiruvananthapuram,2L+,Regular,Verified
U01330,2021-10-29,25-34,Male,Telangana,Hyderabad,2L+,Regular,Verified
U01331,2023-12-15,55+,Female,Uttar Pradesh,Noida,<25K,Regular,Verified
U01332,2023-09-07,35-44,Male,Rajasthan,Jaipur,1L-2L,Regular,Verified
U01333,2023-04-04,25-34,Female,Gujarat,Surat,25K-50K,Frequent,Verified
U01334,2024-06-08,45-54,Female,Delhi,New Delhi,<25K,New,Verified
U01335,2025-06-03,45-54,Male,Delhi,New Delhi,25K-50K,Frequent,Verified
U01336,2024-07-30,25-34,Female,Maharashtra,Mumbai,25K-50K,New,Verified
U01337,2021-04-03,25-34,Male,Punjab,Amritsar,50K-1L,New,Verified
U01338,2023-04-27,55+,Female,Telangana,Warangal,50K-1L,New,Verified
U01339,2021-04-08,18-24,Female,Karnataka,Mysuru,50K-1L,Frequent,Verified
U01340,2022-06-30,18-24,Male,Delhi,New Delhi,25K-50K,New,Verified
U01341,2022-10-22,25-34,Male,Telangana,Warangal,25K-50K,Frequent,Verified
U01342,2020-03-12,45-54,Female,Telangana,Warangal,25K-50K,Frequent,Verified
U01343,2023-12-21,35-44,Male,Kerala,Thiruvananthapuram,25K-50K,Regular,Verified
U01344,2023-04-08,45-54,Male,Tamil Nadu,Chennai,2L+,Regular,Verified
U01345,2025-01-22,25-34,Male,Tamil Nadu,Coimbatore,1L-2L,Frequent,Verified
U01346,2025-07-15,18-24,Female,Gujarat,Ahmedabad,2L+,Regular,Verified
U01347,2026-02-20,35-44,Male,Uttar Pradesh,Noida,50K-1L,New,Verified
U01348,2022-10-08,35-44,Male,Gujarat,Ahmedabad,25K-50K,Regular,Verified
U01349,2021-10-14,18-24,Female,West Bengal,Siliguri,25K-50K,Frequent,Verified
U01350,2023-07-22,18-24,Male,Karnataka,Mangaluru,25K-50K,Frequent,Verified
U01351,2020-01-07,18-24,Male,West Bengal,Siliguri,25K-50K,New,Verified
U01352,2022-06-23,35-44,Male,Madhya Pradesh,Bhopal,1L-2L,New,Verified
U01353,2025-07-21,45-54,Male,West Bengal,Kolkata,25K-50K,Frequent,Verified
U01354,2021-09-07,35-44,Male,Maharashtra,Nagpur,25K-50K,New,Verified
U01355,2025-02-16,55+,Male,West Bengal,Siliguri,1L-2L,Regular,Verified
U01356,2022-02-08,18-24,Male,Gujarat,Surat,1L-2L,New,Verified
U01357,2026-04-08,45-54,Male,Delhi,New Delhi,25K-50K,Frequent,Verified
U01358,2024-04-15,45-54,Male,Delhi,Delhi,50K-1L,Frequent,Verified
U01359,2024-01-25,25-34,Female,Tamil Nadu,Madurai,<25K,Regular,Verified
U01360,2023-12-11,55+,Female,Punjab,Ludhiana,50K-1L,New,Verified
U01361,2022-02-04,25-34,Male,Karnataka,Mysuru,<25K,Regular,Pending
U01362,2021-01-18,45-54,Female,Karnataka,Mysuru,<25K,Regular,Pending
U01363,2021-11-18,45-54,Male,Maharashtra,Mumbai,50K-1L,Regular,Verified
U01364,2023-02-23,35-44,Male,Gujarat,Vadodara,25K-50K,Regular,Verified
U01365,2020-02-16,35-44,Male,Tamil Nadu,Chennai,50K-1L,New,Pending
U01366,2025-05-26,18-24,Other,Kerala,Thiruvananthapuram,1L-2L,Regular,Verified
U01367,2021-04-08,25-34,Male,Madhya Pradesh,Indore,<25K,Frequent,Verified
U01368,2025-02-15,25-34,Female,Karnataka,Mangaluru,50K-1L,Regular,Pending
U01369,2020-05-02,45-54,Male,Delhi,Delhi,50K-1L,Regular,Verified
U01370,2025-12-21,35-44,Female,West Bengal,Kolkata,<25K,Regular,Pending
U01371,2024-06-30,45-54,Female,West Bengal,Siliguri,50K-1L,Frequent,Verified
U01372,2022-04-20,18-24,Female,Punjab,Amritsar,50K-1L,Regular,Verified
U01373,2024-05-04,45-54,Female,Tamil Nadu,Coimbatore,50K-1L,New,Verified
U01374,2024-12-08,55+,Female,Gujarat,Ahmedabad,2L+,New,Verified
U01375,2020-01-23,45-54,Female,Gujarat,Surat,50K-1L,Frequent,Verified
U01376,2021-07-19,18-24,Male,Uttar Pradesh,Varanasi,2L+,Frequent,Verified
U01377,2025-03-24,18-24,Male,Rajasthan,Udaipur,50K-1L,Regular,Verified
U01378,2022-08-22,18-24,Female,Karnataka,Mysuru,<25K,New,Verified
U01379,2026-04-01,35-44,Female,Gujarat,Surat,25K-50K,Regular,Verified
U01380,2022-09-22,35-44,Male,Punjab,Amritsar,<25K,Frequent,Verified
U01381,2023-04-02,55+,Male,Delhi,Delhi,50K-1L,Regular,Verified
U01382,2024-11-29,25-34,Male,Tamil Nadu,Coimbatore,50K-1L,New,Verified
U01383,2022-04-05,25-34,Female,Madhya Pradesh,Indore,25K-50K,Regular,Verified
U01384,2020-08-03,35-44,Male,Uttar Pradesh,Varanasi,<25K,Frequent,Verified
U01385,2021-10-18,45-54,Male,Punjab,Amritsar,25K-50K,New,Verified
U01386,2023-01-18,55+,Male,Telangana,Warangal,<25K,Regular,Pending
U01387,2025-06-10,45-54,Female,Maharashtra,Nagpur,50K-1L,Regular,Verified
U01388,2020-11-06,25-34,Female,Madhya Pradesh,Indore,1L-2L,Regular,Verified
U01389,2021-07-10,35-44,Female,Telangana,Warangal,2L+,Regular,Verified
U01390,2026-04-23,45-54,Female,Kerala,Thiruvananthapuram,<25K,Regular,Verified
U01391,2024-04-05,25-34,Male,West Bengal,Kolkata,50K-1L,New,Verified
U01392,2020-02-21,25-34,Male,Maharashtra,Nashik,50K-1L,New,Verified
U01393,2023-09-23,18-24,Male,Karnataka,Bengaluru,2L+,Regular,Verified
U01394,2023-04-09,18-24,Male,Delhi,New Delhi,50K-1L,New,Pending
U01395,2024-07-06,35-44,Male,Maharashtra,Nashik,<25K,Regular,Verified
U01396,2026-06-05,18-24,Female,Rajasthan,Udaipur,25K-50K,Regular,Verified
U01397,2021-11-02,25-34,Male,Telangana,Warangal,50K-1L,New,Verified
U01398,2022-02-16,25-34,Male,Karnataka,Mangaluru,50K-1L,Regular,Verified
U01399,2022-04-11,35-44,Female,Rajasthan,Jodhpur,1L-2L,Regular,Verified
U01400,2026-03-29,25-34,Female,West Bengal,Siliguri,<25K,Regular,Verified
U01401,2025-02-03,35-44,Male,Rajasthan,Jaipur,2L+,Regular,Verified
U01402,2024-03-09,18-24,Male,Uttar Pradesh,Kanpur,<25K,Frequent,Verified
U01403,2025-09-06,18-24,Female,Uttar Pradesh,Varanasi,2L+,Regular,Verified
U01404,2025-05-26,25-34,Male,Kerala,Kochi,1L-2L,Regular,Pending
U01405,2022-12-10,25-34,Male,Tamil Nadu,Chennai,50K-1L,New,Pending
U01406,2024-09-12,25-34,Male,Madhya Pradesh,Indore,50K-1L,New,Verified
U01407,2023-07-07,18-24,Female,Madhya Pradesh,Jabalpur,<25K,New,Verified
U01408,2021-08-13,45-54,Female,Karnataka,Mysuru,<25K,Frequent,Verified
U01409,2025-06-09,35-44,Male,West Bengal,Kolkata,<25K,Regular,Verified
U01410,2022-09-28,18-24,Male,Gujarat,Vadodara,<25K,New,Pending
U01411,2026-02-09,18-24,Female,Kerala,Thiruvananthapuram,50K-1L,Regular,Verified
U01412,2022-11-12,55+,Female,Uttar Pradesh,Noida,25K-50K,New,Verified
U01413,2025-12-16,35-44,Female,Karnataka,Bengaluru,1L-2L,New,Verified
U01414,2026-05-27,25-34,Female,Gujarat,Ahmedabad,25K-50K,Regular,Pending
U01415,2025-01-29,35-44,Male,Madhya Pradesh,Jabalpur,50K-1L,Regular,Verified
U01416,2021-05-15,35-44,Male,Tamil Nadu,Coimbatore,50K-1L,Regular,Verified
U01417,2026-02-11,35-44,Female,Rajasthan,Jaipur,25K-50K,Regular,Pending
U01418,2021-04-23,25-34,Female,Uttar Pradesh,Kanpur,25K-50K,Regular,Verified
U01419,2024-05-13,25-34,Male,Karnataka,Mysuru,25K-50K,Frequent,Verified
U01420,2021-05-27,18-24,Female,Maharashtra,Nashik,1L-2L,Frequent,Verified
U01421,2026-05-21,55+,Male,Gujarat,Vadodara,50K-1L,Frequent,Verified
U01422,2021-08-23,35-44,Male,Rajasthan,Jaipur,25K-50K,Frequent,Verified
U01423,2023-12-11,25-34,Male,Uttar Pradesh,Lucknow,1L-2L,Regular,Verified
U01424,2023-01-28,45-54,Female,Madhya Pradesh,Bhopal,<25K,Regular,Verified
U01425,2020-07-07,45-54,Female,Punjab,Chandigarh,50K-1L,Regular,Verified
U01426,2022-09-15,55+,Male,West Bengal,Siliguri,25K-50K,Frequent,Verified
U01427,2025-02-24,45-54,Female,Gujarat,Surat,50K-1L,Regular,Verified
U01428,2021-01-22,55+,Female,Madhya Pradesh,Indore,2L+,New,Verified
U01429,2026-04-07,25-34,Male,Uttar Pradesh,Lucknow,1L-2L,Frequent,Verified
U01430,2024-12-10,45-54,Male,Gujarat,Vadodara,25K-50K,Frequent,Pending
U01431,2025-07-26,45-54,Male,Kerala,Thiruvananthapuram,<25K,Frequent,Verified
U01432,2024-10-20,25-34,Female,Rajasthan,Jodhpur,1L-2L,New,Verified
U01433,2026-02-01,18-24,Male,Uttar Pradesh,Varanasi,25K-50K,Regular,Verified
U01434,2021-01-21,55+,Male,Kerala,Thiruvananthapuram,<25K,Regular,Verified
U01435,2024-02-03,25-34,Female,Telangana,Hyderabad,50K-1L,Regular,Verified
U01436,2022-05-02,45-54,Male,Karnataka,Mysuru,25K-50K,New,Verified
U01437,2021-03-27,18-24,Female,Punjab,Chandigarh,<25K,Regular,Verified
U01438,2026-05-13,18-24,Female,Rajasthan,Jodhpur,1L-2L,New,Pending
U01439,2024-10-24,25-34,Female,Gujarat,Ahmedabad,25K-50K,Regular,Verified
U01440,2020-07-31,25-34,Male,West Bengal,Kolkata,25K-50K,Regular,Verified
U01441,2020-02-10,35-44,Male,Madhya Pradesh,Jabalpur,50K-1L,Frequent,Verified
U01442,2023-02-19,35-44,Female,Maharashtra,Nagpur,1L-2L,New,Verified
U01443,2026-05-30,18-24,Female,Madhya Pradesh,Indore,<25K,Regular,Verified
U01444,2021-08-22,18-24,Female,Gujarat,Vadodara,50K-1L,New,Verified
U01445,2025-07-17,25-34,Female,Punjab,Amritsar,1L-2L,New,Pending
U01446,2025-07-23,25-34,Female,Madhya Pradesh,Bhopal,25K-50K,Regular,Verified
U01447,2024-11-17,45-54,Female,Karnataka,Mysuru,25K-50K,Regular,Verified
U01448,2025-01-25,25-34,Female,Punjab,Chandigarh,<25K,Frequent,Verified
U01449,2024-11-14,18-24,Male,Uttar Pradesh,Varanasi,50K-1L,Regular,Verified
U01450,2025-03-19,25-34,Male,Kerala,Thiruvananthapuram,1L-2L,Frequent,Verified
U01451,2025-09-22,18-24,Male,Maharashtra,Mumbai,<25K,New,Verified
U01452,2020-05-23,18-24,Female,Delhi,New Delhi,1L-2L,New,Pending
U01453,2020-11-28,25-34,Female,Gujarat,Vadodara,1L-2L,New,Verified
U01454,2022-09-24,45-54,Male,Tamil Nadu,Chennai,25K-50K,Frequent,Verified
U01455,2023-11-20,55+,Female,Delhi,New Delhi,50K-1L,New,Verified
U01456,2020-02-24,45-54,Female,Madhya Pradesh,Indore,<25K,New,Verified
U01457,2023-08-23,25-34,Male,Gujarat,Surat,2L+,Regular,Verified
U01458,2023-12-17,25-34,Male,Kerala,Kochi,50K-1L,New,Verified
U01459,2023-12-11,35-44,Female,Telangana,Hyderabad,50K-1L,New,Verified
U01460,2026-06-30,35-44,Female,Kerala,Kochi,50K-1L,New,Verified
U01461,2024-09-29,55+,Male,Tamil Nadu,Coimbatore,50K-1L,New,Verified
U01462,2024-08-21,18-24,Female,Maharashtra,Pune,1L-2L,Regular,Verified
U01463,2020-03-20,18-24,Male,Kerala,Kochi,50K-1L,Regular,Verified
U01464,2022-09-11,35-44,Male,West Bengal,Kolkata,1L-2L,New,Verified
U01465,2022-05-14,45-54,Male,Telangana,Warangal,50K-1L,New,Verified
U01466,2024-05-06,45-54,Male,Delhi,New Delhi,<25K,Frequent,Verified
U01467,2021-04-16,35-44,Female,Uttar Pradesh,Lucknow,1L-2L,Regular,Verified
U01468,2025-10-22,55+,Female,Karnataka,Mangaluru,50K-1L,Regular,Verified
U01469,2024-04-25,25-34,Male,West Bengal,Kolkata,50K-1L,Regular,Verified
U01470,2024-02-11,45-54,Male,Telangana,Warangal,2L+,New,Verified
U01471,2021-08-11,55+,Male,Uttar Pradesh,Varanasi,<25K,Frequent,Verified
U01472,2023-11-11,45-54,Male,Uttar Pradesh,Kanpur,25K-50K,Regular,Verified
U01473,2025-03-20,25-34,Male,Gujarat,Vadodara,25K-50K,New,Verified
U01474,2021-07-17,25-34,Male,Telangana,Hyderabad,50K-1L,Regular,Verified
U01475,2021-04-11,35-44,Male,Maharashtra,Nagpur,1L-2L,Regular,Verified
U01476,2021-08-21,25-34,Male,Madhya Pradesh,Bhopal,2L+,New,Verified
U01477,2024-07-02,45-54,Male,Tamil Nadu,Madurai,25K-50K,Frequent,Verified
U01478,2022-09-18,18-24,Female,Tamil Nadu,Chennai,1L-2L,Frequent,Verified
U01479,2025-04-16,25-34,Male,Delhi,Delhi,1L-2L,New,Verified
U01480,2026-04-14,35-44,Male,Delhi,Delhi,50K-1L,Regular,Verified
U01481,2024-05-23,18-24,Female,Tamil Nadu,Madurai,25K-50K,Frequent,Verified
U01482,2020-03-07,25-34,Male,Kerala,Thiruvananthapuram,50K-1L,New,Verified
U01483,2021-04-14,25-34,Male,Maharashtra,Pune,2L+,Regular,Verified
U01484,2024-09-20,35-44,Male,Kerala,Kochi,2L+,Regular,Verified
U01485,2026-05-22,18-24,Female,Kerala,Kochi,50K-1L,Regular,Verified
U01486,2024-06-19,45-54,Male,Karnataka,Mangaluru,1L-2L,Regular,Verified
U01487,2026-06-17,25-34,Female,Rajasthan,Udaipur,25K-50K,Regular,Verified
U01488,2026-06-14,45-54,Male,Madhya Pradesh,Indore,25K-50K,Frequent,Verified
U01489,2022-02-13,25-34,Female,Karnataka,Mangaluru,2L+,Regular,Verified
U01490,2023-02-10,25-34,Male,Gujarat,Ahmedabad,<25K,Frequent,Verified
U01491,2025-07-04,18-24,Male,Rajasthan,Jaipur,<25K,New,Verified
U01492,2024-01-26,18-24,Female,Rajasthan,Udaipur,25K-50K,Regular,Verified
U01493,2020-05-11,25-34,Male,Telangana,Hyderabad,50K-1L,New,Pending
U01494,2022-07-18,18-24,Male,Maharashtra,Nashik,50K-1L,Regular,Verified
U01495,2022-07-17,25-34,Female,Maharashtra,Pune,25K-50K,New,Verified
U01496,2025-12-08,35-44,Female,Rajasthan,Jaipur,2L+,Frequent,Verified
U01497,2023-05-05,25-34,Female,Kerala,Thiruvananthapuram,1L-2L,Regular,Pending
U01498,2024-02-14,18-24,Female,Telangana,Hyderabad,25K-50K,New,Verified
U01499,2021-09-25,35-44,Male,Madhya Pradesh,Indore,25K-50K,Regular,Verified
U01500,2022-11-28,55+,Male,Rajasthan,Jodhpur,50K-1L,Frequent,Verified
U01501,2023-03-30,18-24,Female,West Bengal,Siliguri,50K-1L,Regular,Verified
U01502,2020-10-15,18-24,Male,Delhi,New Delhi,25K-50K,New,Verified
U01503,2026-02-25,55+,Male,Delhi,New Delhi,25K-50K,Frequent,Verified
U01504,2024-12-16,18-24,Female,Karnataka,Mangaluru,25K-50K,Regular,Verified
U01505,2021-06-11,55+,Female,Gujarat,Ahmedabad,25K-50K,Regular,Verified
U01506,2022-07-05,18-24,Female,Punjab,Ludhiana,25K-50K,Regular,Verified
U01507,2024-09-04,45-54,Male,Punjab,Chandigarh,50K-1L,Regular,Verified
U01508,2023-11-07,25-34,Male,Delhi,Delhi,50K-1L,Frequent,Verified
U01509,2023-05-26,55+,Male,Uttar Pradesh,Kanpur,1L-2L,Regular,Verified
U01510,2023-01-15,25-34,Female,Karnataka,Mysuru,25K-50K,New,Verified
U01511,2022-03-09,35-44,Male,Punjab,Chandigarh,1L-2L,Frequent,Verified
U01512,2024-03-03,18-24,Male,Delhi,Delhi,<25K,New,Verified
U01513,2020-01-12,25-34,Male,Gujarat,Vadodara,25K-50K,Frequent,Verified
U01514,2022-04-12,35-44,Female,Punjab,Ludhiana,1L-2L,Regular,Verified
U01515,2023-05-26,25-34,Male,Kerala,Kochi,50K-1L,Regular,Pending
U01516,2024-07-30,55+,Male,Kerala,Kochi,25K-50K,New,Verified
U01517,2025-11-23,25-34,Female,Maharashtra,Mumbai,50K-1L,Frequent,Verified
U01518,2021-11-21,45-54,Female,Maharashtra,Nashik,1L-2L,Regular,Verified
U01519,2021-06-11,25-34,Male,Madhya Pradesh,Indore,50K-1L,Frequent,Pending
U01520,2024-02-04,55+,Male,Rajasthan,Udaipur,1L-2L,Regular,Pending
U01521,2022-06-11,55+,Male,West Bengal,Siliguri,2L+,New,Verified
U01522,2021-01-21,25-34,Male,Maharashtra,Nashik,50K-1L,Regular,Verified
U01523,2023-06-03,45-54,Male,Punjab,Chandigarh,50K-1L,Regular,Verified
U01524,2024-11-12,45-54,Female,Telangana,Hyderabad,<25K,Regular,Verified
U01525,2021-02-11,25-34,Female,Delhi,New Delhi,25K-50K,Frequent,Verified
U01526,2024-08-03,35-44,Male,Telangana,Warangal,50K-1L,Regular,Verified
U01527,2022-06-16,18-24,Female,Gujarat,Vadodara,1L-2L,Regular,Verified
U01528,2021-12-11,45-54,Female,Maharashtra,Nagpur,25K-50K,Frequent,Verified
U01529,2024-08-09,18-24,Male,West Bengal,Siliguri,2L+,New,Pending
U01530,2022-07-06,18-24,Male,Gujarat,Surat,25K-50K,Frequent,Verified
U01531,2026-02-28,25-34,Female,Uttar Pradesh,Noida,50K-1L,Regular,Verified
U01532,2021-02-20,35-44,Female,Uttar Pradesh,Varanasi,25K-50K,Regular,Verified
U01533,2021-02-19,45-54,Male,Telangana,Hyderabad,25K-50K,Regular,Verified
U01534,2024-01-11,55+,Female,Rajasthan,Udaipur,1L-2L,Regular,Verified
U01535,2024-03-15,25-34,Male,Karnataka,Mangaluru,25K-50K,New,Verified
U01536,2020-03-25,18-24,Female,Rajasthan,Jodhpur,<25K,Frequent,Verified
U01537,2020-06-15,35-44,Male,Punjab,Ludhiana,50K-1L,Frequent,Verified
U01538,2022-12-31,35-44,Male,Kerala,Thiruvananthapuram,50K-1L,New,Verified
U01539,2022-03-20,25-34,Male,Madhya Pradesh,Indore,1L-2L,Frequent,Verified
U01540,2024-03-24,25-34,Female,Rajasthan,Jodhpur,2L+,Regular,Pending
U01541,2024-12-21,25-34,Male,Madhya Pradesh,Jabalpur,<25K,Frequent,Verified
U01542,2022-09-19,25-34,Female,Madhya Pradesh,Jabalpur,50K-1L,New,Pending
U01543,2023-07-05,35-44,Female,West Bengal,Siliguri,50K-1L,Regular,Verified
U01544,2020-10-01,35-44,Male,Maharashtra,Nagpur,2L+,Regular,Verified
U01545,2024-11-08,45-54,Male,West Bengal,Kolkata,2L+,New,Verified
U01546,2024-10-22,35-44,Male,Madhya Pradesh,Jabalpur,50K-1L,Regular,Verified
U01547,2022-06-10,25-34,Female,Gujarat,Surat,50K-1L,Regular,Verified
U01548,2020-03-29,45-54,Female,Uttar Pradesh,Kanpur,<25K,New,Verified
U01549,2021-12-08,35-44,Male,Madhya Pradesh,Bhopal,25K-50K,Regular,Verified
U01550,2021-01-21,25-34,Male,West Bengal,Siliguri,50K-1L,Frequent,Verified
U01551,2025-11-04,35-44,Male,Gujarat,Vadodara,50K-1L,Regular,Verified
U01552,2026-06-12,25-34,Male,West Bengal,Kolkata,50K-1L,New,Verified
U01553,2025-02-16,45-54,Female,Rajasthan,Udaipur,50K-1L,Regular,Verified
U01554,2023-03-23,25-34,Male,Delhi,Delhi,25K-50K,Regular,Verified
U01555,2021-03-15,35-44,Female,Telangana,Hyderabad,50K-1L,Regular,Verified
U01556,2026-04-30,18-24,Male,Karnataka,Mangaluru,<25K,Frequent,Verified
U01557,2022-09-03,25-34,Male,Kerala,Thiruvananthapuram,<25K,New,Verified
U01558,2022-01-04,55+,Male,West Bengal,Siliguri,<25K,Regular,Pending
U01559,2021-09-24,45-54,Male,Karnataka,Mysuru,1L-2L,Frequent,Verified
U01560,2022-09-19,18-24,Female,Tamil Nadu,Coimbatore,<25K,Frequent,Verified
U01561,2020-06-21,25-34,Male,West Bengal,Kolkata,1L-2L,Regular,Verified
U01562,2020-01-04,25-34,Female,Delhi,Delhi,25K-50K,New,Verified
U01563,2024-07-21,35-44,Female,Karnataka,Bengaluru,25K-50K,Regular,Verified
U01564,2025-07-08,35-44,Female,Kerala,Kochi,1L-2L,New,Verified
U01565,2024-02-04,35-44,Male,Madhya Pradesh,Jabalpur,50K-1L,Regular,Verified
U01566,2022-11-26,25-34,Female,West Bengal,Siliguri,25K-50K,New,Verified
U01567,2022-11-20,45-54,Male,Maharashtra,Pune,25K-50K,New,Verified
U01568,2021-01-15,25-34,Male,Telangana,Hyderabad,2L+,Regular,Verified
U01569,2023-07-15,18-24,Male,Delhi,Delhi,25K-50K,Regular,Verified
U01570,2024-05-11,35-44,Female,Punjab,Chandigarh,50K-1L,Regular,Verified
U01571,2020-06-14,55+,Female,Punjab,Chandigarh,25K-50K,Regular,Verified
U01572,2022-11-08,45-54,Male,Karnataka,Mangaluru,25K-50K,Regular,Verified
U01573,2024-07-09,35-44,Male,Delhi,New Delhi,25K-50K,Regular,Verified
U01574,2023-04-22,35-44,Female,Gujarat,Ahmedabad,50K-1L,Regular,Verified
U01575,2021-06-28,55+,Male,Kerala,Thiruvananthapuram,50K-1L,Regular,Verified
U01576,2026-02-17,25-34,Male,Telangana,Warangal,25K-50K,Regular,Verified
U01577,2026-06-25,25-34,Male,Madhya Pradesh,Bhopal,1L-2L,Regular,Verified
U01578,2020-04-06,55+,Male,West Bengal,Siliguri,1L-2L,Regular,Verified
U01579,2023-07-25,45-54,Male,West Bengal,Siliguri,2L+,Regular,Verified
U01580,2025-08-18,25-34,Male,Punjab,Chandigarh,<25K,Regular,Verified
U01581,2021-04-01,25-34,Female,West Bengal,Kolkata,25K-50K,Frequent,Verified
U01582,2024-12-23,25-34,Male,Telangana,Hyderabad,1L-2L,Regular,Verified
U01583,2020-09-29,18-24,Male,Maharashtra,Mumbai,<25K,Regular,Verified
U01584,2022-10-28,55+,Female,Tamil Nadu,Coimbatore,<25K,Regular,Pending
U01585,2020-07-26,25-34,Male,Uttar Pradesh,Lucknow,1L-2L,New,Verified
U01586,2025-04-21,45-54,Female,Rajasthan,Jaipur,25K-50K,Regular,Verified
U01587,2024-07-18,25-34,Female,Karnataka,Bengaluru,25K-50K,Regular,Verified
U01588,2023-02-20,35-44,Female,Maharashtra,Mumbai,25K-50K,New,Verified
U01589,2022-11-22,18-24,Male,Madhya Pradesh,Indore,1L-2L,Regular,Verified
U01590,2024-03-16,35-44,Male,Punjab,Amritsar,25K-50K,Regular,Verified
U01591,2020-07-22,35-44,Female,Karnataka,Mysuru,1L-2L,Frequent,Verified
U01592,2025-01-06,35-44,Male,West Bengal,Kolkata,50K-1L,Frequent,Pending
U01593,2021-03-18,18-24,Female,Delhi,Delhi,50K-1L,Regular,Verified
U01594,2021-11-19,25-34,Male,Madhya Pradesh,Bhopal,25K-50K,Regular,Verified
U01595,2022-04-12,18-24,Male,Karnataka,Mangaluru,25K-50K,New,Verified
U01596,2024-01-01,25-34,Male,Kerala,Thiruvananthapuram,50K-1L,New,Verified
U01597,2023-03-05,35-44,Male,West Bengal,Kolkata,25K-50K,Frequent,Verified
U01598,2021-01-21,35-44,Female,Karnataka,Mangaluru,1L-2L,New,Verified
U01599,2025-08-03,35-44,Male,Delhi,Delhi,25K-50K,Regular,Verified
U01600,2023-09-10,35-44,Male,Kerala,Thiruvananthapuram,50K-1L,Frequent,Verified
U01601,2024-09-14,25-34,Female,West Bengal,Kolkata,25K-50K,Frequent,Verified
U01602,2021-11-10,25-34,Male,Tamil Nadu,Coimbatore,1L-2L,Frequent,Pending
U01603,2021-11-20,18-24,Male,Maharashtra,Mumbai,25K-50K,Frequent,Pending
U01604,2024-04-17,45-54,Female,Gujarat,Vadodara,25K-50K,Regular,Verified
U01605,2023-03-15,35-44,Male,Punjab,Ludhiana,1L-2L,New,Verified
U01606,2022-06-11,25-34,Male,Rajasthan,Jodhpur,50K-1L,Regular,Verified
U01607,2022-08-10,18-24,Male,Telangana,Warangal,50K-1L,Regular,Verified
U01608,2023-06-08,45-54,Female,Punjab,Chandigarh,50K-1L,Regular,Verified
U01609,2022-02-22,35-44,Female,Rajasthan,Jodhpur,50K-1L,Frequent,Verified
U01610,2025-08-08,35-44,Female,Madhya Pradesh,Indore,25K-50K,Regular,Verified
U01611,2025-02-14,25-34,Male,Rajasthan,Udaipur,<25K,New,Verified
U01612,2021-05-09,25-34,Male,West Bengal,Kolkata,1L-2L,Regular,Verified
U01613,2022-01-16,55+,Male,Tamil Nadu,Coimbatore,<25K,New,Verified
U01614,2025-01-28,45-54,Female,Gujarat,Ahmedabad,50K-1L,Frequent,Verified
U01615,2025-12-31,25-34,Female,Maharashtra,Nagpur,<25K,Regular,Verified
U01616,2021-10-18,45-54,Male,Maharashtra,Mumbai,25K-50K,Regular,Verified
U01617,2025-02-25,35-44,Male,Delhi,Delhi,<25K,Regular,Verified
U01618,2024-12-01,25-34,Male,Telangana,Warangal,50K-1L,Regular,Pending
U01619,2020-09-24,25-34,Male,Karnataka,Mysuru,50K-1L,Frequent,Verified
U01620,2026-01-25,25-34,Male,Tamil Nadu,Madurai,<25K,Regular,Verified
U01621,2024-10-28,18-24,Male,Karnataka,Mysuru,25K-50K,Frequent,Verified
U01622,2025-09-11,35-44,Male,Gujarat,Ahmedabad,2L+,Frequent,Verified
U01623,2021-01-11,25-34,Female,Rajasthan,Jodhpur,25K-50K,Frequent,Verified
U01624,2024-05-04,45-54,Male,Maharashtra,Nashik,1L-2L,Regular,Verified
U01625,2024-01-03,55+,Male,Gujarat,Surat,2L+,Frequent,Pending
U01626,2021-05-03,18-24,Female,Rajasthan,Udaipur,2L+,Regular,Verified
U01627,2021-12-22,25-34,Female,Maharashtra,Nashik,1L-2L,Frequent,Verified
U01628,2022-08-03,45-54,Female,Rajasthan,Jaipur,25K-50K,Frequent,Verified
U01629,2025-09-17,45-54,Male,Telangana,Hyderabad,2L+,Frequent,Verified
U01630,2024-06-23,35-44,Female,Tamil Nadu,Madurai,1L-2L,Frequent,Verified
U01631,2022-11-06,25-34,Female,Punjab,Amritsar,1L-2L,Regular,Verified
U01632,2026-03-23,25-34,Male,Kerala,Thiruvananthapuram,<25K,New,Verified
U01633,2025-10-15,35-44,Female,Madhya Pradesh,Indore,2L+,Regular,Verified
U01634,2024-08-04,55+,Male,Gujarat,Vadodara,1L-2L,Frequent,Verified
U01635,2022-09-25,25-34,Male,Gujarat,Surat,1L-2L,New,Verified
U01636,2024-11-12,55+,Male,Kerala,Thiruvananthapuram,<25K,Regular,Verified
U01637,2026-04-03,25-34,Female,Punjab,Chandigarh,25K-50K,Regular,Verified
U01638,2022-08-14,55+,Female,Uttar Pradesh,Kanpur,2L+,Regular,Verified
U01639,2024-05-08,35-44,Female,West Bengal,Kolkata,50K-1L,Frequent,Verified
U01640,2023-03-07,25-34,Male,Telangana,Warangal,25K-50K,Regular,Verified
U01641,2025-02-11,35-44,Male,Telangana,Warangal,1L-2L,Frequent,Verified
U01642,2021-07-06,25-34,Female,Kerala,Thiruvananthapuram,<25K,Regular,Verified
U01643,2024-06-21,25-34,Male,Karnataka,Mysuru,25K-50K,Frequent,Verified
U01644,2021-11-25,18-24,Female,Rajasthan,Udaipur,25K-50K,Regular,Verified
U01645,2020-11-12,18-24,Other,West Bengal,Siliguri,25K-50K,New,Verified
U01646,2022-02-06,25-34,Male,Tamil Nadu,Madurai,25K-50K,Frequent,Verified
U01647,2025-05-25,35-44,Male,Tamil Nadu,Chennai,25K-50K,Regular,Verified
U01648,2026-04-24,35-44,Male,Kerala,Thiruvananthapuram,<25K,Regular,Verified
U01649,2024-02-12,18-24,Male,Telangana,Hyderabad,50K-1L,Regular,Pending
U01650,2020-05-02,45-54,Male,Tamil Nadu,Coimbatore,1L-2L,Regular,Verified
U01651,2025-02-11,35-44,Male,Uttar Pradesh,Lucknow,50K-1L,Regular,Verified
U01652,2024-07-29,55+,Male,Gujarat,Surat,25K-50K,New,Verified
U01653,2022-12-18,35-44,Male,Delhi,New Delhi,<25K,Regular,Verified
U01654,2024-09-24,18-24,Male,Madhya Pradesh,Indore,1L-2L,Regular,Verified
U01655,2026-04-26,25-34,Male,Kerala,Thiruvananthapuram,2L+,Regular,Verified
U01656,2025-06-19,35-44,Male,Karnataka,Mysuru,25K-50K,Regular,Verified
U01657,2025-11-12,18-24,Male,Rajasthan,Jaipur,25K-50K,Frequent,Pending
U01658,2023-02-22,18-24,Female,Madhya Pradesh,Jabalpur,50K-1L,Regular,Verified
U01659,2025-09-19,18-24,Female,Rajasthan,Jaipur,1L-2L,Frequent,Verified
U01660,2025-03-29,25-34,Female,Maharashtra,Pune,25K-50K,Regular,Verified
U01661,2020-09-10,25-34,Male,Madhya Pradesh,Bhopal,50K-1L,Regular,Verified
U01662,2020-01-07,25-34,Female,Delhi,New Delhi,50K-1L,New,Verified
U01663,2025-10-17,18-24,Other,Telangana,Warangal,2L+,New,Verified
U01664,2021-06-25,35-44,Male,Uttar Pradesh,Lucknow,<25K,Regular,Pending
U01665,2020-03-29,35-44,Male,Gujarat,Ahmedabad,2L+,Regular,Verified
U01666,2025-04-22,25-34,Female,Gujarat,Ahmedabad,25K-50K,Frequent,Pending
U01667,2020-07-31,18-24,Male,Uttar Pradesh,Varanasi,50K-1L,Regular,Verified
U01668,2020-09-22,18-24,Male,West Bengal,Siliguri,50K-1L,Frequent,Verified
U01669,2026-05-29,25-34,Male,Maharashtra,Nashik,25K-50K,Frequent,Verified
U01670,2023-05-15,18-24,Female,Rajasthan,Jaipur,50K-1L,New,Verified
U01671,2022-10-01,25-34,Male,Delhi,Delhi,25K-50K,Regular,Verified
U01672,2025-09-25,35-44,Male,Tamil Nadu,Madurai,<25K,Regular,Verified
U01673,2021-09-13,35-44,Male,Madhya Pradesh,Bhopal,25K-50K,Regular,Verified
U01674,2021-03-02,25-34,Male,Maharashtra,Pune,50K-1L,Regular,Verified
U01675,2020-07-28,25-34,Male,Kerala,Thiruvananthapuram,25K-50K,Frequent,Pending
U01676,2022-06-06,35-44,Male,Madhya Pradesh,Indore,2L+,Frequent,Verified
U01677,2023-12-14,45-54,Male,Delhi,New Delhi,25K-50K,Frequent,Verified
U01678,2020-06-02,35-44,Male,Karnataka,Mysuru,25K-50K,Regular,Verified
U01679,2021-02-18,35-44,Male,Karnataka,Mysuru,<25K,Regular,Verified
U01680,2023-03-26,25-34,Female,Maharashtra,Mumbai,50K-1L,Regular,Verified
U01681,2023-07-08,25-34,Female,Telangana,Hyderabad,25K-50K,Regular,Verified
U01682,2022-02-07,45-54,Female,Delhi,New Delhi,25K-50K,Regular,Verified
U01683,2022-09-09,18-24,Female,Delhi,Delhi,25K-50K,New,Verified
U01684,2024-02-20,55+,Female,Uttar Pradesh,Lucknow,<25K,Frequent,Verified
U01685,2021-08-01,35-44,Female,Telangana,Warangal,1L-2L,Frequent,Verified
U01686,2026-01-19,35-44,Male,Rajasthan,Jodhpur,50K-1L,Regular,Verified
U01687,2022-11-04,18-24,Female,Rajasthan,Udaipur,25K-50K,Frequent,Verified
U01688,2026-02-20,35-44,Female,Tamil Nadu,Madurai,<25K,Regular,Verified
U01689,2021-06-25,25-34,Male,Gujarat,Vadodara,1L-2L,New,Verified
U01690,2020-12-24,18-24,Male,Karnataka,Mangaluru,<25K,Frequent,Verified
U01691,2022-04-29,25-34,Male,Kerala,Thiruvananthapuram,2L+,Frequent,Verified
U01692,2021-03-02,45-54,Male,Rajasthan,Udaipur,25K-50K,Regular,Verified
U01693,2021-04-30,35-44,Male,Telangana,Hyderabad,25K-50K,New,Verified
U01694,2025-01-05,25-34,Female,Delhi,Delhi,50K-1L,Frequent,Verified
U01695,2024-01-12,18-24,Female,Kerala,Thiruvananthapuram,1L-2L,New,Verified
U01696,2023-12-07,35-44,Female,Punjab,Ludhiana,25K-50K,Regular,Verified
U01697,2020-11-25,35-44,Female,Rajasthan,Jodhpur,25K-50K,Regular,Verified
U01698,2024-10-21,35-44,Other,Delhi,New Delhi,25K-50K,Frequent,Pending
U01699,2023-03-16,25-34,Female,Rajasthan,Jodhpur,2L+,Regular,Verified
U01700,2020-09-15,25-34,Female,Karnataka,Mangaluru,50K-1L,Frequent,Verified
U01701,2026-05-28,35-44,Female,Punjab,Chandigarh,25K-50K,Regular,Verified
U01702,2020-05-22,25-34,Male,Madhya Pradesh,Indore,<25K,Regular,Verified
U01703,2025-07-09,55+,Female,Rajasthan,Jaipur,25K-50K,Frequent,Verified
U01704,2021-09-18,35-44,Female,Telangana,Hyderabad,25K-50K,New,Verified
U01705,2023-10-20,25-34,Female,Rajasthan,Udaipur,25K-50K,Regular,Verified
U01706,2020-03-30,25-34,Female,Gujarat,Surat,50K-1L,Regular,Verified
U01707,2021-12-20,45-54,Female,Kerala,Thiruvananthapuram,<25K,Frequent,Verified
U01708,2021-04-25,18-24,Male,Kerala,Kochi,25K-50K,New,Verified
U01709,2025-11-01,25-34,Female,Karnataka,Bengaluru,50K-1L,Regular,Verified
U01710,2023-01-05,35-44,Male,Telangana,Warangal,25K-50K,Regular,Verified
U01711,2021-11-03,25-34,Male,Punjab,Amritsar,<25K,Regular,Pending
U01712,2021-05-31,45-54,Male,Uttar Pradesh,Noida,<25K,New,Verified
U01713,2024-06-01,18-24,Female,Telangana,Warangal,<25K,Regular,Verified
U01714,2022-02-20,35-44,Female,Kerala,Kochi,1L-2L,Regular,Verified
U01715,2025-11-21,18-24,Female,Gujarat,Surat,50K-1L,New,Verified
U01716,2025-07-28,18-24,Male,Madhya Pradesh,Bhopal,<25K,Regular,Verified
U01717,2021-11-17,45-54,Male,Karnataka,Mysuru,25K-50K,Frequent,Pending
U01718,2024-05-08,35-44,Male,Uttar Pradesh,Noida,25K-50K,New,Verified
U01719,2022-06-18,25-34,Male,Gujarat,Ahmedabad,50K-1L,Regular,Verified
U01720,2024-02-10,25-34,Male,Punjab,Chandigarh,50K-1L,Regular,Verified
U01721,2020-08-10,35-44,Male,Punjab,Chandigarh,25K-50K,New,Verified
U01722,2022-12-12,25-34,Female,Gujarat,Ahmedabad,25K-50K,New,Verified
U01723,2023-01-05,55+,Male,Maharashtra,Mumbai,<25K,Regular,Verified
U01724,2024-10-07,55+,Female,Karnataka,Mangaluru,50K-1L,Frequent,Verified
U01725,2021-05-17,35-44,Male,Telangana,Warangal,1L-2L,New,Verified
U01726,2023-09-01,25-34,Female,Delhi,Delhi,2L+,Frequent,Verified
U01727,2021-09-15,25-34,Female,Madhya Pradesh,Jabalpur,<25K,Regular,Verified
U01728,2025-03-01,35-44,Male,Delhi,Delhi,50K-1L,Regular,Verified
U01729,2026-01-21,18-24,Male,Telangana,Hyderabad,50K-1L,Regular,Pending
U01730,2022-11-16,25-34,Female,Telangana,Warangal,2L+,Frequent,Verified
U01731,2022-12-29,18-24,Female,Karnataka,Mysuru,25K-50K,New,Verified
U01732,2025-06-08,18-24,Male,Telangana,Warangal,50K-1L,Regular,Verified
U01733,2023-10-20,25-34,Male,Kerala,Thiruvananthapuram,<25K,Regular,Verified
U01734,2023-08-22,25-34,Male,Maharashtra,Nashik,50K-1L,New,Verified
U01735,2023-02-21,45-54,Male,Uttar Pradesh,Noida,25K-50K,New,Verified
U01736,2020-01-19,25-34,Female,Telangana,Hyderabad,1L-2L,New,Verified
U01737,2023-07-04,25-34,Male,Delhi,New Delhi,1L-2L,Regular,Verified
U01738,2022-11-11,18-24,Male,Telangana,Warangal,25K-50K,New,Verified
U01739,2022-09-15,35-44,Male,Punjab,Chandigarh,50K-1L,Frequent,Verified
U01740,2024-04-22,25-34,Female,Maharashtra,Pune,<25K,Frequent,Verified
U01741,2022-12-07,35-44,Male,Kerala,Kochi,25K-50K,New,Verified
U01742,2023-04-21,55+,Male,Kerala,Thiruvananthapuram,25K-50K,Regular,Verified
U01743,2023-12-29,18-24,Male,Rajasthan,Jaipur,<25K,New,Verified
U01744,2025-11-24,25-34,Male,Kerala,Thiruvananthapuram,1L-2L,New,Verified
U01745,2023-04-26,25-34,Male,Rajasthan,Jaipur,<25K,Regular,Verified
U01746,2022-02-14,55+,Male,Gujarat,Surat,50K-1L,Regular,Verified
U01747,2025-02-02,35-44,Female,Madhya Pradesh,Indore,1L-2L,Frequent,Verified
U01748,2025-02-09,45-54,Female,Tamil Nadu,Coimbatore,1L-2L,Regular,Verified
U01749,2023-03-06,25-34,Male,Kerala,Thiruvananthapuram,1L-2L,Regular,Verified
U01750,2025-02-24,55+,Male,Uttar Pradesh,Kanpur,<25K,New,Verified
U01751,2024-11-15,18-24,Female,Punjab,Chandigarh,1L-2L,New,Verified
U01752,2021-08-24,18-24,Male,West Bengal,Kolkata,25K-50K,Frequent,Verified
U01753,2024-05-13,45-54,Female,Gujarat,Surat,2L+,New,Verified
U01754,2021-06-23,55+,Female,Kerala,Kochi,50K-1L,Frequent,Pending
U01755,2022-12-31,18-24,Male,Madhya Pradesh,Jabalpur,1L-2L,New,Verified
U01756,2024-12-10,18-24,Male,Rajasthan,Jaipur,<25K,Regular,Verified
U01757,2020-01-24,18-24,Female,Delhi,New Delhi,50K-1L,Frequent,Pending
U01758,2021-09-15,18-24,Male,West Bengal,Kolkata,1L-2L,New,Verified
U01759,2025-01-09,25-34,Male,Madhya Pradesh,Bhopal,1L-2L,Regular,Verified
U01760,2022-12-15,55+,Male,Madhya Pradesh,Indore,<25K,Frequent,Verified
U01761,2022-09-12,35-44,Female,Kerala,Kochi,2L+,New,Verified
U01762,2020-08-10,35-44,Male,Gujarat,Surat,<25K,Regular,Verified
U01763,2020-06-27,35-44,Female,West Bengal,Siliguri,50K-1L,New,Verified
U01764,2025-05-14,25-34,Female,Karnataka,Mangaluru,50K-1L,New,Verified
U01765,2024-01-13,45-54,Male,Tamil Nadu,Chennai,<25K,New,Verified
U01766,2022-03-03,35-44,Male,Karnataka,Mysuru,<25K,Frequent,Verified
U01767,2022-06-02,25-34,Female,Punjab,Amritsar,1L-2L,New,Verified
U01768,2023-04-27,35-44,Male,West Bengal,Kolkata,25K-50K,New,Verified
U01769,2024-05-20,25-34,Male,Karnataka,Mangaluru,<25K,Regular,Verified
U01770,2022-03-20,45-54,Male,Kerala,Kochi,1L-2L,Regular,Verified
U01771,2022-08-18,55+,Male,Maharashtra,Pune,1L-2L,Regular,Verified
U01772,2021-02-23,25-34,Female,Rajasthan,Udaipur,50K-1L,New,Verified
U01773,2023-04-02,35-44,Male,Maharashtra,Mumbai,<25K,Regular,Verified
U01774,2023-07-02,18-24,Female,Telangana,Warangal,<25K,Regular,Verified
U01775,2023-12-11,35-44,Male,Karnataka,Bengaluru,50K-1L,Regular,Verified
U01776,2026-01-26,25-34,Female,Punjab,Chandigarh,50K-1L,New,Verified
U01777,2023-09-02,18-24,Female,Telangana,Hyderabad,50K-1L,Regular,Verified
U01778,2026-01-30,25-34,Male,Delhi,Delhi,1L-2L,Frequent,Verified
U01779,2022-11-07,35-44,Female,Uttar Pradesh,Kanpur,25K-50K,Regular,Verified
U01780,2022-12-29,18-24,Female,Delhi,Delhi,<25K,New,Verified
U01781,2023-09-23,55+,Male,West Bengal,Kolkata,2L+,New,Verified
U01782,2021-08-14,18-24,Male,Madhya Pradesh,Bhopal,50K-1L,Regular,Verified
U01783,2021-06-10,55+,Male,Rajasthan,Jaipur,50K-1L,Frequent,Pending
U01784,2023-07-16,35-44,Female,Karnataka,Mysuru,2L+,New,Verified
U01785,2024-07-12,25-34,Female,Punjab,Ludhiana,2L+,Regular,Verified
U01786,2022-03-21,25-34,Female,Punjab,Amritsar,50K-1L,New,Verified
U01787,2020-07-06,35-44,Male,Gujarat,Surat,25K-50K,Regular,Verified
U01788,2024-05-11,35-44,Male,Uttar Pradesh,Varanasi,2L+,Regular,Verified
U01789,2021-06-12,35-44,Female,Tamil Nadu,Madurai,50K-1L,Frequent,Verified
U01790,2021-03-09,25-34,Female,Tamil Nadu,Coimbatore,25K-50K,New,Verified
U01791,2026-05-24,25-34,Female,Tamil Nadu,Coimbatore,50K-1L,Frequent,Verified
U01792,2025-04-25,55+,Female,Karnataka,Bengaluru,25K-50K,Regular,Verified
U01793,2024-12-09,25-34,Female,Tamil Nadu,Madurai,1L-2L,Frequent,Pending
U01794,2020-10-29,25-34,Male,Kerala,Kochi,25K-50K,Regular,Verified
U01795,2020-03-27,25-34,Female,Maharashtra,Mumbai,1L-2L,New,Verified
U01796,2021-03-13,35-44,Male,Punjab,Chandigarh,1L-2L,Frequent,Verified
U01797,2022-11-11,35-44,Male,Uttar Pradesh,Kanpur,1L-2L,New,Verified
U01798,2022-04-12,25-34,Female,Maharashtra,Nashik,50K-1L,Regular,Verified
U01799,2022-03-07,18-24,Male,Madhya Pradesh,Jabalpur,1L-2L,Frequent,Verified
U01800,2021-07-13,18-24,Male,Uttar Pradesh,Noida,25K-50K,New,Pending
U01801,2022-01-31,25-34,Female,Maharashtra,Nagpur,<25K,Regular,Verified
U01802,2024-08-25,25-34,Male,Uttar Pradesh,Varanasi,1L-2L,Frequent,Verified
U01803,2023-01-29,55+,Female,Madhya Pradesh,Jabalpur,25K-50K,Frequent,Verified
U01804,2021-11-15,25-34,Male,Telangana,Hyderabad,<25K,Regular,Verified
U01805,2023-03-10,25-34,Male,Kerala,Kochi,<25K,Regular,Verified
U01806,2020-05-17,45-54,Male,Karnataka,Bengaluru,<25K,Regular,Verified
U01807,2021-07-31,25-34,Male,Karnataka,Mysuru,1L-2L,Regular,Verified
U01808,2021-12-10,35-44,Male,Punjab,Ludhiana,50K-1L,Regular,Verified
U01809,2020-08-15,18-24,Male,Tamil Nadu,Coimbatore,25K-50K,Frequent,Verified
U01810,2026-05-17,25-34,Male,Kerala,Thiruvananthapuram,1L-2L,New,Verified
U01811,2022-04-07,55+,Female,Delhi,New Delhi,25K-50K,New,Verified
U01812,2021-03-06,35-44,Male,Tamil Nadu,Madurai,1L-2L,Regular,Verified
U01813,2022-11-29,25-34,Female,Punjab,Ludhiana,25K-50K,Frequent,Pending
U01814,2024-09-05,35-44,Female,West Bengal,Siliguri,50K-1L,Regular,Verified
U01815,2024-08-13,45-54,Male,Kerala,Kochi,25K-50K,Frequent,Verified
U01816,2023-05-19,25-34,Female,Maharashtra,Nashik,25K-50K,Frequent,Verified
U01817,2020-10-28,25-34,Female,Uttar Pradesh,Kanpur,1L-2L,Frequent,Verified
U01818,2023-01-14,55+,Male,Delhi,Delhi,<25K,Frequent,Pending
U01819,2023-11-21,18-24,Female,Kerala,Kochi,2L+,Frequent,Verified
U01820,2021-06-16,35-44,Female,Madhya Pradesh,Jabalpur,50K-1L,Frequent,Verified
U01821,2022-02-07,35-44,Male,West Bengal,Siliguri,25K-50K,Regular,Verified
U01822,2025-04-22,35-44,Male,Madhya Pradesh,Jabalpur,50K-1L,New,Verified
U01823,2023-11-05,25-34,Male,Karnataka,Mangaluru,<25K,New,Verified
U01824,2021-03-19,25-34,Male,Karnataka,Bengaluru,50K-1L,New,Pending
U01825,2020-09-16,35-44,Male,Tamil Nadu,Madurai,2L+,New,Verified
U01826,2024-03-18,25-34,Male,Maharashtra,Nagpur,25K-50K,New,Verified
U01827,2023-08-24,25-34,Male,Delhi,New Delhi,50K-1L,Frequent,Verified
U01828,2020-03-10,25-34,Male,Rajasthan,Jodhpur,25K-50K,Regular,Verified
U01829,2024-01-17,18-24,Male,West Bengal,Siliguri,50K-1L,Regular,Verified
U01830,2024-01-02,55+,Female,West Bengal,Siliguri,25K-50K,Frequent,Verified
U01831,2025-01-22,25-34,Female,Kerala,Kochi,25K-50K,Regular,Verified
U01832,2021-04-25,55+,Female,Tamil Nadu,Madurai,2L+,New,Verified
U01833,2023-03-13,18-24,Male,Karnataka,Mangaluru,<25K,Frequent,Verified
U01834,2025-09-02,35-44,Female,Tamil Nadu,Coimbatore,50K-1L,Regular,Verified
U01835,2023-04-13,25-34,Male,Uttar Pradesh,Varanasi,50K-1L,Regular,Verified
U01836,2026-06-30,45-54,Male,Kerala,Kochi,50K-1L,Regular,Verified
U01837,2025-03-07,45-54,Male,Kerala,Thiruvananthapuram,50K-1L,Regular,Verified
U01838,2024-08-21,18-24,Female,Delhi,New Delhi,50K-1L,Frequent,Verified
U01839,2025-02-26,45-54,Male,Maharashtra,Mumbai,<25K,New,Verified
U01840,2023-10-03,25-34,Female,Punjab,Chandigarh,1L-2L,Frequent,Verified
U01841,2022-03-08,35-44,Male,Telangana,Hyderabad,1L-2L,New,Verified
U01842,2020-01-18,55+,Male,Punjab,Chandigarh,<25K,Regular,Verified
U01843,2020-02-13,45-54,Female,Gujarat,Surat,25K-50K,Frequent,Verified
U01844,2020-06-03,55+,Male,Gujarat,Vadodara,1L-2L,Frequent,Pending
U01845,2022-05-16,25-34,Female,Kerala,Thiruvananthapuram,2L+,New,Verified
U01846,2022-01-12,18-24,Other,Tamil Nadu,Madurai,2L+,New,Pending
U01847,2025-01-25,25-34,Female,Uttar Pradesh,Lucknow,1L-2L,Regular,Verified
U01848,2023-11-26,25-34,Female,Delhi,New Delhi,<25K,New,Verified
U01849,2020-08-12,45-54,Female,Rajasthan,Jaipur,1L-2L,Regular,Verified
U01850,2020-08-04,18-24,Female,Gujarat,Vadodara,1L-2L,Frequent,Verified
U01851,2020-01-31,35-44,Male,Delhi,Delhi,25K-50K,Regular,Pending
U01852,2025-03-07,25-34,Male,Kerala,Kochi,25K-50K,New,Verified
U01853,2022-12-18,25-34,Male,Maharashtra,Nagpur,25K-50K,Regular,Verified
U01854,2025-03-30,35-44,Female,Madhya Pradesh,Indore,50K-1L,Frequent,Verified
U01855,2022-06-16,25-34,Female,Punjab,Amritsar,25K-50K,Regular,Verified
U01856,2021-03-20,45-54,Male,Uttar Pradesh,Lucknow,<25K,Regular,Verified
U01857,2023-06-12,18-24,Female,Karnataka,Bengaluru,<25K,Regular,Verified
U01858,2023-02-04,45-54,Male,Delhi,New Delhi,25K-50K,New,Verified
U01859,2023-04-29,18-24,Male,Maharashtra,Nagpur,25K-50K,Regular,Verified
U01860,2025-07-08,25-34,Female,Rajasthan,Jodhpur,1L-2L,Regular,Verified
U01861,2025-04-20,35-44,Male,Telangana,Hyderabad,<25K,Regular,Verified
U01862,2022-01-07,45-54,Male,Punjab,Amritsar,1L-2L,Regular,Verified
U01863,2024-08-29,25-34,Male,Karnataka,Mysuru,1L-2L,Regular,Verified
U01864,2022-05-23,25-34,Female,Punjab,Ludhiana,1L-2L,Regular,Verified
U01865,2021-07-19,25-34,Female,Kerala,Thiruvananthapuram,50K-1L,New,Verified
U01866,2025-07-11,25-34,Female,Telangana,Warangal,<25K,Frequent,Verified
U01867,2025-02-28,45-54,Female,Punjab,Ludhiana,25K-50K,Regular,Verified
U01868,2025-10-24,35-44,Female,Rajasthan,Jaipur,<25K,New,Verified
U01869,2021-06-30,18-24,Male,Maharashtra,Nashik,2L+,New,Verified
U01870,2026-05-03,25-34,Male,Gujarat,Ahmedabad,25K-50K,Regular,Verified
U01871,2020-11-12,35-44,Male,Telangana,Warangal,50K-1L,Regular,Pending
U01872,2025-02-02,25-34,Female,Kerala,Kochi,1L-2L,New,Verified
U01873,2020-01-25,35-44,Male,Karnataka,Mysuru,2L+,New,Verified
U01874,2020-06-08,18-24,Female,Tamil Nadu,Chennai,1L-2L,New,Verified
U01875,2023-02-11,35-44,Male,West Bengal,Kolkata,50K-1L,Frequent,Verified
U01876,2022-06-18,18-24,Male,Delhi,Delhi,25K-50K,Regular,Verified
U01877,2023-04-04,45-54,Male,Punjab,Ludhiana,50K-1L,Regular,Verified
U01878,2021-12-03,25-34,Other,Gujarat,Ahmedabad,<25K,Frequent,Verified
U01879,2020-01-01,25-34,Male,Telangana,Warangal,1L-2L,Regular,Verified
U01880,2025-04-06,45-54,Female,Punjab,Amritsar,50K-1L,Regular,Verified
U01881,2026-06-25,18-24,Female,Madhya Pradesh,Bhopal,<25K,Regular,Verified
U01882,2023-11-25,25-34,Female,Delhi,Delhi,1L-2L,Regular,Verified
U01883,2021-01-16,25-34,Female,Tamil Nadu,Coimbatore,25K-50K,New,Pending
U01884,2024-10-07,25-34,Male,Rajasthan,Jaipur,1L-2L,Regular,Verified
U01885,2024-12-31,45-54,Female,West Bengal,Siliguri,1L-2L,New,Pending
U01886,2023-06-27,35-44,Male,Maharashtra,Mumbai,1L-2L,New,Verified
U01887,2024-03-28,18-24,Female,Punjab,Chandigarh,<25K,New,Verified
U01888,2024-04-27,35-44,Male,Tamil Nadu,Madurai,25K-50K,Regular,Verified
U01889,2022-06-16,25-34,Male,Tamil Nadu,Coimbatore,1L-2L,Frequent,Verified
U01890,2021-12-17,45-54,Female,Rajasthan,Jodhpur,1L-2L,Regular,Verified
U01891,2026-06-12,25-34,Male,Uttar Pradesh,Lucknow,25K-50K,Frequent,Verified
U01892,2021-01-25,35-44,Male,Rajasthan,Jodhpur,25K-50K,Regular,Verified
U01893,2024-08-26,25-34,Female,Punjab,Ludhiana,<25K,Regular,Verified
U01894,2026-06-03,25-34,Male,Uttar Pradesh,Noida,2L+,New,Verified
U01895,2020-08-20,25-34,Female,Uttar Pradesh,Noida,25K-50K,Frequent,Verified
U01896,2025-04-10,25-34,Male,Gujarat,Ahmedabad,<25K,New,Verified
U01897,2026-05-07,35-44,Male,Gujarat,Vadodara,50K-1L,Regular,Pending
U01898,2023-08-12,25-34,Male,Karnataka,Mysuru,25K-50K,Regular,Verified
U01899,2021-12-06,55+,Male,Telangana,Warangal,2L+,Regular,Pending
U01900,2020-08-21,25-34,Female,Telangana,Warangal,<25K,New,Verified
U01901,2023-10-23,35-44,Male,Kerala,Kochi,<25K,Regular,Verified
U01902,2023-06-09,55+,Male,Maharashtra,Nashik,50K-1L,Frequent,Verified
U01903,2025-03-11,35-44,Male,Telangana,Hyderabad,25K-50K,Frequent,Verified
U01904,2022-06-08,45-54,Male,Gujarat,Ahmedabad,<25K,Frequent,Verified
U01905,2021-08-14,45-54,Female,Karnataka,Mangaluru,25K-50K,Regular,Verified
U01906,2022-01-15,25-34,Other,Karnataka,Mangaluru,25K-50K,Regular,Verified
U01907,2024-09-15,35-44,Female,Uttar Pradesh,Varanasi,1L-2L,New,Verified
U01908,2021-03-03,18-24,Male,Kerala,Kochi,<25K,Frequent,Verified
U01909,2022-01-01,25-34,Female,Rajasthan,Jaipur,2L+,Regular,Verified
U01910,2022-03-10,25-34,Other,Maharashtra,Nashik,50K-1L,Regular,Verified
U01911,2020-07-20,35-44,Male,Punjab,Ludhiana,<25K,Frequent,Verified
U01912,2026-01-02,25-34,Male,Uttar Pradesh,Varanasi,<25K,Regular,Verified
U01913,2022-04-15,25-34,Female,Rajasthan,Udaipur,50K-1L,Regular,Verified
U01914,2020-05-14,25-34,Male,Telangana,Hyderabad,25K-50K,New,Verified
U01915,2023-07-11,55+,Male,Kerala,Thiruvananthapuram,25K-50K,Regular,Verified
U01916,2025-10-12,18-24,Male,Uttar Pradesh,Varanasi,25K-50K,Frequent,Pending
U01917,2020-02-10,18-24,Female,Delhi,New Delhi,50K-1L,Regular,Verified
U01918,2022-07-01,25-34,Male,Telangana,Warangal,50K-1L,Regular,Verified
U01919,2024-09-25,55+,Female,Rajasthan,Udaipur,<25K,New,Verified
U01920,2022-09-01,55+,Male,Maharashtra,Nashik,50K-1L,Regular,Verified
U01921,2023-02-07,35-44,Female,Punjab,Chandigarh,1L-2L,Regular,Pending
U01922,2023-12-30,45-54,Female,Rajasthan,Udaipur,<25K,New,Verified
U01923,2025-08-02,25-34,Female,Uttar Pradesh,Lucknow,1L-2L,Regular,Verified
U01924,2020-08-31,55+,Female,Uttar Pradesh,Lucknow,50K-1L,Regular,Verified
U01925,2020-06-14,18-24,Female,Punjab,Ludhiana,2L+,Frequent,Pending
U01926,2022-11-15,18-24,Male,Tamil Nadu,Chennai,<25K,New,Verified
U01927,2024-02-06,18-24,Male,Maharashtra,Nashik,2L+,Frequent,Verified
U01928,2021-12-28,35-44,Female,Madhya Pradesh,Bhopal,50K-1L,Regular,Verified
U01929,2023-01-20,45-54,Male,Telangana,Warangal,50K-1L,Regular,Verified
U01930,2021-04-27,25-34,Male,Karnataka,Mangaluru,50K-1L,Frequent,Verified
U01931,2023-05-15,55+,Male,Punjab,Amritsar,<25K,New,Verified
U01932,2025-11-18,25-34,Female,Maharashtra,Pune,2L+,Regular,Verified
U01933,2022-05-29,18-24,Female,Karnataka,Mysuru,50K-1L,Regular,Verified
U01934,2022-04-09,25-34,Male,Maharashtra,Nagpur,<25K,Regular,Pending
U01935,2025-07-17,35-44,Female,Maharashtra,Mumbai,<25K,Regular,Verified
U01936,2022-01-28,45-54,Female,Rajasthan,Udaipur,<25K,New,Verified
U01937,2020-06-11,25-34,Female,Maharashtra,Nagpur,50K-1L,Regular,Verified
U01938,2023-04-11,35-44,Female,Tamil Nadu,Madurai,50K-1L,Regular,Verified
U01939,2023-07-31,25-34,Other,Madhya Pradesh,Jabalpur,25K-50K,Frequent,Verified
U01940,2025-06-18,35-44,Female,Uttar Pradesh,Lucknow,25K-50K,New,Verified
U01941,2025-04-18,55+,Male,West Bengal,Siliguri,50K-1L,Regular,Verified
U01942,2024-04-05,18-24,Other,Karnataka,Mangaluru,50K-1L,Regular,Verified
U01943,2020-11-02,45-54,Male,Uttar Pradesh,Lucknow,<25K,New,Verified
U01944,2023-09-24,35-44,Female,West Bengal,Kolkata,25K-50K,Regular,Verified
U01945,2025-10-03,25-34,Female,Madhya Pradesh,Jabalpur,<25K,New,Verified
U01946,2020-11-28,55+,Male,Madhya Pradesh,Jabalpur,1L-2L,Regular,Verified
U01947,2025-12-14,25-34,Female,Karnataka,Mangaluru,50K-1L,Frequent,Verified
U01948,2020-08-30,25-34,Male,Karnataka,Mangaluru,2L+,Frequent,Pending
U01949,2025-02-27,25-34,Female,Madhya Pradesh,Indore,25K-50K,Regular,Pending
U01950,2023-12-03,25-34,Male,West Bengal,Siliguri,1L-2L,Frequent,Verified
U01951,2020-10-29,45-54,Male,Punjab,Amritsar,50K-1L,Regular,Verified
U01952,2020-08-22,35-44,Male,Maharashtra,Pune,25K-50K,Regular,Verified
U01953,2025-12-26,45-54,Male,Telangana,Warangal,25K-50K,Frequent,Verified
U01954,2020-07-13,25-34,Female,Kerala,Kochi,50K-1L,Regular,Verified
U01955,2024-03-30,18-24,Female,Delhi,Delhi,1L-2L,Regular,Pending
U01956,2024-11-27,18-24,Female,Kerala,Thiruvananthapuram,25K-50K,Regular,Verified
U01957,2021-10-08,25-34,Female,Uttar Pradesh,Lucknow,<25K,Frequent,Verified
U01958,2025-08-10,55+,Male,Rajasthan,Jaipur,50K-1L,Regular,Verified
U01959,2021-07-14,35-44,Female,Uttar Pradesh,Kanpur,2L+,New,Verified
U01960,2023-01-24,25-34,Female,Rajasthan,Jodhpur,50K-1L,New,Verified
U01961,2021-12-13,45-54,Other,West Bengal,Kolkata,25K-50K,New,Verified
U01962,2021-02-16,45-54,Female,Rajasthan,Udaipur,25K-50K,Regular,Verified
U01963,2021-06-21,18-24,Male,Karnataka,Mangaluru,25K-50K,Frequent,Verified
U01964,2025-02-21,45-54,Female,Punjab,Amritsar,1L-2L,Regular,Verified
U01965,2020-08-22,25-34,Female,Telangana,Hyderabad,1L-2L,New,Verified
U01966,2024-11-14,18-24,Male,Telangana,Warangal,50K-1L,Frequent,Verified
U01967,2025-03-08,25-34,Male,Karnataka,Mangaluru,25K-50K,Regular,Verified
U01968,2024-02-13,25-34,Female,Punjab,Chandigarh,2L+,Regular,Verified
U01969,2025-02-05,25-34,Female,Tamil Nadu,Chennai,50K-1L,Regular,Verified
U01970,2023-10-06,25-34,Female,Kerala,Kochi,2L+,Frequent,Verified
U01971,2021-02-19,18-24,Female,West Bengal,Siliguri,50K-1L,Regular,Verified
U01972,2025-03-24,35-44,Female,Kerala,Kochi,1L-2L,New,Verified
U01973,2022-07-04,55+,Male,Tamil Nadu,Chennai,1L-2L,Regular,Verified
U01974,2020-03-21,35-44,Female,Tamil Nadu,Coimbatore,25K-50K,Regular,Verified
U01975,2025-09-14,25-34,Male,Uttar Pradesh,Lucknow,2L+,Regular,Verified
U01976,2022-12-26,25-34,Male,Madhya Pradesh,Indore,<25K,New,Verified
U01977,2024-08-17,25-34,Female,Uttar Pradesh,Noida,1L-2L,New,Verified
U01978,2022-01-26,18-24,Female,Madhya Pradesh,Jabalpur,2L+,Regular,Verified
U01979,2021-04-12,35-44,Other,Delhi,Delhi,25K-50K,Regular,Verified
U01980,2023-03-11,35-44,Female,Rajasthan,Jodhpur,50K-1L,Regular,Verified
U01981,2024-02-03,35-44,Male,Punjab,Chandigarh,50K-1L,Frequent,Verified
U01982,2024-07-02,35-44,Female,Madhya Pradesh,Bhopal,1L-2L,Frequent,Verified
U01983,2022-10-16,25-34,Male,Kerala,Kochi,1L-2L,New,Verified
U01984,2024-06-02,25-34,Female,Karnataka,Mysuru,50K-1L,Regular,Verified
U01985,2022-06-20,35-44,Female,Uttar Pradesh,Kanpur,1L-2L,New,Verified
U01986,2021-11-03,25-34,Female,Punjab,Amritsar,25K-50K,Regular,Verified
U01987,2021-03-14,25-34,Female,West Bengal,Siliguri,25K-50K,Regular,Verified
U01988,2020-05-06,25-34,Male,Punjab,Chandigarh,25K-50K,New,Verified
U01989,2026-03-02,25-34,Male,Rajasthan,Jaipur,50K-1L,Frequent,Verified
U01990,2025-09-07,18-24,Female,Delhi,Delhi,<25K,Frequent,Verified
U01991,2021-03-20,45-54,Male,Madhya Pradesh,Jabalpur,50K-1L,New,Verified
U01992,2022-08-23,45-54,Male,Delhi,New Delhi,25K-50K,New,Pending
U01993,2021-04-08,25-34,Male,West Bengal,Siliguri,1L-2L,Regular,Verified
U01994,2026-01-07,18-24,Female,Tamil Nadu,Chennai,<25K,Regular,Pending
U01995,2026-04-06,35-44,Male,Telangana,Warangal,50K-1L,Frequent,Verified
U01996,2026-05-02,25-34,Female,West Bengal,Siliguri,50K-1L,Regular,Verified
U01997,2022-07-01,25-34,Female,Gujarat,Ahmedabad,2L+,Regular,Verified
U01998,2021-05-11,18-24,Male,West Bengal,Kolkata,50K-1L,Frequent,Verified
U01999,2024-01-03,25-34,Male,Delhi,New Delhi,1L-2L,Regular,Verified
U02000,2024-11-06,45-54,Male,Punjab,Ludhiana,1L-2L,Regular,Verified
U02001,2020-06-06,45-54,Male,Karnataka,Mysuru,50K-1L,Regular,Verified
U02002,2020-06-20,25-34,Female,Uttar Pradesh,Kanpur,25K-50K,Frequent,Verified
U02003,2021-05-08,25-34,Male,Karnataka,Mangaluru,1L-2L,New,Verified
U02004,2022-08-27,18-24,Female,Delhi,Delhi,50K-1L,Regular,Verified
U02005,2023-08-27,18-24,Female,Uttar Pradesh,Kanpur,25K-50K,New,Verified
U02006,2023-11-27,55+,Male,Gujarat,Vadodara,50K-1L,Frequent,Verified
U02007,2024-08-19,35-44,Male,Telangana,Hyderabad,1L-2L,Regular,Verified
U02008,2024-11-28,35-44,Male,Rajasthan,Jodhpur,2L+,Regular,Verified
U02009,2021-10-20,35-44,Male,Kerala,Thiruvananthapuram,2L+,Frequent,Verified
U02010,2021-10-27,45-54,Male,Delhi,Delhi,25K-50K,Frequent,Verified
U02011,2021-01-01,45-54,Female,Punjab,Ludhiana,25K-50K,Frequent,Verified
U02012,2021-07-03,18-24,Female,Madhya Pradesh,Jabalpur,<25K,New,Verified
U02013,2021-10-04,25-34,Male,Delhi,Delhi,25K-50K,Frequent,Verified
U02014,2025-03-08,35-44,Female,Delhi,New Delhi,1L-2L,Regular,Verified
U02015,2020-09-11,25-34,Male,Uttar Pradesh,Kanpur,25K-50K,New,Verified
U02016,2020-07-26,55+,Male,Maharashtra,Mumbai,50K-1L,Regular,Verified
U02017,2020-04-04,35-44,Male,West Bengal,Kolkata,50K-1L,Regular,Verified
U02018,2025-02-26,55+,Male,Punjab,Ludhiana,1L-2L,New,Verified
U02019,2021-04-22,25-34,Female,Maharashtra,Nagpur,<25K,Regular,Verified
U02020,2022-01-31,45-54,Male,Gujarat,Vadodara,25K-50K,Frequent,Verified
U02021,2020-07-08,25-34,Female,Madhya Pradesh,Jabalpur,25K-50K,Regular,Verified
U02022,2024-02-16,55+,Female,Telangana,Hyderabad,25K-50K,Regular,Verified
U02023,2024-10-22,18-24,Female,Tamil Nadu,Coimbatore,2L+,Regular,Verified
U02024,2024-04-08,25-34,Male,Gujarat,Vadodara,1L-2L,Frequent,Verified
U02025,2022-01-25,45-54,Male,Tamil Nadu,Madurai,25K-50K,New,Verified
U02026,2023-12-17,25-34,Male,Punjab,Chandigarh,1L-2L,Regular,Verified
U02027,2022-04-15,25-34,Male,Punjab,Amritsar,25K-50K,Regular,Verified
U02028,2024-07-21,55+,Male,Tamil Nadu,Madurai,1L-2L,Frequent,Verified
U02029,2024-06-16,25-34,Male,Punjab,Amritsar,25K-50K,New,Verified
U02030,2025-01-09,35-44,Male,Telangana,Warangal,1L-2L,Regular,Verified
U02031,2020-05-12,18-24,Male,Karnataka,Mangaluru,25K-50K,Regular,Verified
U02032,2020-02-24,45-54,Male,Maharashtra,Pune,<25K,Frequent,Verified
U02033,2021-05-24,35-44,Female,Delhi,New Delhi,25K-50K,New,Verified
U02034,2021-10-31,25-34,Male,Rajasthan,Jaipur,25K-50K,Regular,Verified
U02035,2024-08-16,18-24,Female,Tamil Nadu,Chennai,50K-1L,New,Verified
U02036,2023-08-09,35-44,Male,Madhya Pradesh,Indore,<25K,Frequent,Verified
U02037,2022-01-03,18-24,Male,Gujarat,Ahmedabad,50K-1L,Regular,Verified
U02038,2024-08-20,18-24,Male,Karnataka,Mangaluru,50K-1L,Regular,Verified
U02039,2020-09-15,35-44,Male,Tamil Nadu,Chennai,50K-1L,Regular,Verified
U02040,2023-02-19,25-34,Male,Karnataka,Mysuru,1L-2L,Regular,Verified
U02041,2020-10-25,25-34,Male,Karnataka,Bengaluru,<25K,New,Verified
U02042,2021-07-14,35-44,Female,Tamil Nadu,Chennai,50K-1L,Regular,Verified
U02043,2025-03-27,18-24,Male,Uttar Pradesh,Lucknow,2L+,Frequent,Verified
U02044,2025-02-07,25-34,Male,West Bengal,Kolkata,50K-1L,Regular,Pending
U02045,2020-10-23,18-24,Male,Madhya Pradesh,Indore,50K-1L,Frequent,Verified
U02046,2024-01-01,35-44,Male,Delhi,Delhi,50K-1L,New,Verified
U02047,2025-12-14,35-44,Female,Delhi,New Delhi,25K-50K,Frequent,Verified
U02048,2020-07-15,35-44,Male,Madhya Pradesh,Indore,50K-1L,Regular,Verified
U02049,2026-03-18,25-34,Male,Uttar Pradesh,Varanasi,1L-2L,Regular,Pending
U02050,2022-09-21,18-24,Female,Punjab,Ludhiana,<25K,Regular,Pending
U02051,2025-11-08,18-24,Male,Delhi,Delhi,1L-2L,Regular,Verified
U02052,2020-01-08,25-34,Male,Karnataka,Bengaluru,25K-50K,Regular,Verified
U02053,2020-11-15,55+,Male,Telangana,Warangal,25K-50K,Regular,Verified
U02054,2023-11-18,25-34,Other,Gujarat,Surat,1L-2L,Regular,Verified
U02055,2026-05-05,25-34,Female,Maharashtra,Mumbai,1L-2L,New,Verified
U02056,2024-08-25,18-24,Male,Delhi,Delhi,1L-2L,Regular,Verified
U02057,2025-10-09,35-44,Male,Madhya Pradesh,Jabalpur,2L+,Regular,Verified
U02058,2024-01-01,35-44,Male,Telangana,Hyderabad,25K-50K,Regular,Verified
U02059,2023-07-11,35-44,Male,Tamil Nadu,Chennai,50K-1L,Regular,Verified
U02060,2023-01-23,45-54,Male,West Bengal,Siliguri,25K-50K,Regular,Verified
U02061,2021-07-06,25-34,Female,Madhya Pradesh,Bhopal,25K-50K,Regular,Verified
U02062,2021-10-22,18-24,Female,Punjab,Ludhiana,25K-50K,New,Verified
U02063,2021-12-16,25-34,Female,Karnataka,Mangaluru,50K-1L,Frequent,Verified
U02064,2026-02-19,35-44,Male,West Bengal,Siliguri,50K-1L,New,Verified
U02065,2023-12-29,35-44,Male,Gujarat,Surat,1L-2L,Regular,Verified
U02066,2022-05-04,25-34,Female,Gujarat,Vadodara,50K-1L,New,Pending
U02067,2026-03-09,35-44,Female,Uttar Pradesh,Kanpur,<25K,Regular,Verified
U02068,2021-10-26,35-44,Female,Rajasthan,Jaipur,50K-1L,Regular,Verified
U02069,2025-03-12,45-54,Male,Uttar Pradesh,Kanpur,25K-50K,Regular,Verified
U02070,2024-08-01,35-44,Male,Punjab,Ludhiana,25K-50K,Regular,Verified
U02071,2026-03-18,35-44,Male,Telangana,Warangal,1L-2L,New,Verified
U02072,2020-09-29,25-34,Male,West Bengal,Kolkata,50K-1L,New,Pending
U02073,2023-03-23,35-44,Male,Rajasthan,Udaipur,1L-2L,Regular,Pending
U02074,2023-06-26,45-54,Female,Tamil Nadu,Chennai,50K-1L,Frequent,Verified
U02075,2020-10-05,25-34,Male,Karnataka,Bengaluru,50K-1L,Regular,Pending
U02076,2022-03-26,35-44,Male,West Bengal,Siliguri,1L-2L,Regular,Verified
U02077,2020-10-02,35-44,Male,Uttar Pradesh,Lucknow,<25K,Regular,Verified
U02078,2022-10-01,18-24,Male,Maharashtra,Nagpur,<25K,Regular,Verified
U02079,2022-07-11,35-44,Male,Kerala,Thiruvananthapuram,<25K,Regular,Verified
U02080,2021-10-03,18-24,Male,Rajasthan,Jaipur,25K-50K,Frequent,Pending
U02081,2021-05-19,55+,Male,Rajasthan,Jaipur,25K-50K,Regular,Verified
U02082,2022-02-10,45-54,Other,Punjab,Ludhiana,2L+,New,Verified
U02083,2023-06-18,18-24,Male,Karnataka,Bengaluru,50K-1L,New,Verified
U02084,2023-06-13,18-24,Female,Delhi,Delhi,50K-1L,Regular,Verified
U02085,2022-10-10,35-44,Female,Gujarat,Surat,25K-50K,Regular,Verified
U02086,2020-05-07,25-34,Male,Gujarat,Vadodara,25K-50K,New,Verified
U02087,2023-05-08,18-24,Female,Maharashtra,Pune,25K-50K,Frequent,Verified
U02088,2024-03-05,35-44,Female,Telangana,Hyderabad,50K-1L,Regular,Verified
U02089,2024-07-31,25-34,Female,Punjab,Amritsar,25K-50K,Regular,Verified
U02090,2021-05-06,18-24,Male,Telangana,Hyderabad,50K-1L,New,Verified
U02091,2023-06-11,45-54,Male,Tamil Nadu,Madurai,50K-1L,Frequent,Verified
U02092,2024-07-24,45-54,Female,West Bengal,Kolkata,1L-2L,Frequent,Verified
U02093,2021-02-19,35-44,Female,Kerala,Kochi,<25K,New,Verified
U02094,2026-01-04,45-54,Male,Madhya Pradesh,Indore,1L-2L,Frequent,Verified
U02095,2022-08-27,25-34,Female,Delhi,Delhi,50K-1L,Regular,Verified
U02096,2025-09-07,25-34,Female,Uttar Pradesh,Noida,50K-1L,Regular,Verified
U02097,2023-10-16,25-34,Male,Madhya Pradesh,Jabalpur,25K-50K,Frequent,Verified
U02098,2020-11-03,35-44,Male,Madhya Pradesh,Indore,25K-50K,Regular,Pending
U02099,2026-01-18,55+,Female,Punjab,Ludhiana,25K-50K,Frequent,Pending
U02100,2020-03-01,35-44,Male,Rajasthan,Udaipur,2L+,Frequent,Verified
U02101,2025-12-12,45-54,Female,Maharashtra,Nagpur,25K-50K,Frequent,Verified
U02102,2024-01-19,35-44,Male,Gujarat,Ahmedabad,2L+,New,Verified
U02103,2025-04-14,25-34,Female,Tamil Nadu,Coimbatore,25K-50K,Regular,Pending
U02104,2026-04-09,25-34,Female,Telangana,Warangal,25K-50K,Regular,Verified
U02105,2024-02-22,18-24,Male,Kerala,Thiruvananthapuram,50K-1L,Regular,Verified
U02106,2021-04-17,18-24,Male,Punjab,Chandigarh,<25K,Regular,Verified
U02107,2022-08-16,35-44,Female,Maharashtra,Pune,1L-2L,New,Pending
U02108,2021-06-16,25-34,Female,Rajasthan,Udaipur,1L-2L,Frequent,Verified
U02109,2021-05-08,35-44,Male,Uttar Pradesh,Lucknow,50K-1L,Frequent,Verified
U02110,2020-03-22,35-44,Male,Tamil Nadu,Chennai,50K-1L,Regular,Verified
U02111,2022-05-28,25-34,Female,Punjab,Ludhiana,50K-1L,New,Verified
U02112,2024-03-25,25-34,Male,Rajasthan,Udaipur,2L+,New,Verified
U02113,2020-01-12,25-34,Female,Kerala,Kochi,25K-50K,New,Verified
U02114,2023-07-10,25-34,Male,Gujarat,Surat,1L-2L,Regular,Verified
U02115,2021-03-24,45-54,Female,Gujarat,Surat,50K-1L,Frequent,Verified
U02116,2022-01-31,25-34,Female,Punjab,Ludhiana,2L+,New,Verified
U02117,2020-01-26,35-44,Female,Gujarat,Vadodara,1L-2L,Regular,Verified
U02118,2024-12-11,45-54,Male,Maharashtra,Nagpur,2L+,Regular,Verified
U02119,2024-04-17,45-54,Female,Maharashtra,Nagpur,50K-1L,Regular,Verified
U02120,2020-03-02,45-54,Female,Telangana,Warangal,25K-50K,Regular,Pending
U02121,2020-08-16,25-34,Female,Punjab,Amritsar,50K-1L,Regular,Verified
U02122,2025-01-12,18-24,Female,Telangana,Warangal,50K-1L,Frequent,Verified
U02123,2021-08-29,25-34,Male,Punjab,Ludhiana,1L-2L,Regular,Verified
U02124,2022-11-24,25-34,Female,Uttar Pradesh,Varanasi,<25K,Regular,Verified
U02125,2024-09-24,45-54,Male,Punjab,Amritsar,50K-1L,Regular,Verified
U02126,2024-01-19,35-44,Female,Kerala,Thiruvananthapuram,25K-50K,New,Verified
U02127,2024-03-05,18-24,Female,Tamil Nadu,Chennai,1L-2L,New,Verified
U02128,2022-01-30,18-24,Male,Karnataka,Bengaluru,<25K,Regular,Verified
U02129,2021-08-17,18-24,Male,Karnataka,Mangaluru,50K-1L,New,Verified
U02130,2024-05-11,35-44,Female,Rajasthan,Jodhpur,25K-50K,Regular,Pending
U02131,2022-11-21,35-44,Female,Gujarat,Vadodara,25K-50K,Regular,Verified
U02132,2025-01-28,45-54,Male,Tamil Nadu,Chennai,2L+,Regular,Verified
U02133,2025-08-10,55+,Male,Madhya Pradesh,Indore,25K-50K,New,Verified
U02134,2023-12-29,25-34,Other,Maharashtra,Mumbai,<25K,Regular,Pending
U02135,2025-02-04,25-34,Male,West Bengal,Siliguri,<25K,Regular,Pending
U02136,2023-03-05,25-34,Male,Delhi,Delhi,50K-1L,Regular,Verified
U02137,2023-05-04,25-34,Male,Uttar Pradesh,Lucknow,50K-1L,Regular,Verified
U02138,2020-05-12,45-54,Male,Gujarat,Vadodara,25K-50K,Regular,Verified
U02139,2020-03-26,35-44,Male,Gujarat,Vadodara,50K-1L,New,Verified
U02140,2024-02-08,35-44,Male,Kerala,Kochi,<25K,Regular,Verified
U02141,2025-01-04,25-34,Male,Gujarat,Ahmedabad,1L-2L,New,Verified
U02142,2023-04-18,18-24,Male,Maharashtra,Nagpur,1L-2L,New,Verified
U02143,2020-06-23,18-24,Male,Maharashtra,Mumbai,2L+,Frequent,Verified
U02144,2025-05-29,25-34,Male,Delhi,Delhi,2L+,Regular,Verified
U02145,2021-07-31,35-44,Female,Punjab,Chandigarh,25K-50K,Regular,Verified
U02146,2024-12-03,25-34,Female,Madhya Pradesh,Bhopal,25K-50K,Regular,Verified
U02147,2025-09-27,35-44,Female,Tamil Nadu,Madurai,50K-1L,New,Verified
U02148,2020-05-24,45-54,Female,Gujarat,Surat,<25K,New,Verified
U02149,2022-01-31,25-34,Male,Karnataka,Bengaluru,25K-50K,Frequent,Verified
U02150,2023-10-09,35-44,Male,Telangana,Hyderabad,<25K,Frequent,Verified
U02151,2024-12-30,25-34,Female,Kerala,Thiruvananthapuram,25K-50K,Regular,Verified
U02152,2022-07-17,35-44,Male,Kerala,Thiruvananthapuram,50K-1L,Regular,Verified
U02153,2022-03-04,35-44,Female,Karnataka,Bengaluru,25K-50K,Frequent,Verified
U02154,2024-05-20,55+,Female,Rajasthan,Udaipur,<25K,Regular,Verified
U02155,2024-07-18,25-34,Male,Karnataka,Bengaluru,50K-1L,New,Verified
U02156,2020-11-14,25-34,Male,Rajasthan,Jodhpur,<25K,Regular,Verified
U02157,2023-01-15,18-24,Female,West Bengal,Kolkata,2L+,Regular,Verified
U02158,2024-04-25,25-34,Male,Telangana,Warangal,25K-50K,New,Verified
U02159,2021-11-28,35-44,Female,Kerala,Kochi,50K-1L,Regular,Verified
U02160,2022-04-26,45-54,Other,Karnataka,Mangaluru,25K-50K,Regular,Verified
U02161,2024-12-06,25-34,Female,West Bengal,Siliguri,<25K,Regular,Verified
U02162,2022-02-21,18-24,Female,Punjab,Ludhiana,25K-50K,New,Verified
U02163,2025-09-20,25-34,Male,Uttar Pradesh,Noida,50K-1L,Regular,Verified
U02164,2023-01-21,25-34,Male,Tamil Nadu,Chennai,1L-2L,Regular,Verified
U02165,2024-10-16,25-34,Female,West Bengal,Kolkata,50K-1L,New,Verified
U02166,2024-07-07,25-34,Male,Tamil Nadu,Madurai,<25K,New,Pending
U02167,2020-10-18,35-44,Female,Karnataka,Bengaluru,25K-50K,Regular,Verified
U02168,2022-08-26,18-24,Male,Madhya Pradesh,Indore,25K-50K,New,Verified
U02169,2024-01-27,25-34,Female,Punjab,Amritsar,<25K,Frequent,Verified
U02170,2025-01-16,45-54,Male,West Bengal,Kolkata,25K-50K,Regular,Verified
U02171,2020-04-06,25-34,Male,Telangana,Warangal,2L+,Regular,Verified
U02172,2023-01-23,35-44,Female,Karnataka,Bengaluru,50K-1L,Regular,Verified
U02173,2020-03-14,35-44,Male,Gujarat,Ahmedabad,50K-1L,Regular,Verified
U02174,2023-09-21,35-44,Other,Maharashtra,Pune,50K-1L,New,Verified
U02175,2022-12-27,25-34,Male,West Bengal,Siliguri,1L-2L,New,Verified
U02176,2022-01-27,25-34,Female,Telangana,Warangal,25K-50K,Regular,Verified
U02177,2025-04-25,45-54,Male,Uttar Pradesh,Lucknow,1L-2L,New,Verified
U02178,2020-07-26,35-44,Male,Gujarat,Vadodara,1L-2L,Regular,Verified
U02179,2023-05-29,25-34,Male,Uttar Pradesh,Noida,<25K,New,Verified
U02180,2023-07-09,18-24,Male,Karnataka,Mysuru,25K-50K,New,Verified
U02181,2021-02-13,18-24,Female,Maharashtra,Nashik,2L+,Regular,Verified
U02182,2022-02-09,18-24,Male,West Bengal,Siliguri,1L-2L,Frequent,Verified
U02183,2025-01-17,35-44,Male,West Bengal,Kolkata,25K-50K,Regular,Verified
U02184,2020-03-14,18-24,Female,Madhya Pradesh,Jabalpur,50K-1L,Regular,Verified
U02185,2024-07-18,25-34,Male,Kerala,Thiruvananthapuram,25K-50K,Frequent,Verified
U02186,2020-09-10,35-44,Male,Madhya Pradesh,Jabalpur,25K-50K,New,Verified
U02187,2022-03-30,25-34,Male,Karnataka,Bengaluru,25K-50K,New,Verified
U02188,2022-09-12,35-44,Female,Karnataka,Mangaluru,25K-50K,Regular,Verified
U02189,2020-11-27,35-44,Male,Maharashtra,Mumbai,50K-1L,Regular,Pending
U02190,2023-11-22,25-34,Female,Madhya Pradesh,Bhopal,1L-2L,Regular,Verified
U02191,2022-04-15,35-44,Male,Telangana,Warangal,1L-2L,New,Verified
U02192,2024-08-18,35-44,Male,Telangana,Hyderabad,<25K,New,Verified
U02193,2021-03-30,25-34,Male,Maharashtra,Mumbai,1L-2L,Regular,Verified
U02194,2025-04-13,25-34,Female,Punjab,Chandigarh,25K-50K,Frequent,Verified
U02195,2023-02-12,25-34,Male,Kerala,Kochi,25K-50K,Regular,Verified
U02196,2020-11-08,55+,Male,Telangana,Hyderabad,1L-2L,New,Verified
U02197,2022-10-14,35-44,Female,Rajasthan,Jodhpur,25K-50K,Regular,Verified
U02198,2020-08-15,18-24,Male,Tamil Nadu,Coimbatore,<25K,Regular,Verified
U02199,2022-05-07,35-44,Male,Maharashtra,Nashik,<25K,New,Verified
U02200,2023-06-22,25-34,Male,Maharashtra,Nashik,25K-50K,Regular,Verified
U02201,2022-10-14,35-44,Female,Delhi,New Delhi,1L-2L,Regular,Verified
U02202,2022-08-07,35-44,Female,Gujarat,Ahmedabad,2L+,Frequent,Pending
U02203,2021-03-02,25-34,Male,Gujarat,Ahmedabad,1L-2L,Regular,Pending
U02204,2025-09-20,45-54,Female,Rajasthan,Udaipur,1L-2L,Regular,Verified
U02205,2021-04-09,35-44,Female,Madhya Pradesh,Indore,50K-1L,Regular,Verified
U02206,2024-07-03,35-44,Male,Punjab,Ludhiana,1L-2L,New,Verified
U02207,2020-10-04,18-24,Female,Karnataka,Mysuru,<25K,Frequent,Verified
U02208,2020-01-19,45-54,Male,Karnataka,Mangaluru,2L+,Regular,Verified
U02209,2020-03-06,55+,Male,Uttar Pradesh,Varanasi,25K-50K,New,Verified
U02210,2020-06-15,18-24,Male,Rajasthan,Udaipur,2L+,Regular,Verified
U02211,2024-05-27,25-34,Male,Maharashtra,Nagpur,<25K,Regular,Verified
U02212,2021-02-06,25-34,Female,Rajasthan,Udaipur,50K-1L,Frequent,Verified
U02213,2021-02-12,35-44,Female,Rajasthan,Jodhpur,50K-1L,Frequent,Verified
U02214,2025-11-29,35-44,Male,Rajasthan,Udaipur,2L+,New,Verified
U02215,2021-08-19,18-24,Female,Gujarat,Vadodara,1L-2L,Regular,Verified
U02216,2022-11-28,45-54,Male,Rajasthan,Udaipur,25K-50K,Regular,Verified
U02217,2025-11-22,25-34,Male,Kerala,Kochi,50K-1L,New,Pending
U02218,2020-11-19,45-54,Female,Tamil Nadu,Coimbatore,25K-50K,Regular,Verified
U02219,2025-06-05,25-34,Male,Karnataka,Bengaluru,<25K,Regular,Verified
U02220,2023-12-08,25-34,Female,Uttar Pradesh,Kanpur,25K-50K,New,Verified
U02221,2021-03-04,18-24,Female,Tamil Nadu,Coimbatore,25K-50K,Regular,Pending
U02222,2022-12-20,18-24,Male,Uttar Pradesh,Kanpur,50K-1L,Regular,Verified
U02223,2024-06-23,35-44,Male,Delhi,Delhi,1L-2L,New,Verified
U02224,2023-10-09,35-44,Male,Uttar Pradesh,Kanpur,1L-2L,Regular,Verified
U02225,2021-01-27,18-24,Female,Karnataka,Mysuru,<25K,Regular,Verified
U02226,2026-03-01,18-24,Female,Karnataka,Mangaluru,<25K,New,Verified
U02227,2026-04-24,18-24,Female,Rajasthan,Udaipur,25K-50K,Frequent,Verified
U02228,2024-03-20,35-44,Female,West Bengal,Siliguri,25K-50K,New,Verified
U02229,2021-03-21,35-44,Female,Delhi,Delhi,<25K,New,Verified
U02230,2023-04-18,18-24,Male,Kerala,Thiruvananthapuram,25K-50K,New,Verified
U02231,2022-10-20,35-44,Male,Maharashtra,Mumbai,50K-1L,Regular,Verified
U02232,2020-12-07,18-24,Female,Telangana,Warangal,50K-1L,Regular,Verified
U02233,2020-05-12,45-54,Female,Uttar Pradesh,Kanpur,50K-1L,Regular,Verified
U02234,2025-02-02,45-54,Male,West Bengal,Kolkata,25K-50K,Regular,Verified
U02235,2026-04-19,35-44,Male,Rajasthan,Jodhpur,50K-1L,Frequent,Verified
U02236,2020-09-21,55+,Male,Gujarat,Vadodara,1L-2L,New,Verified
U02237,2020-04-02,45-54,Female,Maharashtra,Nagpur,25K-50K,Regular,Verified
U02238,2024-08-12,45-54,Female,Punjab,Amritsar,<25K,New,Verified
U02239,2023-12-05,35-44,Male,Madhya Pradesh,Indore,25K-50K,New,Verified
U02240,2025-12-25,25-34,Male,West Bengal,Kolkata,<25K,Regular,Verified
U02241,2023-05-16,25-34,Male,Gujarat,Surat,25K-50K,New,Verified
U02242,2022-09-28,25-34,Male,Delhi,Delhi,<25K,Regular,Verified
U02243,2024-07-18,35-44,Female,Punjab,Chandigarh,25K-50K,Frequent,Verified
U02244,2024-05-15,18-24,Male,Rajasthan,Udaipur,25K-50K,New,Verified
U02245,2026-06-12,25-34,Male,Maharashtra,Nagpur,50K-1L,Frequent,Verified
U02246,2020-09-22,25-34,Female,Maharashtra,Mumbai,<25K,Regular,Verified
U02247,2021-10-07,25-34,Male,Maharashtra,Mumbai,50K-1L,Regular,Verified
U02248,2026-06-23,35-44,Female,Delhi,Delhi,<25K,Regular,Verified
U02249,2023-02-10,55+,Female,Punjab,Chandigarh,<25K,Regular,Verified
U02250,2023-11-02,35-44,Female,Uttar Pradesh,Noida,1L-2L,New,Verified
U02251,2021-03-29,35-44,Female,Madhya Pradesh,Jabalpur,50K-1L,Frequent,Verified
U02252,2026-02-16,35-44,Female,Kerala,Thiruvananthapuram,<25K,Regular,Verified
U02253,2025-03-29,25-34,Male,Delhi,Delhi,50K-1L,Frequent,Pending
U02254,2024-01-03,25-34,Male,Telangana,Warangal,50K-1L,Frequent,Verified
U02255,2023-04-25,45-54,Female,Madhya Pradesh,Jabalpur,25K-50K,New,Verified
U02256,2022-04-10,25-34,Female,Karnataka,Mysuru,25K-50K,New,Verified
U02257,2023-10-22,18-24,Other,Rajasthan,Jaipur,1L-2L,New,Verified
U02258,2023-01-17,35-44,Female,Delhi,New Delhi,25K-50K,Frequent,Pending
U02259,2026-02-12,18-24,Female,Gujarat,Ahmedabad,25K-50K,Frequent,Verified
U02260,2025-05-23,25-34,Female,Madhya Pradesh,Indore,25K-50K,Regular,Verified
U02261,2025-12-19,18-24,Male,Telangana,Hyderabad,1L-2L,New,Verified
U02262,2022-05-21,18-24,Female,Karnataka,Mangaluru,1L-2L,New,Verified
U02263,2021-09-26,18-24,Male,Uttar Pradesh,Noida,1L-2L,Frequent,Verified
U02264,2023-10-31,18-24,Female,Punjab,Amritsar,1L-2L,Frequent,Verified
U02265,2021-11-21,35-44,Female,Gujarat,Ahmedabad,2L+,New,Verified
U02266,2025-02-08,45-54,Female,Madhya Pradesh,Bhopal,50K-1L,New,Verified
U02267,2022-11-23,25-34,Male,Rajasthan,Udaipur,1L-2L,Regular,Pending
U02268,2025-05-09,45-54,Male,Punjab,Chandigarh,2L+,New,Verified
U02269,2021-08-04,25-34,Female,Gujarat,Surat,<25K,Frequent,Verified
U02270,2026-01-27,25-34,Female,Karnataka,Bengaluru,50K-1L,Regular,Verified
U02271,2023-10-21,18-24,Male,Gujarat,Surat,50K-1L,Regular,Verified
U02272,2022-02-22,35-44,Male,Punjab,Ludhiana,1L-2L,Regular,Verified
U02273,2020-06-29,25-34,Female,Tamil Nadu,Madurai,1L-2L,Regular,Verified
U02274,2020-01-19,35-44,Male,Kerala,Kochi,1L-2L,New,Verified
U02275,2023-06-03,35-44,Female,West Bengal,Siliguri,2L+,Frequent,Verified
U02276,2024-06-04,35-44,Female,Uttar Pradesh,Varanasi,50K-1L,Regular,Verified
U02277,2026-01-31,35-44,Female,Karnataka,Mangaluru,<25K,Regular,Pending
U02278,2023-05-30,55+,Male,Punjab,Amritsar,<25K,Regular,Pending
U02279,2024-06-26,25-34,Female,Kerala,Kochi,50K-1L,New,Verified
U02280,2020-02-23,25-34,Male,Kerala,Kochi,25K-50K,New,Verified
U02281,2023-11-27,35-44,Male,Gujarat,Surat,25K-50K,Regular,Verified
U02282,2021-03-18,35-44,Male,West Bengal,Siliguri,25K-50K,Regular,Verified
U02283,2021-08-02,18-24,Female,Kerala,Thiruvananthapuram,1L-2L,Regular,Verified
U02284,2020-10-08,25-34,Female,West Bengal,Kolkata,25K-50K,Frequent,Pending
U02285,2022-04-02,25-34,Male,Gujarat,Vadodara,1L-2L,Regular,Verified
U02286,2024-07-27,25-34,Male,Punjab,Amritsar,1L-2L,Regular,Verified
U02287,2021-10-02,18-24,Male,Rajasthan,Jaipur,25K-50K,New,Pending
U02288,2022-10-28,55+,Female,Tamil Nadu,Coimbatore,25K-50K,Frequent,Verified
U02289,2025-07-09,35-44,Female,Kerala,Kochi,1L-2L,Regular,Verified
U02290,2021-07-16,25-34,Male,Delhi,Delhi,50K-1L,New,Pending
U02291,2020-12-06,35-44,Female,Tamil Nadu,Chennai,25K-50K,Regular,Verified
U02292,2021-04-16,45-54,Male,Gujarat,Surat,<25K,Regular,Verified
U02293,2024-09-06,18-24,Female,Uttar Pradesh,Varanasi,25K-50K,Frequent,Verified
U02294,2026-04-15,25-34,Female,Delhi,New Delhi,<25K,Frequent,Verified
U02295,2020-08-22,35-44,Female,Karnataka,Mysuru,25K-50K,Regular,Verified
U02296,2023-01-11,45-54,Female,Tamil Nadu,Madurai,25K-50K,Regular,Verified
U02297,2023-01-21,18-24,Female,Gujarat,Vadodara,50K-1L,New,Verified
U02298,2025-03-23,55+,Male,Tamil Nadu,Coimbatore,2L+,Regular,Verified
U02299,2023-11-18,25-34,Female,Kerala,Kochi,50K-1L,Frequent,Verified
U02300,2022-04-03,25-34,Female,Punjab,Chandigarh,2L+,Regular,Pending
U02301,2023-07-15,25-34,Male,Delhi,New Delhi,1L-2L,Regular,Verified
U02302,2021-09-23,18-24,Male,Telangana,Hyderabad,50K-1L,Frequent,Verified
U02303,2021-06-12,45-54,Female,Madhya Pradesh,Indore,25K-50K,New,Verified
U02304,2025-06-03,55+,Male,Tamil Nadu,Chennai,25K-50K,New,Pending
U02305,2025-12-09,25-34,Male,Karnataka,Mangaluru,1L-2L,Regular,Verified
U02306,2025-08-19,55+,Female,Karnataka,Mysuru,1L-2L,Frequent,Pending
U02307,2023-09-01,45-54,Female,Maharashtra,Nashik,25K-50K,Frequent,Verified
U02308,2023-07-20,25-34,Male,Tamil Nadu,Madurai,<25K,Regular,Verified
U02309,2023-08-22,35-44,Female,Madhya Pradesh,Jabalpur,1L-2L,Frequent,Verified
U02310,2023-05-18,25-34,Male,Rajasthan,Jodhpur,25K-50K,Regular,Verified
U02311,2025-06-04,35-44,Male,Kerala,Thiruvananthapuram,<25K,New,Verified
U02312,2024-10-19,18-24,Male,West Bengal,Kolkata,1L-2L,Frequent,Verified
U02313,2025-05-02,35-44,Female,Punjab,Chandigarh,50K-1L,New,Verified
U02314,2025-10-28,18-24,Female,Madhya Pradesh,Jabalpur,50K-1L,New,Verified
U02315,2022-06-20,45-54,Male,West Bengal,Kolkata,1L-2L,Regular,Verified
U02316,2022-06-09,45-54,Female,West Bengal,Kolkata,50K-1L,Regular,Verified
U02317,2024-04-19,25-34,Female,Telangana,Warangal,50K-1L,Regular,Verified
U02318,2024-12-29,25-34,Male,Maharashtra,Pune,25K-50K,New,Verified
U02319,2025-08-27,25-34,Female,Madhya Pradesh,Jabalpur,25K-50K,Regular,Verified
U02320,2023-04-03,35-44,Female,Madhya Pradesh,Jabalpur,1L-2L,New,Verified
U02321,2024-03-28,25-34,Male,Telangana,Hyderabad,25K-50K,Regular,Verified
U02322,2020-07-20,35-44,Female,Tamil Nadu,Madurai,<25K,Frequent,Verified
U02323,2022-01-10,25-34,Female,Tamil Nadu,Madurai,<25K,Frequent,Verified
U02324,2023-10-01,18-24,Female,Tamil Nadu,Coimbatore,25K-50K,Frequent,Verified
U02325,2023-10-21,18-24,Male,Uttar Pradesh,Lucknow,25K-50K,Regular,Verified
U02326,2025-06-23,18-24,Female,West Bengal,Kolkata,50K-1L,Regular,Verified
U02327,2024-01-11,45-54,Male,Uttar Pradesh,Noida,25K-50K,Regular,Verified
U02328,2024-03-16,55+,Male,Maharashtra,Nagpur,<25K,New,Verified
U02329,2020-11-14,25-34,Male,Punjab,Ludhiana,50K-1L,Regular,Pending
U02330,2026-03-14,25-34,Female,Telangana,Hyderabad,1L-2L,Regular,Verified
U02331,2022-11-23,18-24,Male,Madhya Pradesh,Jabalpur,<25K,Frequent,Verified
U02332,2025-03-09,35-44,Female,Kerala,Kochi,50K-1L,Regular,Verified
U02333,2026-05-02,18-24,Male,West Bengal,Kolkata,50K-1L,New,Verified
U02334,2021-12-24,35-44,Female,Uttar Pradesh,Kanpur,50K-1L,Frequent,Verified
U02335,2024-08-27,55+,Female,Uttar Pradesh,Varanasi,<25K,Regular,Verified
U02336,2021-02-16,25-34,Male,Gujarat,Ahmedabad,2L+,Frequent,Verified
U02337,2023-06-29,35-44,Female,Uttar Pradesh,Varanasi,50K-1L,Frequent,Verified
U02338,2021-02-04,18-24,Female,Punjab,Chandigarh,1L-2L,Regular,Verified
U02339,2025-01-13,25-34,Female,Rajasthan,Jodhpur,25K-50K,New,Verified
U02340,2021-12-24,18-24,Male,Madhya Pradesh,Bhopal,50K-1L,New,Verified
U02341,2026-05-18,25-34,Female,Rajasthan,Jodhpur,1L-2L,New,Verified
U02342,2023-02-09,18-24,Female,Madhya Pradesh,Bhopal,25K-50K,New,Verified
U02343,2022-01-20,25-34,Female,Telangana,Hyderabad,25K-50K,Regular,Verified
U02344,2020-09-24,25-34,Male,Madhya Pradesh,Indore,50K-1L,Frequent,Verified
U02345,2026-06-03,25-34,Female,Rajasthan,Jaipur,<25K,Frequent,Verified
U02346,2023-09-02,35-44,Female,Madhya Pradesh,Jabalpur,50K-1L,Regular,Verified
U02347,2021-07-23,45-54,Female,Telangana,Hyderabad,<25K,New,Verified
U02348,2025-05-27,25-34,Female,Telangana,Hyderabad,<25K,Regular,Verified
U02349,2021-06-29,25-34,Male,Maharashtra,Nashik,50K-1L,Regular,Verified
U02350,2020-12-30,25-34,Male,Madhya Pradesh,Jabalpur,<25K,New,Verified
U02351,2021-06-30,45-54,Male,Kerala,Thiruvananthapuram,2L+,Frequent,Verified
U02352,2020-09-27,35-44,Female,Gujarat,Surat,1L-2L,Frequent,Verified
U02353,2022-01-08,25-34,Male,Tamil Nadu,Coimbatore,50K-1L,Regular,Verified
U02354,2023-06-11,18-24,Female,Karnataka,Mysuru,1L-2L,Regular,Verified
U02355,2020-02-28,25-34,Other,Telangana,Warangal,1L-2L,New,Verified
U02356,2023-06-28,25-34,Female,Delhi,New Delhi,25K-50K,Regular,Verified
U02357,2025-02-13,55+,Male,Tamil Nadu,Madurai,1L-2L,New,Verified
U02358,2020-03-26,45-54,Female,Punjab,Amritsar,<25K,New,Verified
U02359,2022-02-01,18-24,Female,West Bengal,Kolkata,25K-50K,Regular,Verified
U02360,2021-01-24,25-34,Male,Madhya Pradesh,Jabalpur,50K-1L,Regular,Verified
U02361,2023-04-18,25-34,Male,Rajasthan,Udaipur,50K-1L,Regular,Verified
U02362,2021-12-19,25-34,Other,Karnataka,Mangaluru,<25K,Regular,Verified
U02363,2020-05-28,45-54,Male,Delhi,Delhi,25K-50K,Regular,Verified
U02364,2021-08-05,25-34,Male,Tamil Nadu,Madurai,50K-1L,Frequent,Pending
U02365,2020-04-30,25-34,Female,Madhya Pradesh,Jabalpur,25K-50K,Frequent,Verified
U02366,2026-04-22,25-34,Other,Maharashtra,Pune,1L-2L,Frequent,Pending
U02367,2022-02-04,45-54,Male,West Bengal,Kolkata,50K-1L,Frequent,Pending
U02368,2022-03-10,35-44,Male,Karnataka,Bengaluru,25K-50K,Regular,Verified
U02369,2025-10-07,25-34,Female,Gujarat,Ahmedabad,<25K,Regular,Verified
U02370,2022-10-18,25-34,Male,Maharashtra,Pune,50K-1L,New,Verified
U02371,2024-01-09,25-34,Male,Delhi,Delhi,25K-50K,New,Verified
U02372,2023-01-14,55+,Female,Punjab,Ludhiana,<25K,Frequent,Verified
U02373,2023-06-04,25-34,Female,Karnataka,Mysuru,25K-50K,Frequent,Verified
U02374,2024-07-07,25-34,Female,Maharashtra,Nashik,25K-50K,Regular,Verified
U02375,2024-12-20,25-34,Male,West Bengal,Kolkata,<25K,Regular,Verified
U02376,2023-09-07,35-44,Female,Gujarat,Ahmedabad,50K-1L,New,Verified
U02377,2023-09-03,25-34,Female,Maharashtra,Mumbai,1L-2L,Regular,Verified
U02378,2024-09-28,18-24,Female,Uttar Pradesh,Noida,50K-1L,Regular,Verified
U02379,2022-06-17,35-44,Male,Gujarat,Surat,1L-2L,Regular,Verified
U02380,2026-05-29,35-44,Female,Delhi,New Delhi,<25K,Frequent,Pending
U02381,2021-04-29,35-44,Female,Punjab,Amritsar,25K-50K,New,Verified
U02382,2022-03-13,45-54,Male,West Bengal,Kolkata,50K-1L,Regular,Pending
U02383,2024-09-11,25-34,Male,Kerala,Kochi,50K-1L,Regular,Verified
U02384,2025-03-30,18-24,Female,Madhya Pradesh,Bhopal,50K-1L,Frequent,Verified
U02385,2024-10-23,55+,Male,Rajasthan,Udaipur,50K-1L,Frequent,Verified
U02386,2024-12-14,25-34,Male,Rajasthan,Udaipur,50K-1L,Regular,Verified
U02387,2026-04-10,35-44,Female,Rajasthan,Jodhpur,<25K,Frequent,Verified
U02388,2023-12-14,35-44,Female,Karnataka,Bengaluru,50K-1L,Regular,Verified
U02389,2025-05-06,35-44,Male,Delhi,New Delhi,50K-1L,New,Verified
U02390,2026-05-09,25-34,Female,West Bengal,Kolkata,2L+,Regular,Verified
U02391,2024-07-28,35-44,Female,Gujarat,Ahmedabad,50K-1L,New,Verified
U02392,2025-01-22,45-54,Male,Karnataka,Bengaluru,50K-1L,Regular,Verified
U02393,2021-06-03,35-44,Male,Delhi,Delhi,50K-1L,Frequent,Verified
U02394,2023-02-25,25-34,Male,Madhya Pradesh,Bhopal,1L-2L,Frequent,Verified
U02395,2023-10-28,18-24,Female,Uttar Pradesh,Varanasi,2L+,Regular,Verified
U02396,2026-01-15,18-24,Male,West Bengal,Kolkata,1L-2L,Regular,Verified
U02397,2021-10-13,25-34,Female,Rajasthan,Udaipur,50K-1L,New,Verified
U02398,2026-02-01,25-34,Male,Maharashtra,Pune,<25K,Regular,Verified
U02399,2025-05-04,55+,Male,Kerala,Kochi,50K-1L,New,Verified
U02400,2020-07-29,45-54,Male,West Bengal,Kolkata,50K-1L,Regular,Verified
U02401,2021-08-08,35-44,Female,Telangana,Warangal,1L-2L,Regular,Verified
U02402,2020-06-15,25-34,Male,Punjab,Ludhiana,<25K,Frequent,Verified
U02403,2023-06-10,18-24,Male,Delhi,Delhi,50K-1L,New,Pending
U02404,2023-04-20,55+,Male,Tamil Nadu,Coimbatore,25K-50K,Regular,Verified
U02405,2024-10-04,25-34,Female,Madhya Pradesh,Indore,1L-2L,Regular,Verified
U02406,2022-11-18,18-24,Male,Uttar Pradesh,Varanasi,25K-50K,New,Verified
U02407,2021-12-14,25-34,Female,Madhya Pradesh,Indore,50K-1L,Regular,Verified
U02408,2021-11-18,45-54,Male,West Bengal,Kolkata,25K-50K,Regular,Pending
U02409,2020-11-25,45-54,Male,Tamil Nadu,Chennai,<25K,Regular,Pending
U02410,2024-10-12,18-24,Female,Telangana,Warangal,50K-1L,Frequent,Verified
U02411,2023-04-22,45-54,Female,Gujarat,Vadodara,<25K,Regular,Verified
U02412,2025-11-12,25-34,Female,Maharashtra,Mumbai,50K-1L,Regular,Verified
U02413,2022-02-23,18-24,Male,Tamil Nadu,Coimbatore,2L+,New,Verified
U02414,2022-07-29,45-54,Female,Delhi,Delhi,2L+,Frequent,Verified
U02415,2023-07-12,45-54,Male,Rajasthan,Jaipur,25K-50K,New,Verified
U02416,2024-08-06,35-44,Male,Telangana,Hyderabad,1L-2L,New,Verified
U02417,2021-09-17,35-44,Female,Maharashtra,Mumbai,25K-50K,New,Verified
U02418,2020-05-18,45-54,Female,Kerala,Thiruvananthapuram,1L-2L,Regular,Verified
U02419,2022-01-31,45-54,Male,Uttar Pradesh,Noida,1L-2L,Regular,Verified
U02420,2025-01-07,45-54,Male,Rajasthan,Jodhpur,<25K,Frequent,Verified
U02421,2026-04-21,35-44,Female,West Bengal,Siliguri,25K-50K,Frequent,Verified
U02422,2024-04-04,55+,Female,Tamil Nadu,Chennai,25K-50K,Regular,Verified
U02423,2021-11-06,55+,Male,Maharashtra,Nagpur,1L-2L,Regular,Verified
U02424,2020-04-01,18-24,Male,Punjab,Amritsar,25K-50K,Regular,Verified
U02425,2022-12-28,45-54,Female,Karnataka,Mysuru,50K-1L,Frequent,Verified
U02426,2020-02-06,25-34,Female,Punjab,Amritsar,50K-1L,Regular,Verified
U02427,2024-11-22,25-34,Female,Gujarat,Ahmedabad,2L+,Regular,Verified
U02428,2025-12-27,35-44,Male,Punjab,Chandigarh,2L+,Regular,Verified
U02429,2023-04-16,18-24,Female,Kerala,Kochi,25K-50K,Regular,Verified
U02430,2025-01-10,25-34,Male,Gujarat,Ahmedabad,50K-1L,New,Verified
U02431,2025-03-09,45-54,Female,Telangana,Hyderabad,1L-2L,New,Verified
U02432,2020-05-16,25-34,Male,Uttar Pradesh,Varanasi,1L-2L,Regular,Verified
U02433,2026-02-15,25-34,Male,Telangana,Warangal,<25K,Frequent,Verified
U02434,2024-07-21,55+,Male,Karnataka,Mangaluru,25K-50K,Regular,Verified
U02435,2024-05-01,25-34,Female,Delhi,New Delhi,25K-50K,Frequent,Verified
U02436,2022-08-29,25-34,Male,Uttar Pradesh,Lucknow,25K-50K,New,Verified
U02437,2021-10-23,25-34,Female,Punjab,Ludhiana,<25K,Regular,Verified
U02438,2026-04-09,25-34,Female,Madhya Pradesh,Indore,25K-50K,Regular,Verified
U02439,2024-12-15,35-44,Female,Delhi,Delhi,50K-1L,Frequent,Verified
U02440,2021-02-18,45-54,Male,Uttar Pradesh,Lucknow,25K-50K,Regular,Pending
U02441,2020-12-08,25-34,Male,Uttar Pradesh,Noida,50K-1L,Regular,Verified
U02442,2020-05-25,45-54,Male,Karnataka,Bengaluru,<25K,New,Verified
U02443,2020-11-18,25-34,Male,West Bengal,Kolkata,1L-2L,Regular,Verified
U02444,2025-12-09,25-34,Female,Punjab,Amritsar,2L+,Frequent,Verified
U02445,2023-06-29,35-44,Male,Karnataka,Mysuru,50K-1L,Regular,Verified
U02446,2025-02-21,35-44,Male,Uttar Pradesh,Noida,1L-2L,Frequent,Verified
U02447,2026-06-16,35-44,Male,Maharashtra,Pune,<25K,Frequent,Verified
U02448,2021-08-23,18-24,Male,Delhi,New Delhi,1L-2L,New,Verified
U02449,2021-04-19,18-24,Male,Karnataka,Bengaluru,<25K,Frequent,Pending
U02450,2024-02-24,25-34,Male,West Bengal,Siliguri,25K-50K,Regular,Verified
U02451,2021-07-28,25-34,Male,Tamil Nadu,Madurai,25K-50K,New,Verified
U02452,2020-12-12,35-44,Female,Telangana,Warangal,50K-1L,Regular,Verified
U02453,2024-02-19,18-24,Male,Uttar Pradesh,Lucknow,25K-50K,Regular,Verified
U02454,2021-01-16,35-44,Male,Punjab,Amritsar,50K-1L,Regular,Verified
U02455,2023-07-27,25-34,Female,Madhya Pradesh,Jabalpur,25K-50K,New,Verified
U02456,2020-03-12,25-34,Female,Tamil Nadu,Chennai,1L-2L,Frequent,Verified
U02457,2023-01-22,25-34,Female,Gujarat,Vadodara,50K-1L,Regular,Verified
U02458,2023-10-28,25-34,Male,Rajasthan,Jaipur,25K-50K,Regular,Verified
U02459,2023-09-21,45-54,Female,West Bengal,Kolkata,25K-50K,Regular,Verified
U02460,2021-10-25,18-24,Female,Madhya Pradesh,Indore,1L-2L,New,Verified
U02461,2024-02-24,25-34,Male,Rajasthan,Udaipur,25K-50K,Regular,Verified
U02462,2025-03-06,45-54,Male,West Bengal,Kolkata,50K-1L,Regular,Verified
U02463,2020-02-09,35-44,Female,Punjab,Chandigarh,50K-1L,Regular,Pending
U02464,2023-10-14,25-34,Female,Maharashtra,Nagpur,25K-50K,New,Verified
U02465,2025-07-23,25-34,Male,Punjab,Ludhiana,25K-50K,Frequent,Verified
U02466,2023-07-01,35-44,Male,Telangana,Warangal,25K-50K,Regular,Verified
U02467,2022-08-23,55+,Female,Tamil Nadu,Coimbatore,25K-50K,Regular,Verified
U02468,2025-03-15,45-54,Male,Delhi,New Delhi,25K-50K,Regular,Verified
U02469,2026-01-26,25-34,Female,West Bengal,Kolkata,<25K,Regular,Verified
U02470,2021-12-01,55+,Male,Punjab,Amritsar,25K-50K,New,Verified
U02471,2021-05-25,18-24,Female,Delhi,Delhi,25K-50K,Regular,Verified
U02472,2023-07-07,18-24,Female,Telangana,Warangal,2L+,Regular,Verified
U02473,2021-08-06,45-54,Female,Uttar Pradesh,Noida,50K-1L,New,Verified
U02474,2022-09-10,25-34,Female,Gujarat,Vadodara,1L-2L,New,Verified
U02475,2021-04-03,18-24,Male,Tamil Nadu,Coimbatore,<25K,Regular,Pending
U02476,2025-03-20,25-34,Male,Telangana,Warangal,<25K,New,Verified
U02477,2025-10-05,25-34,Male,Telangana,Warangal,1L-2L,Regular,Verified
U02478,2026-03-15,35-44,Female,Punjab,Ludhiana,50K-1L,Regular,Pending
U02479,2022-03-26,35-44,Female,Maharashtra,Mumbai,<25K,Regular,Pending
U02480,2020-09-03,25-34,Female,Rajasthan,Udaipur,25K-50K,Frequent,Verified
U02481,2021-12-30,25-34,Female,Gujarat,Surat,50K-1L,Regular,Verified
U02482,2021-02-20,55+,Male,Tamil Nadu,Chennai,1L-2L,Frequent,Verified
U02483,2022-11-20,45-54,Female,Uttar Pradesh,Lucknow,<25K,Frequent,Verified
U02484,2021-01-02,25-34,Male,Uttar Pradesh,Lucknow,50K-1L,Frequent,Verified
U02485,2020-04-17,55+,Male,Karnataka,Mangaluru,50K-1L,New,Verified
U02486,2022-04-18,35-44,Female,Telangana,Hyderabad,2L+,Frequent,Verified
U02487,2021-02-21,18-24,Male,West Bengal,Kolkata,1L-2L,Frequent,Verified
U02488,2024-07-01,18-24,Female,Maharashtra,Pune,25K-50K,Regular,Pending
U02489,2022-03-31,18-24,Female,Gujarat,Ahmedabad,50K-1L,Regular,Verified
U02490,2023-11-22,35-44,Male,Punjab,Chandigarh,1L-2L,Frequent,Verified
U02491,2021-11-13,25-34,Male,Uttar Pradesh,Noida,50K-1L,Regular,Verified
U02492,2020-09-12,25-34,Female,Tamil Nadu,Madurai,1L-2L,Regular,Verified
U02493,2022-04-17,18-24,Male,Karnataka,Mysuru,1L-2L,Frequent,Verified
U02494,2026-04-01,55+,Female,Tamil Nadu,Madurai,<25K,Regular,Verified
U02495,2021-07-06,25-34,Male,Maharashtra,Pune,<25K,New,Verified
U02496,2020-06-29,45-54,Male,West Bengal,Siliguri,1L-2L,Regular,Verified
U02497,2020-06-05,55+,Female,Karnataka,Mysuru,25K-50K,Regular,Verified
U02498,2024-01-17,18-24,Male,Karnataka,Mysuru,<25K,Frequent,Verified
U02499,2021-07-24,25-34,Male,Rajasthan,Jodhpur,25K-50K,Regular,Verified
U02500,2022-05-06,18-24,Female,Gujarat,Vadodara,1L-2L,Frequent,Verified
U02501,2024-11-19,45-54,Female,Karnataka,Mysuru,<25K,Regular,Verified
U02502,2024-09-23,25-34,Male,Kerala,Thiruvananthapuram,50K-1L,Regular,Verified
U02503,2022-11-13,18-24,Female,Rajasthan,Jodhpur,<25K,New,Verified
U02504,2024-02-05,18-24,Male,Rajasthan,Udaipur,<25K,Regular,Verified
U02505,2023-11-24,25-34,Male,Maharashtra,Pune,25K-50K,Frequent,Verified
U02506,2021-08-14,55+,Male,Kerala,Thiruvananthapuram,<25K,New,Verified
U02507,2025-12-21,35-44,Male,Delhi,New Delhi,1L-2L,Frequent,Verified
U02508,2021-02-24,45-54,Male,Tamil Nadu,Coimbatore,1L-2L,Regular,Verified
U02509,2026-03-10,25-34,Male,West Bengal,Kolkata,1L-2L,New,Verified
U02510,2020-12-13,18-24,Male,Madhya Pradesh,Bhopal,25K-50K,New,Verified
U02511,2020-06-14,55+,Male,Tamil Nadu,Madurai,50K-1L,Regular,Verified
U02512,2022-07-25,18-24,Female,Karnataka,Bengaluru,<25K,Regular,Verified
U02513,2020-12-13,55+,Male,West Bengal,Kolkata,25K-50K,Regular,Pending
U02514,2021-02-01,25-34,Male,Uttar Pradesh,Noida,50K-1L,Regular,Verified
U02515,2021-08-05,18-24,Male,Delhi,Delhi,50K-1L,Regular,Verified
U02516,2024-05-19,35-44,Female,Uttar Pradesh,Lucknow,<25K,Regular,Pending
U02517,2020-11-03,55+,Female,Kerala,Kochi,25K-50K,Regular,Verified
U02518,2020-04-08,55+,Male,Uttar Pradesh,Kanpur,2L+,Frequent,Verified
U02519,2023-06-19,18-24,Male,Punjab,Amritsar,25K-50K,Regular,Verified
U02520,2020-06-06,25-34,Female,Gujarat,Vadodara,2L+,New,Verified
U02521,2021-07-07,35-44,Male,Tamil Nadu,Madurai,2L+,Regular,Verified
U02522,2021-10-12,35-44,Other,Madhya Pradesh,Bhopal,50K-1L,Regular,Pending
U02523,2026-03-24,35-44,Male,Punjab,Chandigarh,25K-50K,Regular,Verified
U02524,2026-04-09,25-34,Male,Maharashtra,Pune,1L-2L,Frequent,Verified
U02525,2022-12-04,55+,Female,Madhya Pradesh,Indore,<25K,Frequent,Verified
U02526,2024-02-04,35-44,Male,Uttar Pradesh,Noida,25K-50K,Regular,Verified
U02527,2025-02-21,45-54,Male,Karnataka,Bengaluru,1L-2L,Regular,Verified
U02528,2022-01-03,35-44,Male,Delhi,New Delhi,25K-50K,Regular,Verified
U02529,2025-05-04,25-34,Female,Telangana,Warangal,25K-50K,Frequent,Verified
U02530,2020-04-01,55+,Female,Madhya Pradesh,Jabalpur,50K-1L,Regular,Verified
U02531,2026-01-28,35-44,Male,Uttar Pradesh,Kanpur,50K-1L,Regular,Verified
U02532,2024-06-15,45-54,Female,Delhi,New Delhi,<25K,Frequent,Verified
U02533,2023-04-30,55+,Male,West Bengal,Siliguri,25K-50K,Regular,Verified
U02534,2023-01-05,35-44,Male,Tamil Nadu,Madurai,25K-50K,Regular,Verified
U02535,2023-07-28,35-44,Male,Rajasthan,Jaipur,25K-50K,Frequent,Verified
U02536,2023-10-19,18-24,Male,Gujarat,Vadodara,1L-2L,Frequent,Verified
U02537,2020-06-27,18-24,Female,Delhi,Delhi,50K-1L,New,Verified
U02538,2026-04-04,25-34,Male,Karnataka,Mangaluru,50K-1L,Regular,Verified
U02539,2020-10-06,25-34,Male,Kerala,Thiruvananthapuram,<25K,Regular,Verified
U02540,2022-11-08,25-34,Male,Karnataka,Mysuru,<25K,Frequent,Pending
U02541,2024-06-06,25-34,Male,Delhi,New Delhi,25K-50K,Frequent,Verified
U02542,2021-01-05,25-34,Male,Karnataka,Mysuru,25K-50K,Frequent,Verified
U02543,2024-12-05,25-34,Male,Tamil Nadu,Madurai,<25K,Regular,Verified
U02544,2024-08-30,18-24,Female,Karnataka,Mysuru,25K-50K,New,Verified
U02545,2026-03-18,18-24,Male,Madhya Pradesh,Indore,<25K,Regular,Pending
U02546,2020-10-30,35-44,Male,Rajasthan,Jodhpur,1L-2L,Regular,Verified
U02547,2023-09-10,25-34,Male,Karnataka,Bengaluru,1L-2L,Regular,Verified
U02548,2023-12-31,25-34,Male,Rajasthan,Udaipur,50K-1L,Regular,Verified
U02549,2023-04-08,35-44,Male,Uttar Pradesh,Noida,<25K,Regular,Verified
U02550,2025-08-23,45-54,Male,Maharashtra,Mumbai,1L-2L,Frequent,Verified
U02551,2021-10-30,25-34,Male,Tamil Nadu,Madurai,2L+,New,Pending
U02552,2021-05-14,35-44,Male,Maharashtra,Pune,25K-50K,Regular,Verified
U02553,2023-11-15,55+,Female,Uttar Pradesh,Varanasi,50K-1L,Regular,Verified
U02554,2024-04-21,45-54,Female,Tamil Nadu,Coimbatore,1L-2L,Regular,Verified
U02555,2021-06-13,25-34,Male,Delhi,New Delhi,50K-1L,Regular,Verified
U02556,2025-06-29,35-44,Male,Delhi,Delhi,25K-50K,New,Verified
U02557,2023-05-04,18-24,Male,Rajasthan,Jaipur,25K-50K,Regular,Verified
U02558,2022-01-24,35-44,Female,Uttar Pradesh,Noida,50K-1L,New,Verified
U02559,2026-06-05,55+,Female,Rajasthan,Udaipur,25K-50K,New,Verified
U02560,2022-03-25,25-34,Male,Gujarat,Vadodara,2L+,Regular,Verified
U02561,2021-12-27,55+,Female,Karnataka,Bengaluru,50K-1L,New,Pending
U02562,2021-12-31,25-34,Male,Telangana,Hyderabad,25K-50K,Regular,Verified
U02563,2022-04-07,55+,Male,Gujarat,Surat,50K-1L,New,Verified
U02564,2023-08-24,35-44,Male,Karnataka,Mysuru,50K-1L,Regular,Verified
U02565,2025-08-08,18-24,Female,Tamil Nadu,Madurai,<25K,Regular,Verified
U02566,2022-05-24,35-44,Male,Rajasthan,Jodhpur,25K-50K,Regular,Verified
U02567,2025-12-18,25-34,Male,Tamil Nadu,Madurai,1L-2L,Regular,Verified
U02568,2025-06-26,18-24,Female,Punjab,Ludhiana,50K-1L,Frequent,Verified
U02569,2024-08-04,45-54,Female,Punjab,Amritsar,25K-50K,New,Verified
U02570,2021-08-30,25-34,Female,Punjab,Chandigarh,<25K,Regular,Verified
U02571,2025-09-04,45-54,Female,Tamil Nadu,Coimbatore,50K-1L,Regular,Verified
U02572,2024-01-17,25-34,Male,Karnataka,Bengaluru,50K-1L,New,Verified
U02573,2021-09-26,25-34,Male,Punjab,Ludhiana,25K-50K,Regular,Verified
U02574,2023-04-24,55+,Other,Uttar Pradesh,Varanasi,50K-1L,New,Verified
U02575,2021-04-28,25-34,Male,Kerala,Kochi,<25K,Frequent,Pending
U02576,2022-12-10,35-44,Male,Karnataka,Bengaluru,<25K,New,Verified
U02577,2025-03-29,35-44,Female,Punjab,Amritsar,50K-1L,New,Verified
U02578,2025-08-14,35-44,Male,West Bengal,Kolkata,<25K,Regular,Verified
U02579,2021-08-11,45-54,Male,Delhi,New Delhi,1L-2L,Regular,Verified
U02580,2026-03-05,35-44,Male,Delhi,New Delhi,<25K,Regular,Verified
U02581,2026-04-23,25-34,Male,Gujarat,Ahmedabad,50K-1L,Regular,Verified
U02582,2023-05-13,45-54,Male,Delhi,New Delhi,25K-50K,Frequent,Verified
U02583,2025-05-27,25-34,Male,Karnataka,Bengaluru,25K-50K,Frequent,Verified
U02584,2025-08-20,35-44,Male,Madhya Pradesh,Indore,1L-2L,Regular,Verified
U02585,2022-08-06,55+,Female,Rajasthan,Jodhpur,25K-50K,Frequent,Verified
U02586,2025-08-17,35-44,Male,Karnataka,Bengaluru,50K-1L,Regular,Verified
U02587,2025-09-10,45-54,Male,Kerala,Thiruvananthapuram,50K-1L,New,Verified
U02588,2025-06-30,35-44,Female,Karnataka,Mysuru,50K-1L,Regular,Verified
U02589,2024-10-07,45-54,Female,Telangana,Warangal,1L-2L,New,Verified
U02590,2021-01-21,55+,Male,Rajasthan,Jaipur,50K-1L,Frequent,Verified
U02591,2023-06-05,25-34,Female,West Bengal,Siliguri,50K-1L,New,Verified
U02592,2024-11-25,18-24,Male,Delhi,Delhi,1L-2L,Regular,Pending
U02593,2024-02-07,25-34,Male,Rajasthan,Jodhpur,2L+,Regular,Verified
U02594,2020-07-25,35-44,Male,Delhi,New Delhi,25K-50K,Regular,Verified
U02595,2024-12-23,25-34,Male,Gujarat,Ahmedabad,50K-1L,New,Verified
U02596,2024-11-15,18-24,Female,Rajasthan,Jodhpur,<25K,Frequent,Verified
U02597,2022-03-03,25-34,Female,Punjab,Chandigarh,25K-50K,New,Verified
U02598,2026-03-31,55+,Female,Delhi,New Delhi,25K-50K,Frequent,Verified
U02599,2024-09-20,35-44,Female,West Bengal,Siliguri,1L-2L,Frequent,Verified
U02600,2022-10-02,25-34,Female,Punjab,Ludhiana,50K-1L,Regular,Verified
U02601,2022-07-30,25-34,Male,Maharashtra,Nagpur,50K-1L,New,Pending
U02602,2023-03-11,25-34,Male,Tamil Nadu,Madurai,<25K,New,Verified
U02603,2026-02-01,18-24,Female,Tamil Nadu,Coimbatore,25K-50K,Frequent,Verified
U02604,2024-08-04,18-24,Female,West Bengal,Siliguri,1L-2L,New,Verified
U02605,2021-03-24,45-54,Male,Telangana,Hyderabad,25K-50K,New,Verified
U02606,2021-08-14,55+,Male,Maharashtra,Nashik,<25K,Regular,Pending
U02607,2020-03-22,18-24,Female,Gujarat,Surat,25K-50K,Regular,Verified
U02608,2025-12-22,18-24,Male,West Bengal,Siliguri,50K-1L,New,Verified
U02609,2023-11-07,25-34,Female,Punjab,Chandigarh,25K-50K,Regular,Verified
U02610,2024-01-20,25-34,Female,Tamil Nadu,Madurai,25K-50K,Regular,Verified
U02611,2022-12-15,25-34,Female,Tamil Nadu,Coimbatore,50K-1L,New,Verified
U02612,2021-02-22,25-34,Male,Tamil Nadu,Coimbatore,25K-50K,Regular,Verified
U02613,2020-03-28,25-34,Female,Punjab,Amritsar,1L-2L,Regular,Verified
U02614,2020-08-02,35-44,Female,Uttar Pradesh,Lucknow,<25K,Regular,Pending
U02615,2024-10-24,35-44,Female,West Bengal,Kolkata,25K-50K,New,Verified
U02616,2024-02-29,35-44,Male,Karnataka,Bengaluru,50K-1L,Regular,Verified
U02617,2024-09-13,25-34,Female,Gujarat,Surat,1L-2L,Regular,Verified
U02618,2026-04-11,45-54,Female,Tamil Nadu,Coimbatore,1L-2L,Regular,Verified
U02619,2024-02-10,55+,Female,Delhi,Delhi,50K-1L,New,Verified
U02620,2020-11-04,18-24,Female,West Bengal,Kolkata,25K-50K,New,Pending
U02621,2020-08-18,25-34,Male,Kerala,Thiruvananthapuram,<25K,Frequent,Verified
U02622,2020-06-03,25-34,Female,Punjab,Ludhiana,25K-50K,Regular,Verified
U02623,2023-04-13,18-24,Female,Uttar Pradesh,Noida,1L-2L,Regular,Verified
U02624,2020-04-24,25-34,Male,West Bengal,Kolkata,1L-2L,Frequent,Pending
U02625,2023-11-14,35-44,Female,Gujarat,Ahmedabad,2L+,Regular,Verified
U02626,2020-11-06,25-34,Female,Uttar Pradesh,Noida,<25K,Regular,Verified
U02627,2022-09-19,25-34,Female,Gujarat,Surat,50K-1L,Regular,Verified
U02628,2026-06-05,35-44,Male,West Bengal,Kolkata,50K-1L,Frequent,Verified
U02629,2022-11-07,55+,Male,Karnataka,Mysuru,50K-1L,Regular,Verified
U02630,2020-01-12,25-34,Male,Kerala,Thiruvananthapuram,50K-1L,Regular,Verified
U02631,2023-11-28,35-44,Male,Gujarat,Ahmedabad,1L-2L,Regular,Pending
U02632,2026-03-29,18-24,Male,Uttar Pradesh,Lucknow,25K-50K,Frequent,Pending
U02633,2025-07-06,18-24,Male,Uttar Pradesh,Kanpur,<25K,Regular,Verified
U02634,2021-12-30,35-44,Male,Gujarat,Vadodara,25K-50K,Regular,Verified
U02635,2023-07-25,18-24,Female,Madhya Pradesh,Bhopal,<25K,Regular,Verified
U02636,2023-10-08,18-24,Female,West Bengal,Kolkata,25K-50K,Regular,Verified
U02637,2025-07-29,18-24,Male,Madhya Pradesh,Jabalpur,<25K,New,Verified
U02638,2026-06-08,35-44,Other,Telangana,Hyderabad,25K-50K,Frequent,Verified
U02639,2021-06-24,35-44,Male,West Bengal,Siliguri,50K-1L,New,Verified
U02640,2020-03-17,25-34,Male,Gujarat,Vadodara,1L-2L,Regular,Verified
U02641,2020-01-24,35-44,Male,Maharashtra,Pune,1L-2L,Regular,Verified
U02642,2022-11-04,25-34,Female,Gujarat,Ahmedabad,25K-50K,Regular,Verified
U02643,2021-11-06,35-44,Female,Madhya Pradesh,Jabalpur,<25K,Regular,Verified
U02644,2020-06-20,25-34,Male,Karnataka,Bengaluru,<25K,Frequent,Verified
U02645,2025-03-07,35-44,Female,Gujarat,Vadodara,2L+,Regular,Verified
U02646,2021-05-03,55+,Male,Gujarat,Vadodara,50K-1L,New,Pending
U02647,2024-01-25,55+,Male,Karnataka,Bengaluru,<25K,Regular,Verified
U02648,2022-01-26,18-24,Male,Gujarat,Ahmedabad,1L-2L,New,Verified
U02649,2020-06-03,45-54,Female,Tamil Nadu,Chennai,25K-50K,New,Verified
U02650,2020-09-13,18-24,Male,Maharashtra,Pune,1L-2L,New,Verified
U02651,2024-11-14,55+,Female,Delhi,New Delhi,25K-50K,New,Verified
U02652,2021-11-04,25-34,Female,Maharashtra,Pune,25K-50K,Regular,Verified
U02653,2025-10-16,25-34,Male,Punjab,Ludhiana,50K-1L,Regular,Verified
U02654,2021-11-03,18-24,Female,Kerala,Thiruvananthapuram,1L-2L,New,Verified
U02655,2024-01-12,18-24,Female,Gujarat,Vadodara,1L-2L,Frequent,Verified
U02656,2020-09-15,35-44,Female,Tamil Nadu,Coimbatore,50K-1L,New,Verified
U02657,2020-11-02,55+,Male,West Bengal,Kolkata,25K-50K,Frequent,Verified
U02658,2023-01-23,35-44,Female,Gujarat,Surat,25K-50K,Regular,Pending
U02659,2020-09-02,35-44,Male,Madhya Pradesh,Indore,2L+,New,Verified
U02660,2024-07-16,35-44,Male,Tamil Nadu,Coimbatore,50K-1L,Frequent,Verified
U02661,2020-07-05,25-34,Male,Karnataka,Mangaluru,1L-2L,Regular,Verified
U02662,2024-12-02,18-24,Male,Tamil Nadu,Madurai,25K-50K,Regular,Verified
U02663,2022-07-13,18-24,Female,Punjab,Chandigarh,50K-1L,Regular,Verified
U02664,2022-02-23,25-34,Female,Karnataka,Mangaluru,25K-50K,Regular,Verified
U02665,2024-05-14,25-34,Female,Telangana,Hyderabad,50K-1L,Regular,Pending
U02666,2023-09-22,18-24,Female,Delhi,Delhi,1L-2L,New,Verified
U02667,2020-12-06,18-24,Male,Rajasthan,Jaipur,50K-1L,New,Verified
U02668,2021-07-16,18-24,Female,Tamil Nadu,Chennai,25K-50K,Regular,Verified
U02669,2021-10-12,45-54,Female,Uttar Pradesh,Lucknow,25K-50K,New,Verified
U02670,2023-04-08,18-24,Male,Madhya Pradesh,Jabalpur,<25K,New,Pending
U02671,2020-03-09,25-34,Male,Gujarat,Vadodara,2L+,Regular,Verified
U02672,2024-05-02,35-44,Male,Madhya Pradesh,Jabalpur,25K-50K,Frequent,Verified
U02673,2025-10-05,35-44,Male,Maharashtra,Pune,1L-2L,Regular,Verified
U02674,2023-07-24,18-24,Male,Rajasthan,Jodhpur,50K-1L,Regular,Verified
U02675,2023-01-27,25-34,Male,Maharashtra,Pune,1L-2L,Frequent,Verified
U02676,2022-07-04,18-24,Female,Telangana,Hyderabad,2L+,New,Verified
U02677,2026-06-30,25-34,Other,Rajasthan,Jodhpur,50K-1L,Regular,Verified
U02678,2021-04-05,25-34,Male,Rajasthan,Jaipur,1L-2L,Frequent,Pending
U02679,2026-02-04,35-44,Female,Maharashtra,Mumbai,<25K,Frequent,Verified
U02680,2022-04-23,35-44,Female,Karnataka,Bengaluru,50K-1L,New,Verified
U02681,2021-07-27,25-34,Male,Punjab,Amritsar,1L-2L,Regular,Verified
U02682,2020-04-28,25-34,Male,Maharashtra,Nashik,25K-50K,New,Verified
U02683,2021-10-07,25-34,Female,Madhya Pradesh,Bhopal,50K-1L,Frequent,Verified
U02684,2024-01-18,45-54,Female,Karnataka,Mangaluru,1L-2L,Frequent,Verified
U02685,2025-09-04,25-34,Male,Madhya Pradesh,Bhopal,1L-2L,New,Verified
U02686,2024-02-22,35-44,Male,Punjab,Chandigarh,25K-50K,Regular,Verified
U02687,2025-07-24,35-44,Female,Telangana,Warangal,50K-1L,Frequent,Verified
U02688,2022-10-28,25-34,Female,Gujarat,Surat,25K-50K,New,Verified
U02689,2022-08-26,25-34,Male,Punjab,Amritsar,50K-1L,New,Verified
U02690,2025-07-03,25-34,Female,Kerala,Thiruvananthapuram,25K-50K,New,Verified
U02691,2024-03-19,18-24,Male,West Bengal,Kolkata,50K-1L,Regular,Verified
U02692,2026-01-05,18-24,Female,Karnataka,Mysuru,25K-50K,Frequent,Verified
U02693,2024-02-20,18-24,Female,Telangana,Warangal,<25K,Frequent,Verified
U02694,2022-11-14,25-34,Female,Kerala,Kochi,<25K,New,Verified
U02695,2021-10-16,25-34,Female,Uttar Pradesh,Lucknow,<25K,New,Verified
U02696,2025-05-08,45-54,Female,Telangana,Warangal,50K-1L,Regular,Pending
U02697,2021-07-08,25-34,Female,Maharashtra,Nagpur,1L-2L,Frequent,Verified
U02698,2021-02-28,55+,Male,Maharashtra,Nagpur,<25K,Regular,Verified
U02699,2020-10-19,55+,Female,Punjab,Chandigarh,<25K,Regular,Verified
U02700,2023-04-23,55+,Male,West Bengal,Siliguri,25K-50K,Regular,Verified
U02701,2021-03-06,45-54,Female,Telangana,Hyderabad,50K-1L,New,Verified
U02702,2020-11-12,25-34,Male,Delhi,Delhi,<25K,Regular,Verified
U02703,2021-02-01,18-24,Female,Gujarat,Ahmedabad,25K-50K,Frequent,Verified
U02704,2023-09-09,35-44,Female,Punjab,Chandigarh,25K-50K,New,Verified
U02705,2024-05-07,35-44,Male,Maharashtra,Pune,25K-50K,Regular,Verified
U02706,2021-08-18,45-54,Male,West Bengal,Kolkata,25K-50K,Regular,Pending
U02707,2025-10-24,55+,Male,Gujarat,Ahmedabad,25K-50K,Regular,Verified
U02708,2025-04-27,25-34,Male,Telangana,Warangal,50K-1L,Regular,Verified
U02709,2022-07-04,25-34,Male,Telangana,Warangal,50K-1L,Regular,Verified
U02710,2023-06-09,25-34,Female,Rajasthan,Jodhpur,<25K,Frequent,Pending
U02711,2022-09-02,18-24,Male,West Bengal,Siliguri,50K-1L,Regular,Verified
U02712,2022-12-11,25-34,Male,Kerala,Thiruvananthapuram,25K-50K,Regular,Verified
U02713,2023-05-29,35-44,Other,Maharashtra,Pune,2L+,New,Verified
U02714,2023-12-22,45-54,Male,Delhi,New Delhi,25K-50K,Frequent,Pending
U02715,2023-03-12,25-34,Female,Telangana,Warangal,50K-1L,Regular,Verified
U02716,2025-07-21,45-54,Female,Delhi,Delhi,50K-1L,Frequent,Verified
U02717,2020-12-28,35-44,Male,Telangana,Hyderabad,25K-50K,Regular,Verified
U02718,2026-05-07,45-54,Male,Maharashtra,Mumbai,1L-2L,New,Verified
U02719,2026-06-03,18-24,Male,Gujarat,Vadodara,25K-50K,New,Verified
U02720,2020-08-21,45-54,Male,Tamil Nadu,Chennai,50K-1L,Frequent,Pending
U02721,2024-09-27,35-44,Female,Gujarat,Vadodara,<25K,Regular,Verified
U02722,2020-01-27,18-24,Female,Telangana,Warangal,25K-50K,New,Verified
U02723,2024-02-03,25-34,Female,Madhya Pradesh,Bhopal,50K-1L,New,Verified
U02724,2020-04-02,55+,Male,Tamil Nadu,Madurai,25K-50K,Regular,Verified
U02725,2020-11-04,18-24,Male,Kerala,Thiruvananthapuram,25K-50K,New,Verified
U02726,2020-02-21,25-34,Female,Tamil Nadu,Chennai,25K-50K,Regular,Pending
U02727,2020-11-14,25-34,Male,Delhi,New Delhi,50K-1L,New,Verified
U02728,2025-06-15,35-44,Female,West Bengal,Siliguri,25K-50K,Regular,Verified
U02729,2020-06-29,45-54,Female,Delhi,New Delhi,<25K,New,Verified
U02730,2024-05-11,25-34,Male,Punjab,Ludhiana,50K-1L,Regular,Verified
U02731,2021-10-08,25-34,Female,Delhi,Delhi,25K-50K,Regular,Verified
U02732,2025-05-15,55+,Male,Kerala,Kochi,25K-50K,New,Verified
U02733,2023-07-07,45-54,Male,Madhya Pradesh,Indore,<25K,Regular,Verified
U02734,2026-02-22,45-54,Male,Gujarat,Surat,25K-50K,Regular,Verified
U02735,2026-04-21,25-34,Female,Gujarat,Ahmedabad,25K-50K,New,Verified
U02736,2025-07-17,25-34,Male,Uttar Pradesh,Lucknow,2L+,Regular,Verified
U02737,2020-12-01,25-34,Male,Telangana,Warangal,25K-50K,Regular,Verified
U02738,2024-04-25,35-44,Male,Madhya Pradesh,Bhopal,<25K,Regular,Verified
U02739,2024-03-05,18-24,Male,Uttar Pradesh,Varanasi,<25K,New,Verified
U02740,2022-09-16,25-34,Female,Punjab,Ludhiana,<25K,Regular,Verified
U02741,2023-07-02,18-24,Female,Maharashtra,Mumbai,50K-1L,New,Verified
U02742,2021-05-28,25-34,Male,Telangana,Warangal,<25K,Regular,Verified
U02743,2025-07-22,45-54,Male,Telangana,Hyderabad,25K-50K,Regular,Verified
U02744,2020-08-29,18-24,Female,Rajasthan,Jaipur,25K-50K,Regular,Pending
U02745,2026-01-05,35-44,Female,Rajasthan,Udaipur,1L-2L,Frequent,Verified
U02746,2024-09-29,55+,Male,Karnataka,Bengaluru,25K-50K,New,Verified
U02747,2026-03-09,25-34,Female,Karnataka,Mysuru,25K-50K,Frequent,Verified
U02748,2021-10-29,35-44,Female,Delhi,Delhi,50K-1L,New,Verified
U02749,2021-08-16,55+,Female,Maharashtra,Mumbai,25K-50K,Frequent,Verified
U02750,2025-12-18,55+,Female,Tamil Nadu,Chennai,1L-2L,Regular,Verified
U02751,2020-09-12,25-34,Male,Tamil Nadu,Chennai,50K-1L,Frequent,Verified
U02752,2024-02-11,18-24,Female,Rajasthan,Jaipur,25K-50K,New,Verified
U02753,2021-07-14,18-24,Female,Rajasthan,Udaipur,50K-1L,Regular,Verified
U02754,2025-10-11,35-44,Female,Rajasthan,Udaipur,2L+,Regular,Verified
U02755,2023-08-27,35-44,Female,Madhya Pradesh,Bhopal,50K-1L,Frequent,Verified
U02756,2021-02-10,35-44,Male,West Bengal,Kolkata,1L-2L,Frequent,Verified
U02757,2025-02-03,25-34,Female,Karnataka,Bengaluru,<25K,New,Pending
U02758,2025-08-24,18-24,Male,Madhya Pradesh,Indore,25K-50K,Regular,Verified
U02759,2024-09-06,35-44,Female,Gujarat,Surat,1L-2L,Regular,Verified
U02760,2020-09-15,25-34,Female,Tamil Nadu,Madurai,25K-50K,New,Verified
U02761,2021-12-23,35-44,Female,Punjab,Ludhiana,2L+,New,Verified
U02762,2023-07-06,25-34,Female,Kerala,Thiruvananthapuram,<25K,Frequent,Verified
U02763,2021-09-05,25-34,Male,Telangana,Warangal,1L-2L,Regular,Verified
U02764,2024-08-21,25-34,Male,Karnataka,Bengaluru,25K-50K,New,Verified
U02765,2025-06-01,25-34,Male,Uttar Pradesh,Lucknow,<25K,New,Verified
U02766,2022-03-23,25-34,Female,Gujarat,Surat,1L-2L,Regular,Verified
U02767,2024-11-21,18-24,Female,Punjab,Amritsar,25K-50K,Regular,Pending
U02768,2020-11-26,25-34,Female,Karnataka,Bengaluru,<25K,Regular,Verified
U02769,2026-01-21,18-24,Male,Kerala,Kochi,<25K,Regular,Verified
U02770,2023-05-01,25-34,Female,Madhya Pradesh,Bhopal,50K-1L,New,Verified
U02771,2024-03-24,35-44,Female,Maharashtra,Mumbai,2L+,Regular,Verified
U02772,2023-10-29,25-34,Female,Telangana,Hyderabad,<25K,New,Pending
U02773,2021-01-21,35-44,Female,Karnataka,Mysuru,25K-50K,Frequent,Verified
U02774,2024-02-27,35-44,Male,West Bengal,Kolkata,<25K,New,Verified
U02775,2024-12-22,35-44,Male,Rajasthan,Jaipur,50K-1L,Frequent,Verified
U02776,2024-12-22,55+,Male,Rajasthan,Jodhpur,<25K,Regular,Verified
U02777,2024-12-19,18-24,Male,Telangana,Warangal,25K-50K,Regular,Verified
U02778,2024-02-24,35-44,Male,Kerala,Thiruvananthapuram,<25K,Regular,Verified
U02779,2023-05-25,55+,Female,Punjab,Chandigarh,50K-1L,Regular,Verified
U02780,2020-11-15,45-54,Male,Madhya Pradesh,Jabalpur,1L-2L,Frequent,Verified
U02781,2021-02-02,18-24,Female,Rajasthan,Jodhpur,50K-1L,Regular,Verified
U02782,2025-03-29,25-34,Female,Karnataka,Bengaluru,<25K,New,Verified
U02783,2020-04-14,18-24,Male,Uttar Pradesh,Lucknow,50K-1L,Regular,Verified
U02784,2021-11-26,35-44,Male,Tamil Nadu,Madurai,1L-2L,New,Verified
U02785,2020-11-25,35-44,Male,Tamil Nadu,Madurai,<25K,Regular,Verified
U02786,2021-10-21,25-34,Male,Gujarat,Vadodara,<25K,New,Verified
U02787,2022-03-31,25-34,Female,Punjab,Ludhiana,<25K,Regular,Pending
U02788,2025-05-26,35-44,Female,Delhi,New Delhi,50K-1L,Regular,Verified
U02789,2024-11-28,25-34,Female,Maharashtra,Nagpur,50K-1L,New,Pending
U02790,2026-06-19,45-54,Male,Telangana,Warangal,50K-1L,Regular,Verified
U02791,2021-04-06,35-44,Male,Gujarat,Surat,25K-50K,Regular,Verified
U02792,2024-05-26,18-24,Female,Delhi,New Delhi,25K-50K,New,Pending
U02793,2024-08-02,35-44,Female,Madhya Pradesh,Bhopal,2L+,Regular,Verified
U02794,2025-09-05,25-34,Male,West Bengal,Siliguri,25K-50K,Regular,Verified
U02795,2020-09-27,35-44,Male,West Bengal,Siliguri,1L-2L,New,Verified
U02796,2021-01-19,55+,Male,Maharashtra,Nashik,50K-1L,Frequent,Verified
U02797,2020-02-29,45-54,Female,Punjab,Ludhiana,<25K,Regular,Verified
U02798,2023-02-04,25-34,Male,Rajasthan,Udaipur,25K-50K,New,Verified
U02799,2020-08-07,25-34,Male,Karnataka,Bengaluru,2L+,Frequent,Verified
U02800,2024-01-04,25-34,Female,Gujarat,Vadodara,25K-50K,Regular,Verified
U02801,2025-03-21,25-34,Male,Gujarat,Surat,1L-2L,Regular,Pending
U02802,2024-05-14,18-24,Female,Telangana,Hyderabad,25K-50K,Regular,Verified
U02803,2020-04-05,35-44,Female,Telangana,Warangal,50K-1L,Regular,Pending
U02804,2022-09-15,18-24,Male,West Bengal,Kolkata,1L-2L,Regular,Verified
U02805,2023-01-17,25-34,Male,West Bengal,Kolkata,2L+,Regular,Pending
U02806,2025-04-29,25-34,Male,Punjab,Ludhiana,25K-50K,New,Verified
U02807,2026-03-28,55+,Female,Kerala,Thiruvananthapuram,50K-1L,Regular,Verified
U02808,2022-08-25,35-44,Male,Uttar Pradesh,Lucknow,<25K,Regular,Verified
U02809,2026-05-11,25-34,Female,Uttar Pradesh,Varanasi,25K-50K,New,Pending
U02810,2020-09-02,18-24,Male,Kerala,Kochi,25K-50K,Regular,Verified
U02811,2025-11-28,25-34,Male,Rajasthan,Jodhpur,<25K,Regular,Verified
U02812,2020-08-21,25-34,Female,Uttar Pradesh,Kanpur,25K-50K,Frequent,Verified
U02813,2023-02-25,25-34,Female,Punjab,Ludhiana,25K-50K,Regular,Verified
U02814,2023-06-14,45-54,Male,Karnataka,Mangaluru,2L+,New,Verified
U02815,2022-03-13,35-44,Female,Karnataka,Mysuru,50K-1L,Frequent,Verified
U02816,2023-11-18,35-44,Male,Gujarat,Vadodara,25K-50K,Frequent,Verified
U02817,2021-10-16,35-44,Male,Tamil Nadu,Chennai,2L+,Regular,Pending
U02818,2020-04-20,55+,Male,Kerala,Thiruvananthapuram,<25K,New,Verified
U02819,2020-03-30,55+,Male,Karnataka,Mangaluru,25K-50K,Regular,Verified
U02820,2022-02-01,25-34,Female,Delhi,Delhi,50K-1L,Frequent,Verified
U02821,2023-07-27,25-34,Female,West Bengal,Siliguri,<25K,New,Pending
U02822,2023-09-18,25-34,Male,Telangana,Warangal,50K-1L,Regular,Verified
U02823,2025-12-19,25-34,Male,Punjab,Ludhiana,<25K,Regular,Verified
U02824,2022-11-02,35-44,Female,Uttar Pradesh,Noida,<25K,Regular,Verified
U02825,2024-01-04,25-34,Male,Kerala,Thiruvananthapuram,<25K,Regular,Verified
U02826,2020-04-07,18-24,Male,Gujarat,Ahmedabad,2L+,Regular,Verified
U02827,2023-02-17,25-34,Female,Maharashtra,Mumbai,50K-1L,Regular,Verified
U02828,2020-10-19,25-34,Other,Telangana,Hyderabad,50K-1L,Regular,Verified
U02829,2025-01-13,45-54,Male,Delhi,Delhi,50K-1L,New,Verified
U02830,2024-09-30,35-44,Female,Uttar Pradesh,Noida,25K-50K,Regular,Pending
U02831,2022-10-21,35-44,Female,Delhi,Delhi,50K-1L,Regular,Verified
U02832,2026-04-16,25-34,Male,West Bengal,Siliguri,25K-50K,Frequent,Verified
U02833,2021-10-13,35-44,Male,West Bengal,Siliguri,<25K,Regular,Verified
U02834,2026-01-05,25-34,Female,Punjab,Ludhiana,50K-1L,New,Verified
U02835,2025-09-22,35-44,Female,Rajasthan,Jodhpur,<25K,Frequent,Verified
U02836,2025-03-21,18-24,Female,Gujarat,Surat,<25K,Regular,Pending
U02837,2024-09-17,25-34,Male,Telangana,Warangal,1L-2L,Frequent,Verified
U02838,2022-12-03,25-34,Female,Madhya Pradesh,Jabalpur,50K-1L,New,Verified
U02839,2026-01-18,25-34,Female,Madhya Pradesh,Indore,50K-1L,Regular,Verified
U02840,2024-12-21,55+,Male,Telangana,Warangal,25K-50K,New,Verified
U02841,2020-09-09,25-34,Male,Maharashtra,Nagpur,25K-50K,Frequent,Verified
U02842,2020-05-11,25-34,Male,Punjab,Amritsar,50K-1L,Frequent,Verified
U02843,2025-03-22,25-34,Female,Gujarat,Surat,50K-1L,Regular,Verified
U02844,2025-03-25,45-54,Female,Delhi,Delhi,50K-1L,New,Verified
U02845,2024-08-06,25-34,Female,Maharashtra,Nagpur,2L+,New,Pending
U02846,2023-02-06,35-44,Male,Tamil Nadu,Chennai,2L+,Regular,Verified
U02847,2022-11-24,45-54,Male,Telangana,Warangal,25K-50K,Regular,Verified
U02848,2025-04-09,25-34,Female,Delhi,New Delhi,1L-2L,Regular,Pending
U02849,2026-05-11,25-34,Female,Madhya Pradesh,Indore,50K-1L,Regular,Verified
U02850,2020-07-05,25-34,Male,Karnataka,Mangaluru,50K-1L,Regular,Verified
U02851,2022-08-06,45-54,Male,Kerala,Kochi,<25K,New,Verified
U02852,2026-04-09,18-24,Male,Rajasthan,Jaipur,50K-1L,Regular,Verified
U02853,2020-09-20,25-34,Male,Madhya Pradesh,Bhopal,1L-2L,Regular,Verified
U02854,2025-06-20,35-44,Male,Gujarat,Vadodara,1L-2L,Frequent,Verified
U02855,2021-06-05,35-44,Male,West Bengal,Siliguri,1L-2L,Regular,Verified
U02856,2024-04-13,25-34,Male,Kerala,Thiruvananthapuram,<25K,Regular,Verified
U02857,2022-02-21,25-34,Male,Kerala,Thiruvananthapuram,25K-50K,Regular,Verified
U02858,2021-06-18,25-34,Male,Karnataka,Mysuru,25K-50K,Frequent,Verified
U02859,2020-07-28,25-34,Male,Rajasthan,Jaipur,25K-50K,New,Verified
U02860,2025-09-24,25-34,Female,Rajasthan,Udaipur,50K-1L,Regular,Verified
U02861,2024-04-12,45-54,Female,Tamil Nadu,Chennai,25K-50K,Frequent,Verified
U02862,2020-01-26,25-34,Male,Tamil Nadu,Chennai,50K-1L,Regular,Verified
U02863,2020-06-23,45-54,Male,Uttar Pradesh,Noida,25K-50K,Regular,Verified
U02864,2024-03-19,35-44,Male,Madhya Pradesh,Bhopal,25K-50K,New,Verified
U02865,2023-08-27,18-24,Female,Madhya Pradesh,Bhopal,<25K,Frequent,Verified
U02866,2020-11-17,35-44,Male,Madhya Pradesh,Bhopal,1L-2L,New,Verified
U02867,2024-05-21,18-24,Female,Uttar Pradesh,Lucknow,<25K,New,Verified
U02868,2023-03-04,55+,Male,Punjab,Amritsar,<25K,New,Verified
U02869,2020-02-24,45-54,Female,Maharashtra,Pune,1L-2L,New,Verified
U02870,2024-04-15,25-34,Female,Rajasthan,Jaipur,2L+,Frequent,Verified
U02871,2024-05-28,25-34,Female,Karnataka,Mangaluru,50K-1L,Regular,Verified
U02872,2025-02-15,25-34,Male,Gujarat,Vadodara,<25K,Regular,Pending
U02873,2026-01-03,25-34,Female,Rajasthan,Jaipur,25K-50K,Frequent,Verified
U02874,2024-02-17,25-34,Female,Tamil Nadu,Madurai,2L+,New,Pending
U02875,2025-08-29,25-34,Female,Kerala,Kochi,1L-2L,New,Verified
U02876,2020-11-28,35-44,Female,Delhi,Delhi,50K-1L,Regular,Verified
U02877,2024-04-27,18-24,Male,West Bengal,Siliguri,25K-50K,Regular,Verified
U02878,2022-06-25,45-54,Female,Uttar Pradesh,Varanasi,<25K,Regular,Verified
U02879,2022-06-29,45-54,Female,Telangana,Warangal,<25K,New,Verified
U02880,2021-02-04,25-34,Male,Delhi,Delhi,50K-1L,Regular,Verified
U02881,2022-08-07,45-54,Male,Gujarat,Vadodara,<25K,Regular,Verified
U02882,2023-08-22,25-34,Male,Madhya Pradesh,Bhopal,2L+,Regular,Verified
U02883,2025-09-06,18-24,Male,Tamil Nadu,Madurai,<25K,New,Verified
U02884,2025-03-25,35-44,Male,Tamil Nadu,Madurai,50K-1L,Regular,Verified
U02885,2020-04-10,25-34,Female,Tamil Nadu,Coimbatore,<25K,Regular,Verified
U02886,2021-07-04,35-44,Other,Madhya Pradesh,Bhopal,50K-1L,Regular,Pending
U02887,2024-09-01,45-54,Male,Telangana,Warangal,<25K,Frequent,Verified
U02888,2026-06-01,55+,Male,Uttar Pradesh,Kanpur,1L-2L,Frequent,Verified
U02889,2020-12-18,35-44,Male,Delhi,Delhi,50K-1L,Regular,Verified
U02890,2022-10-15,35-44,Male,Madhya Pradesh,Indore,<25K,Frequent,Verified
U02891,2023-03-25,18-24,Female,Gujarat,Surat,1L-2L,Frequent,Verified
U02892,2023-01-02,18-24,Female,Uttar Pradesh,Noida,50K-1L,Regular,Verified
U02893,2022-09-06,35-44,Male,Gujarat,Ahmedabad,2L+,Regular,Verified
U02894,2023-09-17,25-34,Male,Uttar Pradesh,Varanasi,1L-2L,Frequent,Verified
U02895,2022-01-08,25-34,Female,Telangana,Warangal,2L+,Regular,Verified
U02896,2022-09-03,25-34,Male,West Bengal,Siliguri,<25K,New,Verified
U02897,2023-10-03,35-44,Male,Gujarat,Surat,<25K,Regular,Verified
U02898,2026-03-30,25-34,Female,Madhya Pradesh,Jabalpur,2L+,New,Verified
U02899,2024-12-06,35-44,Male,Uttar Pradesh,Noida,25K-50K,Regular,Verified
U02900,2025-11-19,18-24,Male,Tamil Nadu,Coimbatore,25K-50K,New,Verified
U02901,2022-08-10,18-24,Female,Punjab,Ludhiana,1L-2L,New,Verified
U02902,2021-04-25,25-34,Male,Rajasthan,Jodhpur,25K-50K,New,Verified
U02903,2023-05-22,25-34,Female,Tamil Nadu,Madurai,50K-1L,Frequent,Verified
U02904,2020-04-17,45-54,Female,Maharashtra,Nashik,1L-2L,Regular,Verified
U02905,2022-08-30,18-24,Female,West Bengal,Siliguri,1L-2L,New,Verified
U02906,2024-06-14,18-24,Male,West Bengal,Kolkata,25K-50K,New,Verified
U02907,2021-12-04,35-44,Female,Tamil Nadu,Coimbatore,25K-50K,Regular,Verified
U02908,2025-11-03,25-34,Female,Delhi,Delhi,25K-50K,Frequent,Verified
U02909,2022-05-24,18-24,Male,Telangana,Hyderabad,25K-50K,New,Verified
U02910,2023-12-18,18-24,Female,Gujarat,Ahmedabad,<25K,New,Verified
U02911,2025-10-08,55+,Male,Madhya Pradesh,Jabalpur,25K-50K,Regular,Verified
U02912,2023-06-27,35-44,Male,West Bengal,Kolkata,50K-1L,Regular,Verified
U02913,2021-07-13,25-34,Other,Tamil Nadu,Madurai,50K-1L,Regular,Verified
U02914,2020-04-26,25-34,Male,Tamil Nadu,Madurai,1L-2L,Regular,Verified
U02915,2022-05-23,25-34,Female,Telangana,Hyderabad,50K-1L,Regular,Verified
U02916,2022-08-25,25-34,Female,Telangana,Hyderabad,25K-50K,Regular,Verified
U02917,2024-04-17,35-44,Male,Karnataka,Mangaluru,50K-1L,Frequent,Verified
U02918,2020-02-13,45-54,Male,Karnataka,Mangaluru,1L-2L,New,Pending
U02919,2021-05-23,25-34,Female,Delhi,Delhi,25K-50K,New,Pending
U02920,2025-07-04,45-54,Male,Punjab,Ludhiana,50K-1L,Frequent,Pending
U02921,2023-04-03,18-24,Male,Punjab,Chandigarh,<25K,Frequent,Verified
U02922,2023-08-08,25-34,Male,Delhi,New Delhi,25K-50K,New,Verified
U02923,2022-04-28,18-24,Male,Maharashtra,Mumbai,1L-2L,Frequent,Verified
U02924,2025-02-22,18-24,Other,Delhi,New Delhi,1L-2L,Regular,Verified
U02925,2022-07-05,45-54,Male,Uttar Pradesh,Kanpur,50K-1L,Regular,Verified
U02926,2022-03-09,25-34,Male,Telangana,Hyderabad,50K-1L,Regular,Verified
U02927,2022-05-25,18-24,Female,Punjab,Ludhiana,1L-2L,Regular,Verified
U02928,2024-10-26,55+,Male,Madhya Pradesh,Bhopal,2L+,New,Pending
U02929,2026-05-22,45-54,Male,Uttar Pradesh,Lucknow,25K-50K,Regular,Verified
U02930,2022-03-29,35-44,Male,Gujarat,Surat,50K-1L,Regular,Verified
U02931,2025-12-08,55+,Male,Tamil Nadu,Chennai,25K-50K,Frequent,Verified
U02932,2022-08-02,25-34,Female,Delhi,Delhi,<25K,Regular,Verified
U02933,2022-06-25,45-54,Male,Tamil Nadu,Chennai,25K-50K,Regular,Pending
U02934,2020-01-13,35-44,Male,West Bengal,Kolkata,1L-2L,Regular,Verified
U02935,2021-08-25,45-54,Female,Maharashtra,Nagpur,1L-2L,Regular,Verified
U02936,2020-07-18,45-54,Female,West Bengal,Siliguri,1L-2L,Frequent,Pending
U02937,2024-11-26,25-34,Male,Maharashtra,Nashik,<25K,Regular,Verified
U02938,2021-03-23,35-44,Female,Karnataka,Mysuru,50K-1L,Regular,Verified
U02939,2024-12-16,25-34,Female,Tamil Nadu,Chennai,<25K,Regular,Verified
U02940,2022-04-20,25-34,Female,Maharashtra,Nagpur,25K-50K,Regular,Verified
U02941,2021-08-12,18-24,Male,Kerala,Kochi,1L-2L,New,Verified
U02942,2023-02-27,55+,Male,Punjab,Amritsar,25K-50K,Regular,Verified
U02943,2025-09-21,25-34,Female,Kerala,Kochi,1L-2L,Regular,Pending
U02944,2021-06-03,25-34,Male,Kerala,Thiruvananthapuram,<25K,Frequent,Verified
U02945,2022-11-02,25-34,Male,Rajasthan,Udaipur,25K-50K,Regular,Verified
U02946,2021-12-25,55+,Female,Punjab,Amritsar,50K-1L,Frequent,Verified
U02947,2022-09-14,25-34,Female,Uttar Pradesh,Varanasi,<25K,New,Verified
U02948,2022-03-13,35-44,Male,Maharashtra,Nagpur,25K-50K,Regular,Pending
U02949,2026-06-07,45-54,Female,Maharashtra,Pune,<25K,Regular,Verified
U02950,2021-06-10,25-34,Male,Uttar Pradesh,Noida,50K-1L,Regular,Verified
U02951,2024-07-23,25-34,Female,Tamil Nadu,Chennai,2L+,Frequent,Verified
U02952,2023-02-12,35-44,Female,Tamil Nadu,Coimbatore,1L-2L,Frequent,Verified
U02953,2021-04-04,45-54,Male,Kerala,Thiruvananthapuram,2L+,Regular,Verified
U02954,2022-07-20,35-44,Female,Uttar Pradesh,Lucknow,1L-2L,Regular,Verified
U02955,2025-06-09,25-34,Male,Punjab,Ludhiana,1L-2L,Frequent,Verified
U02956,2020-11-20,45-54,Female,Kerala,Kochi,50K-1L,Regular,Verified
U02957,2021-08-01,25-34,Female,West Bengal,Siliguri,50K-1L,Frequent,Verified
U02958,2024-03-17,35-44,Female,Rajasthan,Jodhpur,25K-50K,Frequent,Verified
U02959,2025-06-23,45-54,Female,Madhya Pradesh,Jabalpur,1L-2L,Regular,Verified
U02960,2026-05-20,25-34,Female,Gujarat,Ahmedabad,<25K,Regular,Pending
U02961,2021-04-19,45-54,Female,Rajasthan,Jodhpur,<25K,Regular,Verified
U02962,2022-12-13,35-44,Male,Tamil Nadu,Coimbatore,2L+,New,Verified
U02963,2024-01-21,45-54,Male,Madhya Pradesh,Indore,<25K,Regular,Verified
U02964,2024-05-21,18-24,Female,Karnataka,Mysuru,2L+,New,Verified
U02965,2023-12-14,25-34,Male,Delhi,Delhi,50K-1L,Regular,Verified
U02966,2021-09-23,45-54,Female,Kerala,Kochi,25K-50K,Frequent,Verified
U02967,2021-12-03,18-24,Female,Maharashtra,Pune,50K-1L,New,Verified
U02968,2022-09-08,18-24,Male,Uttar Pradesh,Lucknow,1L-2L,New,Verified
U02969,2023-08-20,55+,Male,Uttar Pradesh,Varanasi,25K-50K,Regular,Verified
U02970,2025-05-12,25-34,Male,Maharashtra,Pune,1L-2L,Regular,Verified
U02971,2021-07-12,55+,Female,Kerala,Kochi,1L-2L,Regular,Verified
U02972,2020-08-09,25-34,Male,Delhi,New Delhi,25K-50K,Regular,Verified
U02973,2024-04-05,25-34,Male,Gujarat,Surat,<25K,New,Verified
U02974,2026-01-14,35-44,Female,Delhi,Delhi,25K-50K,New,Verified
U02975,2020-12-13,35-44,Female,Madhya Pradesh,Indore,25K-50K,Frequent,Verified
U02976,2023-03-28,35-44,Male,Delhi,Delhi,<25K,New,Verified
U02977,2022-06-07,25-34,Male,Madhya Pradesh,Bhopal,50K-1L,Regular,Verified
U02978,2022-07-10,45-54,Female,Delhi,Delhi,25K-50K,Frequent,Verified
U02979,2023-06-12,25-34,Female,Gujarat,Ahmedabad,1L-2L,Frequent,Verified
U02980,2021-02-08,25-34,Female,Gujarat,Vadodara,25K-50K,New,Verified
U02981,2023-07-04,18-24,Male,Tamil Nadu,Madurai,25K-50K,Regular,Verified
U02982,2021-11-07,35-44,Male,Maharashtra,Nagpur,50K-1L,Regular,Verified
U02983,2021-08-11,25-34,Female,Gujarat,Ahmedabad,1L-2L,Regular,Pending
U02984,2024-06-08,25-34,Female,Madhya Pradesh,Jabalpur,50K-1L,Frequent,Verified
U02985,2024-05-13,25-34,Male,Gujarat,Ahmedabad,25K-50K,Regular,Verified
U02986,2021-07-19,18-24,Male,Tamil Nadu,Coimbatore,1L-2L,New,Verified
U02987,2021-12-04,18-24,Male,Uttar Pradesh,Varanasi,25K-50K,Regular,Verified
U02988,2022-05-07,35-44,Female,Madhya Pradesh,Bhopal,<25K,Regular,Verified
U02989,2023-07-08,25-34,Male,Tamil Nadu,Madurai,25K-50K,Regular,Verified
U02990,2021-08-07,45-54,Male,West Bengal,Siliguri,1L-2L,New,Pending
U02991,2020-08-19,35-44,Female,West Bengal,Kolkata,<25K,New,Verified
U02992,2026-05-06,18-24,Other,Karnataka,Mysuru,50K-1L,Frequent,Verified
U02993,2023-05-30,35-44,Male,Delhi,New Delhi,50K-1L,New,Verified
U02994,2020-02-21,18-24,Male,Maharashtra,Nashik,2L+,Regular,Verified
U02995,2025-12-03,45-54,Male,Telangana,Warangal,25K-50K,Frequent,Verified
U02996,2021-06-21,55+,Male,Rajasthan,Jaipur,25K-50K,Regular,Verified
U02997,2021-06-24,25-34,Female,Tamil Nadu,Coimbatore,25K-50K,New,Verified
U02998,2022-11-08,35-44,Female,Uttar Pradesh,Varanasi,25K-50K,Regular,Verified
U02999,2022-03-25,25-34,Male,Rajasthan,Jaipur,50K-1L,Regular,Verified
U03000,2023-11-16,25-34,Female,Uttar Pradesh,Noida,50K-1L,Regular,Verified
U03001,2024-07-10,45-54,Male,Punjab,Amritsar,1L-2L,Frequent,Verified
U03002,2021-02-22,18-24,Female,Punjab,Amritsar,1L-2L,Regular,Pending
U03003,2026-06-14,25-34,Male,Punjab,Ludhiana,2L+,Regular,Verified
U03004,2022-05-13,25-34,Male,Rajasthan,Udaipur,25K-50K,New,Verified
U03005,2020-07-04,35-44,Male,Tamil Nadu,Chennai,2L+,Regular,Verified
U03006,2020-09-17,25-34,Male,Telangana,Warangal,25K-50K,Regular,Verified
U03007,2024-03-31,55+,Other,Rajasthan,Udaipur,50K-1L,New,Pending
U03008,2023-07-20,18-24,Female,Tamil Nadu,Coimbatore,50K-1L,Regular,Verified
U03009,2026-01-16,25-34,Female,Gujarat,Vadodara,1L-2L,New,Verified
U03010,2022-01-31,35-44,Female,Telangana,Warangal,25K-50K,New,Verified
U03011,2020-08-11,25-34,Male,Punjab,Chandigarh,1L-2L,Regular,Verified
U03012,2023-07-03,35-44,Female,Madhya Pradesh,Jabalpur,2L+,Regular,Verified
U03013,2020-06-28,18-24,Male,Uttar Pradesh,Lucknow,50K-1L,New,Verified
U03014,2025-08-29,18-24,Female,Punjab,Ludhiana,1L-2L,Frequent,Verified
U03015,2024-07-05,18-24,Male,West Bengal,Siliguri,<25K,New,Pending
U03016,2021-09-23,55+,Male,Delhi,Delhi,25K-50K,New,Verified
U03017,2024-03-16,35-44,Male,West Bengal,Siliguri,2L+,New,Verified
U03018,2025-10-06,45-54,Male,Punjab,Amritsar,50K-1L,New,Verified
U03019,2025-05-17,25-34,Female,Telangana,Hyderabad,50K-1L,New,Verified
U03020,2021-09-06,35-44,Female,Madhya Pradesh,Bhopal,25K-50K,Frequent,Verified
U03021,2021-07-15,25-34,Male,Uttar Pradesh,Varanasi,<25K,Regular,Verified
U03022,2021-09-13,55+,Male,Madhya Pradesh,Bhopal,25K-50K,Regular,Verified
U03023,2025-11-05,35-44,Male,Rajasthan,Jodhpur,25K-50K,Frequent,Verified
U03024,2022-10-10,35-44,Male,Uttar Pradesh,Noida,25K-50K,Regular,Verified
U03025,2025-08-23,18-24,Male,Punjab,Amritsar,<25K,New,Verified
U03026,2025-12-20,35-44,Female,Rajasthan,Udaipur,50K-1L,Regular,Verified
U03027,2025-05-14,25-34,Male,Tamil Nadu,Chennai,50K-1L,New,Verified
U03028,2022-11-23,55+,Female,Telangana,Hyderabad,25K-50K,Regular,Verified
U03029,2021-08-14,25-34,Female,Kerala,Thiruvananthapuram,50K-1L,Regular,Verified
U03030,2021-08-05,25-34,Female,Tamil Nadu,Coimbatore,1L-2L,Regular,Verified
U03031,2024-06-01,25-34,Female,Karnataka,Mangaluru,25K-50K,Regular,Verified
U03032,2023-01-06,25-34,Female,Madhya Pradesh,Bhopal,1L-2L,Frequent,Verified
U03033,2020-10-15,18-24,Male,Kerala,Thiruvananthapuram,2L+,Regular,Verified
U03034,2024-04-17,45-54,Male,Rajasthan,Jaipur,<25K,New,Verified
U03035,2023-12-14,35-44,Female,Gujarat,Surat,<25K,New,Verified
U03036,2020-01-07,45-54,Male,Tamil Nadu,Chennai,25K-50K,Regular,Verified
U03037,2023-03-29,45-54,Female,Karnataka,Bengaluru,50K-1L,New,Verified
U03038,2020-08-27,25-34,Female,Maharashtra,Pune,25K-50K,New,Verified
U03039,2025-06-09,35-44,Male,Kerala,Kochi,25K-50K,Regular,Verified
U03040,2023-12-17,18-24,Male,West Bengal,Siliguri,50K-1L,Regular,Verified
U03041,2024-10-15,45-54,Female,Uttar Pradesh,Lucknow,<25K,Frequent,Pending
U03042,2025-10-18,25-34,Female,Karnataka,Mangaluru,2L+,Regular,Verified
U03043,2025-03-18,25-34,Female,Telangana,Warangal,25K-50K,Frequent,Verified
U03044,2026-03-13,25-34,Female,Kerala,Thiruvananthapuram,1L-2L,Frequent,Verified
U03045,2022-12-13,25-34,Male,Tamil Nadu,Chennai,<25K,New,Verified
U03046,2022-04-27,25-34,Male,Telangana,Warangal,25K-50K,Regular,Pending
U03047,2023-08-04,25-34,Female,West Bengal,Siliguri,25K-50K,Regular,Verified
U03048,2025-09-23,45-54,Male,Gujarat,Surat,2L+,Regular,Verified
U03049,2026-02-23,45-54,Female,Madhya Pradesh,Jabalpur,<25K,Regular,Verified
U03050,2023-05-24,25-34,Male,Madhya Pradesh,Bhopal,50K-1L,Regular,Verified
U03051,2024-02-13,25-34,Male,Punjab,Amritsar,1L-2L,Regular,Verified
U03052,2023-08-25,45-54,Male,Telangana,Hyderabad,50K-1L,Regular,Verified
U03053,2021-11-26,18-24,Male,Rajasthan,Udaipur,25K-50K,Frequent,Verified
U03054,2020-01-27,45-54,Male,Gujarat,Surat,2L+,Regular,Verified
U03055,2026-06-23,25-34,Female,Madhya Pradesh,Bhopal,1L-2L,New,Verified
U03056,2022-08-17,35-44,Male,Gujarat,Ahmedabad,25K-50K,New,Verified
U03057,2024-03-06,35-44,Male,Karnataka,Mangaluru,50K-1L,Frequent,Verified
U03058,2025-02-11,35-44,Female,Gujarat,Vadodara,2L+,Regular,Verified
U03059,2021-01-07,45-54,Male,Delhi,Delhi,2L+,Frequent,Verified
U03060,2025-05-03,18-24,Female,West Bengal,Kolkata,25K-50K,Frequent,Verified
U03061,2020-09-01,25-34,Male,Madhya Pradesh,Bhopal,1L-2L,Frequent,Verified
U03062,2025-01-14,25-34,Male,Gujarat,Vadodara,25K-50K,Regular,Verified
U03063,2024-08-03,45-54,Male,Telangana,Hyderabad,25K-50K,New,Verified
U03064,2020-05-04,25-34,Male,Maharashtra,Nagpur,<25K,New,Verified
U03065,2021-06-20,45-54,Female,Delhi,Delhi,25K-50K,Regular,Verified
U03066,2025-04-03,25-34,Other,Delhi,New Delhi,50K-1L,Regular,Verified
U03067,2024-06-23,25-34,Female,Rajasthan,Jaipur,50K-1L,Regular,Verified
U03068,2023-11-26,35-44,Male,Gujarat,Ahmedabad,25K-50K,Regular,Verified
U03069,2024-03-20,18-24,Male,Punjab,Amritsar,25K-50K,Regular,Pending
U03070,2021-06-14,25-34,Male,Rajasthan,Udaipur,25K-50K,New,Verified
U03071,2020-09-10,18-24,Male,Rajasthan,Jodhpur,2L+,New,Verified
U03072,2025-12-08,25-34,Male,Maharashtra,Mumbai,1L-2L,Regular,Verified
U03073,2021-10-22,35-44,Female,Karnataka,Bengaluru,25K-50K,New,Verified
U03074,2024-12-06,35-44,Female,Gujarat,Surat,1L-2L,Regular,Verified
U03075,2022-11-26,25-34,Female,Tamil Nadu,Madurai,25K-50K,Regular,Verified
U03076,2023-09-27,25-34,Male,Madhya Pradesh,Jabalpur,50K-1L,Frequent,Verified
U03077,2022-11-02,25-34,Male,Rajasthan,Udaipur,2L+,Frequent,Verified
U03078,2023-04-21,25-34,Male,West Bengal,Kolkata,25K-50K,Regular,Verified
U03079,2025-11-05,55+,Male,Uttar Pradesh,Noida,50K-1L,Regular,Verified
U03080,2025-09-24,45-54,Male,West Bengal,Siliguri,25K-50K,New,Verified
U03081,2023-02-16,18-24,Female,Maharashtra,Pune,25K-50K,Regular,Verified
U03082,2024-04-03,18-24,Female,Maharashtra,Pune,50K-1L,Regular,Verified
U03083,2024-10-21,55+,Female,Telangana,Warangal,2L+,Regular,Verified
U03084,2025-05-19,25-34,Male,Karnataka,Bengaluru,25K-50K,Regular,Verified
U03085,2022-01-14,25-34,Female,Punjab,Amritsar,2L+,New,Verified
U03086,2024-06-17,45-54,Male,Madhya Pradesh,Indore,1L-2L,Frequent,Verified
U03087,2022-08-24,25-34,Male,Kerala,Thiruvananthapuram,25K-50K,Regular,Verified
U03088,2022-02-01,25-34,Female,Rajasthan,Jodhpur,25K-50K,Frequent,Verified
U03089,2022-03-04,55+,Female,West Bengal,Siliguri,50K-1L,Regular,Verified
U03090,2022-01-13,35-44,Female,Uttar Pradesh,Lucknow,50K-1L,Regular,Verified
U03091,2022-12-05,18-24,Female,Maharashtra,Nagpur,<25K,New,Verified
U03092,2024-03-11,18-24,Male,Maharashtra,Pune,2L+,New,Verified
U03093,2021-07-11,25-34,Female,Karnataka,Mysuru,1L-2L,Frequent,Verified
U03094,2025-06-17,35-44,Male,Uttar Pradesh,Noida,25K-50K,Frequent,Verified
U03095,2021-06-09,25-34,Male,Uttar Pradesh,Varanasi,50K-1L,Regular,Verified
U03096,2022-04-19,18-24,Female,Karnataka,Bengaluru,<25K,Regular,Verified
U03097,2020-01-03,55+,Male,Maharashtra,Nagpur,25K-50K,Regular,Verified
U03098,2022-11-17,18-24,Male,Madhya Pradesh,Indore,2L+,Regular,Pending
U03099,2023-11-05,18-24,Male,Gujarat,Ahmedabad,1L-2L,Regular,Verified
U03100,2020-06-05,25-34,Female,Gujarat,Surat,25K-50K,Regular,Verified
U03101,2025-04-21,25-34,Female,Karnataka,Mangaluru,50K-1L,Frequent,Verified
U03102,2025-05-08,25-34,Female,Uttar Pradesh,Noida,50K-1L,Regular,Verified
U03103,2021-05-25,55+,Female,Rajasthan,Jaipur,25K-50K,Regular,Verified
U03104,2021-11-17,45-54,Male,Karnataka,Mysuru,<25K,Frequent,Verified
U03105,2023-02-11,25-34,Male,Madhya Pradesh,Jabalpur,50K-1L,Regular,Verified
U03106,2023-11-13,25-34,Male,Karnataka,Mysuru,50K-1L,New,Verified
U03107,2024-02-19,35-44,Female,Delhi,New Delhi,<25K,New,Verified
U03108,2021-07-24,25-34,Female,West Bengal,Kolkata,<25K,Regular,Verified
U03109,2021-12-15,18-24,Male,Uttar Pradesh,Noida,25K-50K,Frequent,Verified
U03110,2023-08-31,55+,Female,Punjab,Ludhiana,25K-50K,Frequent,Pending
U03111,2026-04-05,25-34,Female,Telangana,Warangal,50K-1L,Regular,Pending
U03112,2026-06-08,25-34,Male,Telangana,Warangal,25K-50K,New,Verified
U03113,2022-09-17,25-34,Female,Uttar Pradesh,Noida,25K-50K,New,Verified
U03114,2020-11-29,25-34,Male,Punjab,Ludhiana,1L-2L,Regular,Verified
U03115,2025-11-30,18-24,Female,Kerala,Kochi,<25K,Frequent,Verified
U03116,2024-07-02,18-24,Male,Madhya Pradesh,Bhopal,25K-50K,Frequent,Verified
U03117,2020-12-27,25-34,Male,Delhi,New Delhi,2L+,New,Verified
U03118,2025-02-23,35-44,Female,Delhi,Delhi,50K-1L,Frequent,Verified
U03119,2025-11-14,25-34,Male,Maharashtra,Mumbai,50K-1L,Regular,Verified
U03120,2025-06-04,25-34,Male,West Bengal,Siliguri,25K-50K,New,Verified
U03121,2025-08-25,35-44,Male,Gujarat,Surat,<25K,Regular,Verified
U03122,2025-05-31,45-54,Female,Tamil Nadu,Coimbatore,50K-1L,Frequent,Verified
U03123,2021-01-10,25-34,Male,Madhya Pradesh,Indore,50K-1L,Regular,Verified
U03124,2022-01-11,18-24,Female,Tamil Nadu,Madurai,<25K,Frequent,Verified
U03125,2021-01-24,25-34,Male,Tamil Nadu,Chennai,25K-50K,New,Pending
U03126,2023-05-25,35-44,Male,Uttar Pradesh,Kanpur,1L-2L,New,Verified
U03127,2022-04-03,18-24,Male,Telangana,Warangal,25K-50K,New,Verified
U03128,2026-06-25,25-34,Male,Telangana,Warangal,25K-50K,Frequent,Verified
U03129,2026-02-21,18-24,Female,Gujarat,Vadodara,25K-50K,Regular,Verified
U03130,2021-02-21,18-24,Female,Uttar Pradesh,Noida,1L-2L,Frequent,Verified
U03131,2021-08-29,25-34,Male,Tamil Nadu,Coimbatore,1L-2L,Regular,Verified
U03132,2021-07-21,25-34,Male,Punjab,Chandigarh,1L-2L,Regular,Verified
U03133,2021-06-27,45-54,Female,Kerala,Thiruvananthapuram,25K-50K,Frequent,Verified
U03134,2026-03-28,35-44,Male,Rajasthan,Udaipur,<25K,Regular,Verified
U03135,2022-06-02,25-34,Male,Telangana,Hyderabad,25K-50K,Frequent,Verified
U03136,2021-12-03,25-34,Male,Madhya Pradesh,Bhopal,50K-1L,New,Verified
U03137,2023-05-08,25-34,Female,Punjab,Ludhiana,50K-1L,Regular,Verified
U03138,2024-06-10,18-24,Female,Madhya Pradesh,Indore,2L+,Regular,Verified
U03139,2025-08-30,45-54,Male,Maharashtra,Pune,25K-50K,Frequent,Verified
U03140,2024-11-21,55+,Male,Karnataka,Mysuru,50K-1L,New,Verified
U03141,2024-06-07,25-34,Male,Rajasthan,Jodhpur,50K-1L,Regular,Verified
U03142,2023-12-28,18-24,Female,Telangana,Hyderabad,<25K,Regular,Verified
U03143,2024-05-02,18-24,Male,Delhi,New Delhi,25K-50K,Regular,Verified
U03144,2025-03-29,35-44,Male,Telangana,Warangal,50K-1L,New,Verified
U03145,2020-03-18,35-44,Female,Punjab,Amritsar,2L+,New,Verified
U03146,2023-08-01,45-54,Male,Maharashtra,Nashik,25K-50K,Frequent,Verified
U03147,2021-10-09,35-44,Male,Madhya Pradesh,Jabalpur,2L+,Regular,Verified
U03148,2025-12-27,25-34,Male,Tamil Nadu,Coimbatore,50K-1L,Regular,Pending
U03149,2021-07-06,35-44,Male,Delhi,Delhi,25K-50K,Frequent,Verified
U03150,2022-09-24,35-44,Male,Uttar Pradesh,Lucknow,<25K,New,Verified
U03151,2020-10-08,25-34,Male,West Bengal,Siliguri,<25K,Regular,Verified
U03152,2023-07-05,25-34,Male,Tamil Nadu,Madurai,25K-50K,Frequent,Verified
U03153,2025-01-20,35-44,Male,West Bengal,Kolkata,<25K,Frequent,Verified
U03154,2023-10-15,35-44,Female,Rajasthan,Jaipur,25K-50K,Regular,Verified
U03155,2026-05-06,35-44,Male,Kerala,Kochi,2L+,Regular,Verified
U03156,2023-03-03,35-44,Male,Karnataka,Mangaluru,50K-1L,Regular,Verified
U03157,2020-04-13,35-44,Female,Kerala,Thiruvananthapuram,1L-2L,Frequent,Verified
U03158,2022-02-04,35-44,Male,Delhi,Delhi,<25K,Regular,Verified
U03159,2025-11-12,25-34,Female,Gujarat,Ahmedabad,25K-50K,Frequent,Verified
U03160,2024-05-15,35-44,Male,Delhi,New Delhi,25K-50K,New,Verified
U03161,2021-04-24,25-34,Female,Kerala,Kochi,1L-2L,Regular,Verified
U03162,2025-08-22,25-34,Female,Telangana,Warangal,<25K,Regular,Verified
U03163,2025-05-17,18-24,Male,Punjab,Amritsar,25K-50K,Regular,Verified
U03164,2025-11-12,35-44,Male,Madhya Pradesh,Jabalpur,50K-1L,Regular,Verified
U03165,2026-05-29,35-44,Male,Telangana,Warangal,50K-1L,Frequent,Verified
U03166,2025-09-03,55+,Male,Telangana,Warangal,1L-2L,Frequent,Verified
U03167,2023-07-19,25-34,Male,Punjab,Chandigarh,25K-50K,New,Verified
U03168,2024-03-08,25-34,Male,Punjab,Chandigarh,25K-50K,Frequent,Verified
U03169,2023-04-04,25-34,Male,Rajasthan,Jodhpur,1L-2L,New,Verified
U03170,2022-07-27,18-24,Male,Tamil Nadu,Madurai,50K-1L,Regular,Pending
U03171,2022-01-31,35-44,Female,Gujarat,Vadodara,25K-50K,Frequent,Verified
U03172,2021-10-15,25-34,Male,Gujarat,Ahmedabad,<25K,New,Verified
U03173,2024-07-27,35-44,Female,Telangana,Warangal,1L-2L,Frequent,Verified
U03174,2025-04-15,35-44,Male,West Bengal,Kolkata,2L+,Frequent,Pending
U03175,2023-01-31,25-34,Female,Rajasthan,Jodhpur,50K-1L,Regular,Verified
U03176,2025-04-09,45-54,Male,Telangana,Warangal,1L-2L,Regular,Verified
U03177,2021-07-28,25-34,Male,Karnataka,Mysuru,50K-1L,Regular,Verified
U03178,2026-05-30,25-34,Other,Madhya Pradesh,Indore,25K-50K,Frequent,Verified
U03179,2023-08-22,45-54,Male,Punjab,Ludhiana,<25K,New,Verified
U03180,2023-07-01,45-54,Male,Tamil Nadu,Madurai,50K-1L,Regular,Pending
U03181,2023-04-18,18-24,Female,Uttar Pradesh,Lucknow,25K-50K,New,Verified
U03182,2020-02-09,18-24,Other,Punjab,Ludhiana,1L-2L,New,Verified
U03183,2021-06-03,18-24,Female,Karnataka,Bengaluru,50K-1L,Frequent,Verified
U03184,2024-06-27,25-34,Male,West Bengal,Kolkata,2L+,Regular,Verified
U03185,2026-04-02,55+,Female,Delhi,New Delhi,50K-1L,Frequent,Verified
U03186,2021-04-07,35-44,Male,Delhi,New Delhi,25K-50K,Regular,Verified
U03187,2023-06-05,25-34,Male,Kerala,Kochi,25K-50K,Regular,Pending
U03188,2025-01-22,45-54,Male,Karnataka,Bengaluru,25K-50K,New,Verified
U03189,2021-04-27,25-34,Male,Kerala,Kochi,1L-2L,Frequent,Verified
U03190,2020-12-08,25-34,Male,Telangana,Hyderabad,<25K,New,Verified
U03191,2023-04-11,55+,Female,Uttar Pradesh,Varanasi,2L+,Regular,Verified
U03192,2024-01-02,45-54,Male,Maharashtra,Pune,2L+,Regular,Verified
U03193,2023-04-17,45-54,Male,Punjab,Ludhiana,50K-1L,Regular,Verified
U03194,2024-06-09,25-34,Female,Maharashtra,Nagpur,25K-50K,Regular,Verified
U03195,2025-12-20,45-54,Female,West Bengal,Siliguri,25K-50K,Regular,Verified
U03196,2025-11-01,18-24,Female,Telangana,Warangal,25K-50K,New,Verified
U03197,2022-09-19,35-44,Male,Gujarat,Vadodara,<25K,Regular,Verified
U03198,2023-04-04,55+,Female,Punjab,Ludhiana,25K-50K,Frequent,Verified
U03199,2026-05-29,25-34,Male,Kerala,Thiruvananthapuram,<25K,Regular,Verified
U03200,2024-05-22,45-54,Female,Gujarat,Ahmedabad,50K-1L,New,Verified
U03201,2023-04-08,25-34,Male,Tamil Nadu,Coimbatore,25K-50K,Regular,Verified
U03202,2021-08-20,18-24,Male,Uttar Pradesh,Lucknow,<25K,New,Pending
U03203,2021-10-06,35-44,Male,Uttar Pradesh,Varanasi,50K-1L,New,Verified
U03204,2021-03-23,18-24,Male,Delhi,Delhi,2L+,Regular,Verified
U03205,2022-02-02,35-44,Male,Rajasthan,Jaipur,50K-1L,Regular,Verified
U03206,2022-01-04,18-24,Female,Punjab,Ludhiana,25K-50K,New,Verified
U03207,2024-06-30,55+,Male,Kerala,Thiruvananthapuram,1L-2L,Regular,Verified
U03208,2026-04-16,25-34,Female,West Bengal,Kolkata,50K-1L,Frequent,Verified
U03209,2021-08-23,25-34,Female,Maharashtra,Pune,1L-2L,Frequent,Verified
U03210,2025-12-12,18-24,Male,West Bengal,Siliguri,25K-50K,Frequent,Verified
U03211,2025-11-30,55+,Female,Gujarat,Surat,1L-2L,Regular,Verified
U03212,2022-09-07,35-44,Male,Gujarat,Vadodara,25K-50K,New,Verified
U03213,2024-11-17,35-44,Female,Karnataka,Bengaluru,2L+,Frequent,Verified
U03214,2026-01-06,25-34,Male,Tamil Nadu,Coimbatore,25K-50K,New,Verified
U03215,2021-08-02,25-34,Female,Punjab,Amritsar,2L+,New,Verified
U03216,2022-02-21,18-24,Female,Uttar Pradesh,Noida,2L+,Regular,Verified
U03217,2026-06-26,35-44,Female,Madhya Pradesh,Indore,<25K,New,Verified
U03218,2021-06-15,25-34,Male,Kerala,Kochi,2L+,Frequent,Verified
U03219,2024-02-21,55+,Male,West Bengal,Siliguri,<25K,Frequent,Verified
U03220,2021-09-03,45-54,Male,Kerala,Kochi,25K-50K,Frequent,Pending
U03221,2026-04-18,25-34,Male,Gujarat,Surat,25K-50K,Frequent,Verified
U03222,2025-06-28,18-24,Male,Rajasthan,Udaipur,2L+,New,Verified
U03223,2023-01-05,45-54,Male,Delhi,New Delhi,25K-50K,Regular,Verified
U03224,2024-07-28,18-24,Male,Maharashtra,Pune,50K-1L,Regular,Verified
U03225,2023-11-16,25-34,Female,Tamil Nadu,Coimbatore,50K-1L,Regular,Verified
U03226,2023-12-06,25-34,Male,Rajasthan,Jaipur,2L+,New,Verified
U03227,2026-01-29,35-44,Male,Tamil Nadu,Chennai,1L-2L,Regular,Verified
U03228,2022-05-24,45-54,Female,Karnataka,Mangaluru,25K-50K,Frequent,Verified
U03229,2026-02-26,25-34,Female,Madhya Pradesh,Indore,25K-50K,New,Verified
U03230,2020-08-04,18-24,Male,Gujarat,Ahmedabad,<25K,New,Verified
U03231,2021-01-10,25-34,Male,Delhi,Delhi,50K-1L,New,Verified
U03232,2024-05-28,35-44,Male,Punjab,Chandigarh,<25K,Regular,Verified
U03233,2020-01-11,25-34,Other,Rajasthan,Udaipur,25K-50K,Regular,Verified
U03234,2024-06-01,25-34,Male,Tamil Nadu,Madurai,1L-2L,Frequent,Verified
U03235,2022-03-28,55+,Female,Uttar Pradesh,Lucknow,25K-50K,Regular,Verified
U03236,2023-07-20,55+,Female,Karnataka,Mangaluru,50K-1L,Regular,Pending
U03237,2021-11-21,55+,Female,Uttar Pradesh,Noida,25K-50K,Regular,Verified
U03238,2024-05-18,45-54,Female,Delhi,New Delhi,<25K,Regular,Verified
U03239,2024-03-12,25-34,Female,Punjab,Ludhiana,25K-50K,Regular,Verified
U03240,2023-03-01,25-34,Male,Punjab,Ludhiana,25K-50K,Frequent,Verified
U03241,2025-05-01,25-34,Male,Rajasthan,Jodhpur,1L-2L,Frequent,Verified
U03242,2022-02-22,25-34,Male,Kerala,Thiruvananthapuram,25K-50K,New,Verified
U03243,2026-06-24,55+,Male,Karnataka,Mangaluru,25K-50K,New,Verified
U03244,2025-05-26,45-54,Male,Punjab,Amritsar,1L-2L,New,Verified
U03245,2025-02-19,35-44,Male,Punjab,Amritsar,1L-2L,Regular,Verified
U03246,2022-02-23,25-34,Male,Rajasthan,Jodhpur,1L-2L,Regular,Verified
U03247,2021-01-31,45-54,Female,Gujarat,Surat,2L+,Regular,Verified
U03248,2022-12-17,45-54,Female,Telangana,Warangal,1L-2L,Frequent,Verified
U03249,2024-02-12,18-24,Male,Karnataka,Bengaluru,25K-50K,New,Verified
U03250,2025-07-26,45-54,Female,Uttar Pradesh,Kanpur,1L-2L,Regular,Verified
U03251,2024-06-02,25-34,Male,Delhi,Delhi,50K-1L,Regular,Verified
U03252,2021-04-04,18-24,Female,Punjab,Amritsar,25K-50K,Regular,Pending
U03253,2025-10-09,35-44,Male,Punjab,Ludhiana,25K-50K,Regular,Verified
U03254,2021-06-29,35-44,Other,Madhya Pradesh,Jabalpur,25K-50K,Frequent,Verified
U03255,2021-05-11,18-24,Female,Gujarat,Ahmedabad,<25K,New,Pending
U03256,2021-05-19,25-34,Male,Punjab,Ludhiana,<25K,New,Verified
U03257,2022-12-28,55+,Female,Telangana,Hyderabad,<25K,Regular,Verified
U03258,2026-01-17,35-44,Female,Madhya Pradesh,Bhopal,1L-2L,Regular,Verified
U03259,2024-06-25,35-44,Female,Maharashtra,Nagpur,2L+,New,Verified
U03260,2021-12-18,25-34,Male,Gujarat,Vadodara,50K-1L,New,Verified
U03261,2024-05-11,18-24,Female,Delhi,Delhi,1L-2L,Regular,Verified
U03262,2023-11-09,25-34,Male,Tamil Nadu,Madurai,<25K,Regular,Verified
U03263,2020-09-25,25-34,Female,Karnataka,Bengaluru,1L-2L,Frequent,Verified
U03264,2025-04-30,25-34,Female,Rajasthan,Jodhpur,50K-1L,Regular,Pending
U03265,2024-01-17,25-34,Male,Delhi,Delhi,<25K,New,Verified
U03266,2024-03-21,35-44,Female,Karnataka,Bengaluru,<25K,Regular,Verified
U03267,2022-05-14,25-34,Female,Madhya Pradesh,Bhopal,25K-50K,New,Pending
U03268,2020-04-19,45-54,Female,Kerala,Thiruvananthapuram,<25K,Regular,Verified
U03269,2021-10-11,25-34,Male,Rajasthan,Jaipur,25K-50K,Regular,Verified
U03270,2025-09-29,25-34,Male,West Bengal,Kolkata,<25K,Regular,Verified
U03271,2024-02-08,18-24,Female,Uttar Pradesh,Kanpur,25K-50K,Frequent,Verified
U03272,2023-01-15,25-34,Female,Maharashtra,Mumbai,25K-50K,New,Verified
U03273,2021-08-18,18-24,Female,Gujarat,Surat,2L+,Frequent,Verified
U03274,2022-09-05,55+,Female,Punjab,Chandigarh,25K-50K,Frequent,Verified
U03275,2021-12-31,45-54,Male,Kerala,Thiruvananthapuram,25K-50K,Regular,Verified
U03276,2020-02-26,25-34,Male,Kerala,Thiruvananthapuram,50K-1L,New,Verified
U03277,2026-02-21,18-24,Male,Delhi,Delhi,1L-2L,Regular,Verified
U03278,2024-11-18,35-44,Female,Maharashtra,Nashik,25K-50K,Regular,Verified
U03279,2024-08-28,35-44,Male,Tamil Nadu,Chennai,1L-2L,Regular,Verified
U03280,2023-07-10,25-34,Male,Karnataka,Mysuru,25K-50K,New,Verified
U03281,2020-04-21,35-44,Male,Karnataka,Mysuru,<25K,Frequent,Verified
U03282,2021-12-11,45-54,Male,Delhi,New Delhi,25K-50K,New,Verified
U03283,2023-04-16,35-44,Male,Telangana,Hyderabad,50K-1L,Regular,Verified
U03284,2022-08-05,45-54,Male,Telangana,Warangal,25K-50K,New,Verified
U03285,2020-01-26,45-54,Female,Punjab,Amritsar,50K-1L,Regular,Verified
U03286,2022-01-27,55+,Male,West Bengal,Kolkata,25K-50K,Frequent,Verified
U03287,2024-12-05,25-34,Female,Uttar Pradesh,Varanasi,50K-1L,Regular,Verified
U03288,2024-04-04,35-44,Male,Rajasthan,Jodhpur,25K-50K,New,Verified
U03289,2025-01-15,45-54,Male,Tamil Nadu,Madurai,25K-50K,Frequent,Verified
U03290,2026-04-12,35-44,Male,Punjab,Chandigarh,50K-1L,Frequent,Verified
U03291,2023-01-09,55+,Male,Maharashtra,Pune,50K-1L,Frequent,Pending
U03292,2021-10-23,18-24,Female,Telangana,Warangal,25K-50K,Frequent,Verified
U03293,2022-06-27,25-34,Female,West Bengal,Siliguri,1L-2L,Regular,Verified
U03294,2021-06-05,25-34,Male,West Bengal,Kolkata,50K-1L,Regular,Verified
U03295,2025-01-30,25-34,Male,Delhi,Delhi,25K-50K,Regular,Verified
U03296,2024-10-25,25-34,Male,Tamil Nadu,Chennai,2L+,New,Verified
U03297,2026-04-30,35-44,Female,Madhya Pradesh,Bhopal,50K-1L,Regular,Pending
U03298,2022-02-28,18-24,Male,Rajasthan,Udaipur,25K-50K,Frequent,Verified
U03299,2023-07-21,35-44,Other,Uttar Pradesh,Kanpur,<25K,Regular,Verified
U03300,2024-09-25,35-44,Female,Gujarat,Surat,50K-1L,Frequent,Verified
U03301,2020-06-20,25-34,Male,Delhi,Delhi,<25K,Regular,Verified
U03302,2020-09-21,25-34,Male,Rajasthan,Jaipur,25K-50K,Regular,Verified
U03303,2025-06-09,35-44,Male,Gujarat,Vadodara,25K-50K,Regular,Verified
U03304,2022-11-15,35-44,Male,Gujarat,Ahmedabad,50K-1L,Regular,Verified
U03305,2024-02-01,45-54,Female,Tamil Nadu,Madurai,<25K,Regular,Verified
U03306,2025-02-28,45-54,Male,Tamil Nadu,Madurai,1L-2L,New,Verified
U03307,2021-04-20,55+,Male,Punjab,Amritsar,25K-50K,New,Verified
U03308,2022-11-15,35-44,Male,Maharashtra,Mumbai,25K-50K,Frequent,Verified
U03309,2020-02-03,45-54,Male,West Bengal,Siliguri,1L-2L,New,Verified
U03310,2026-04-30,45-54,Male,Rajasthan,Jodhpur,50K-1L,Regular,Verified
U03311,2023-03-07,45-54,Male,Delhi,Delhi,25K-50K,Regular,Verified
U03312,2022-03-26,18-24,Male,Punjab,Chandigarh,25K-50K,Regular,Verified
U03313,2022-01-23,55+,Female,Karnataka,Mangaluru,25K-50K,Frequent,Verified
U03314,2021-07-19,25-34,Female,Delhi,New Delhi,50K-1L,Regular,Verified
U03315,2021-04-06,45-54,Female,Maharashtra,Nagpur,25K-50K,Frequent,Verified
U03316,2024-07-12,18-24,Male,Uttar Pradesh,Varanasi,50K-1L,Regular,Verified
U03317,2020-03-21,25-34,Other,Kerala,Thiruvananthapuram,50K-1L,Regular,Verified
U03318,2025-04-21,25-34,Female,Kerala,Kochi,<25K,Frequent,Verified
U03319,2022-05-19,25-34,Female,West Bengal,Kolkata,25K-50K,Frequent,Verified
U03320,2023-12-01,18-24,Male,Kerala,Thiruvananthapuram,25K-50K,Frequent,Verified
U03321,2022-12-05,45-54,Male,Kerala,Kochi,25K-50K,Regular,Verified
U03322,2021-08-21,18-24,Male,Karnataka,Bengaluru,50K-1L,New,Verified
U03323,2024-06-22,25-34,Female,Telangana,Warangal,50K-1L,New,Verified
U03324,2022-03-17,18-24,Female,Uttar Pradesh,Noida,1L-2L,Frequent,Verified
U03325,2025-04-18,35-44,Male,Tamil Nadu,Chennai,<25K,Frequent,Verified
U03326,2022-12-12,25-34,Female,Gujarat,Vadodara,2L+,Regular,Verified
U03327,2021-12-04,25-34,Female,Telangana,Hyderabad,25K-50K,Regular,Verified
U03328,2025-08-25,25-34,Female,Delhi,New Delhi,25K-50K,Regular,Verified
U03329,2021-05-01,35-44,Female,Delhi,New Delhi,50K-1L,Regular,Verified
U03330,2021-12-06,18-24,Female,Kerala,Thiruvananthapuram,1L-2L,Regular,Verified
U03331,2024-03-05,18-24,Male,Tamil Nadu,Coimbatore,25K-50K,Regular,Verified
U03332,2023-03-10,25-34,Female,Maharashtra,Nashik,50K-1L,Frequent,Verified
U03333,2021-09-11,55+,Female,Rajasthan,Udaipur,1L-2L,New,Verified
U03334,2022-02-15,25-34,Male,Telangana,Warangal,1L-2L,Regular,Verified
U03335,2021-03-22,35-44,Male,Telangana,Hyderabad,<25K,Regular,Verified
U03336,2026-05-26,25-34,Male,Madhya Pradesh,Bhopal,1L-2L,Regular,Verified
U03337,2020-07-27,25-34,Male,Uttar Pradesh,Lucknow,1L-2L,Regular,Verified
U03338,2024-02-07,18-24,Male,West Bengal,Siliguri,50K-1L,Frequent,Verified
U03339,2023-12-21,18-24,Male,Uttar Pradesh,Noida,1L-2L,New,Verified
U03340,2025-02-20,25-34,Male,Rajasthan,Jaipur,2L+,New,Verified
U03341,2026-05-26,25-34,Male,Delhi,Delhi,25K-50K,Frequent,Verified
U03342,2023-07-15,18-24,Male,Delhi,New Delhi,<25K,Regular,Verified
U03343,2026-01-07,35-44,Female,Delhi,Delhi,25K-50K,New,Verified
U03344,2024-10-08,55+,Male,Madhya Pradesh,Indore,<25K,Regular,Verified
U03345,2023-07-02,25-34,Male,Delhi,Delhi,25K-50K,Regular,Verified
U03346,2023-11-01,35-44,Male,Rajasthan,Jodhpur,50K-1L,New,Verified
U03347,2024-08-03,55+,Female,Punjab,Ludhiana,25K-50K,Regular,Verified
U03348,2022-05-04,45-54,Female,Tamil Nadu,Madurai,50K-1L,Frequent,Verified
U03349,2023-10-13,25-34,Male,West Bengal,Siliguri,1L-2L,Regular,Verified
U03350,2021-12-05,35-44,Female,Rajasthan,Jodhpur,25K-50K,New,Verified
U03351,2022-04-05,18-24,Male,Kerala,Thiruvananthapuram,1L-2L,Regular,Verified
U03352,2022-10-01,25-34,Male,Punjab,Chandigarh,<25K,Regular,Verified
U03353,2021-01-11,25-34,Male,West Bengal,Siliguri,1L-2L,New,Verified
U03354,2022-08-30,18-24,Male,Rajasthan,Jaipur,1L-2L,Frequent,Verified
U03355,2020-04-27,25-34,Male,Punjab,Chandigarh,25K-50K,Regular,Verified
U03356,2021-03-19,18-24,Male,Delhi,New Delhi,25K-50K,Regular,Verified
U03357,2022-01-24,35-44,Male,Tamil Nadu,Chennai,25K-50K,Frequent,Verified
U03358,2021-10-01,25-34,Male,Telangana,Hyderabad,1L-2L,Regular,Verified
U03359,2025-12-11,25-34,Other,Uttar Pradesh,Kanpur,1L-2L,New,Verified
U03360,2023-07-24,18-24,Male,Gujarat,Ahmedabad,25K-50K,Regular,Pending
U03361,2021-09-14,18-24,Male,Tamil Nadu,Coimbatore,50K-1L,Regular,Verified
U03362,2024-02-01,35-44,Female,Telangana,Hyderabad,<25K,Regular,Pending
U03363,2025-07-01,55+,Female,Maharashtra,Mumbai,25K-50K,Regular,Verified
U03364,2024-07-09,18-24,Female,Rajasthan,Jodhpur,2L+,Regular,Verified
U03365,2024-09-19,25-34,Female,Maharashtra,Pune,<25K,Regular,Verified
U03366,2025-04-03,45-54,Male,Telangana,Hyderabad,2L+,Regular,Verified
U03367,2022-07-07,18-24,Female,Tamil Nadu,Coimbatore,1L-2L,Regular,Verified
U03368,2023-03-19,45-54,Male,Rajasthan,Udaipur,2L+,Regular,Verified
U03369,2023-03-31,25-34,Female,Kerala,Thiruvananthapuram,<25K,Regular,Verified
U03370,2020-04-29,25-34,Female,Gujarat,Vadodara,25K-50K,Regular,Verified
U03371,2021-08-04,25-34,Female,Delhi,New Delhi,<25K,Regular,Verified
U03372,2025-05-01,25-34,Male,Rajasthan,Jodhpur,50K-1L,New,Verified
U03373,2025-11-16,25-34,Female,Kerala,Kochi,50K-1L,Regular,Verified
U03374,2023-04-05,45-54,Female,Rajasthan,Jaipur,<25K,Regular,Verified
U03375,2024-08-13,35-44,Male,Tamil Nadu,Madurai,1L-2L,Regular,Verified
U03376,2025-06-22,35-44,Female,Kerala,Thiruvananthapuram,25K-50K,Frequent,Verified
U03377,2021-02-04,45-54,Female,Tamil Nadu,Coimbatore,<25K,Regular,Verified
U03378,2023-09-11,25-34,Male,Punjab,Ludhiana,25K-50K,Frequent,Verified
U03379,2024-07-14,35-44,Female,Telangana,Hyderabad,<25K,Frequent,Verified
U03380,2021-09-12,25-34,Female,Karnataka,Mysuru,25K-50K,Frequent,Verified
U03381,2020-09-03,45-54,Female,Rajasthan,Udaipur,25K-50K,Frequent,Verified
U03382,2023-01-21,25-34,Female,Uttar Pradesh,Lucknow,1L-2L,Regular,Verified
U03383,2021-09-15,35-44,Male,Rajasthan,Jaipur,1L-2L,Regular,Verified
U03384,2026-06-26,45-54,Female,Telangana,Hyderabad,25K-50K,New,Verified
U03385,2025-01-13,25-34,Male,West Bengal,Kolkata,50K-1L,Regular,Verified
U03386,2025-10-10,18-24,Male,Maharashtra,Pune,50K-1L,Regular,Verified
U03387,2020-10-26,25-34,Female,Punjab,Amritsar,25K-50K,Regular,Verified
U03388,2021-02-06,25-34,Other,Delhi,Delhi,50K-1L,Regular,Verified
U03389,2024-07-29,35-44,Female,Kerala,Thiruvananthapuram,50K-1L,Regular,Verified
U03390,2020-09-09,55+,Female,Karnataka,Mangaluru,50K-1L,Regular,Verified
U03391,2024-10-23,25-34,Female,Gujarat,Vadodara,50K-1L,Regular,Verified
U03392,2023-10-24,25-34,Female,Gujarat,Ahmedabad,50K-1L,Regular,Verified
U03393,2025-05-18,35-44,Male,Gujarat,Ahmedabad,25K-50K,Frequent,Verified
U03394,2020-06-08,18-24,Female,Tamil Nadu,Chennai,1L-2L,Frequent,Verified
U03395,2020-07-23,25-34,Male,Gujarat,Vadodara,<25K,Frequent,Verified
U03396,2023-03-07,45-54,Male,Delhi,Delhi,1L-2L,New,Verified
U03397,2023-10-23,35-44,Female,Punjab,Ludhiana,25K-50K,Frequent,Verified
U03398,2022-05-07,18-24,Male,Maharashtra,Pune,<25K,Regular,Verified
U03399,2022-01-29,25-34,Male,Gujarat,Ahmedabad,50K-1L,Frequent,Verified
U03400,2024-05-09,35-44,Female,Rajasthan,Jaipur,25K-50K,New,Verified
U03401,2025-10-16,35-44,Female,Rajasthan,Jaipur,1L-2L,Regular,Verified
U03402,2020-05-12,45-54,Male,Tamil Nadu,Chennai,25K-50K,Regular,Verified
U03403,2024-09-19,25-34,Male,Delhi,New Delhi,50K-1L,Regular,Verified
U03404,2021-03-05,55+,Male,Maharashtra,Pune,25K-50K,Regular,Verified
U03405,2026-06-13,35-44,Female,Karnataka,Bengaluru,25K-50K,Regular,Verified
U03406,2023-04-12,35-44,Male,Telangana,Warangal,25K-50K,Regular,Verified
U03407,2020-04-06,35-44,Male,Maharashtra,Nagpur,50K-1L,Regular,Verified
U03408,2024-09-02,18-24,Male,Telangana,Warangal,50K-1L,Regular,Verified
U03409,2023-03-23,55+,Female,West Bengal,Kolkata,50K-1L,New,Verified
U03410,2024-09-14,18-24,Male,Telangana,Warangal,2L+,Regular,Verified
U03411,2023-06-19,25-34,Female,Punjab,Amritsar,50K-1L,New,Verified
U03412,2023-08-20,45-54,Male,Uttar Pradesh,Kanpur,2L+,Regular,Verified
U03413,2023-08-01,35-44,Male,Punjab,Chandigarh,<25K,Regular,Pending
U03414,2022-11-16,45-54,Male,Rajasthan,Jodhpur,<25K,Regular,Verified
U03415,2023-10-15,25-34,Female,Delhi,Delhi,25K-50K,Regular,Verified
U03416,2026-02-27,25-34,Female,Madhya Pradesh,Bhopal,<25K,Regular,Verified
U03417,2021-08-03,55+,Male,Tamil Nadu,Chennai,50K-1L,Frequent,Verified
U03418,2021-06-16,18-24,Male,Uttar Pradesh,Lucknow,50K-1L,Frequent,Verified
U03419,2023-03-21,45-54,Male,Telangana,Warangal,50K-1L,Regular,Verified
U03420,2023-01-30,25-34,Female,Gujarat,Ahmedabad,50K-1L,Regular,Verified
U03421,2022-06-17,45-54,Male,Delhi,Delhi,2L+,Regular,Pending
U03422,2024-01-09,18-24,Male,Uttar Pradesh,Lucknow,1L-2L,New,Verified
U03423,2023-06-06,35-44,Other,Tamil Nadu,Madurai,<25K,Regular,Verified
U03424,2022-02-08,45-54,Male,Rajasthan,Jaipur,25K-50K,Frequent,Pending
U03425,2022-04-13,25-34,Male,Delhi,Delhi,25K-50K,Regular,Verified
U03426,2025-03-19,35-44,Male,Tamil Nadu,Coimbatore,<25K,Regular,Verified
U03427,2026-04-02,45-54,Female,West Bengal,Siliguri,50K-1L,Regular,Verified
U03428,2026-01-18,35-44,Male,West Bengal,Siliguri,50K-1L,Regular,Verified
U03429,2021-07-07,55+,Male,Punjab,Chandigarh,25K-50K,New,Verified
U03430,2022-12-27,25-34,Other,Punjab,Amritsar,50K-1L,Regular,Verified
U03431,2023-04-11,18-24,Female,Tamil Nadu,Chennai,50K-1L,Regular,Verified
U03432,2024-07-18,18-24,Female,Uttar Pradesh,Lucknow,<25K,Regular,Verified
U03433,2021-07-12,25-34,Male,Punjab,Chandigarh,25K-50K,Regular,Verified
U03434,2020-09-17,18-24,Female,Delhi,Delhi,1L-2L,Frequent,Verified
U03435,2026-03-14,35-44,Female,Uttar Pradesh,Kanpur,50K-1L,Frequent,Verified
U03436,2025-01-14,25-34,Female,Punjab,Ludhiana,25K-50K,Frequent,Verified
U03437,2023-02-21,18-24,Male,Karnataka,Mangaluru,25K-50K,Regular,Pending
U03438,2022-03-15,18-24,Male,Telangana,Warangal,25K-50K,Regular,Verified
U03439,2023-03-31,45-54,Female,Karnataka,Mysuru,<25K,Frequent,Pending
U03440,2026-02-26,35-44,Male,Kerala,Kochi,1L-2L,New,Verified
U03441,2020-10-01,25-34,Female,West Bengal,Siliguri,<25K,New,Verified
U03442,2020-07-24,45-54,Male,Rajasthan,Udaipur,25K-50K,Regular,Verified
U03443,2024-09-19,18-24,Male,Maharashtra,Pune,<25K,Regular,Pending
U03444,2022-05-16,55+,Male,Telangana,Hyderabad,1L-2L,New,Verified
U03445,2020-04-02,35-44,Female,West Bengal,Siliguri,<25K,Regular,Verified
U03446,2022-12-01,25-34,Male,Uttar Pradesh,Lucknow,25K-50K,Regular,Verified
U03447,2023-09-13,35-44,Male,Uttar Pradesh,Varanasi,50K-1L,Regular,Verified
U03448,2025-10-13,35-44,Male,Uttar Pradesh,Lucknow,25K-50K,Regular,Pending
U03449,2020-12-30,25-34,Female,Rajasthan,Udaipur,25K-50K,Regular,Verified
U03450,2022-03-31,45-54,Female,Karnataka,Mangaluru,25K-50K,New,Pending
U03451,2024-02-16,18-24,Male,Maharashtra,Pune,1L-2L,New,Verified
U03452,2025-07-22,25-34,Female,Punjab,Ludhiana,2L+,Regular,Verified
U03453,2025-04-08,18-24,Female,Uttar Pradesh,Lucknow,25K-50K,Regular,Verified
U03454,2022-12-21,25-34,Male,Madhya Pradesh,Jabalpur,<25K,Regular,Verified
U03455,2023-07-20,25-34,Female,Kerala,Thiruvananthapuram,<25K,Regular,Verified
U03456,2026-03-26,45-54,Other,Telangana,Hyderabad,1L-2L,Regular,Verified
U03457,2022-11-09,18-24,Female,Delhi,New Delhi,50K-1L,Regular,Verified
U03458,2020-01-03,25-34,Male,Punjab,Ludhiana,1L-2L,Regular,Verified
U03459,2024-10-19,25-34,Male,Madhya Pradesh,Jabalpur,50K-1L,New,Verified
U03460,2022-06-29,45-54,Male,Maharashtra,Pune,1L-2L,Frequent,Verified
U03461,2020-11-02,55+,Male,Rajasthan,Jaipur,1L-2L,Regular,Verified
U03462,2020-05-15,35-44,Female,Maharashtra,Nagpur,1L-2L,Regular,Verified
U03463,2025-04-16,55+,Male,Delhi,New Delhi,25K-50K,Regular,Verified
U03464,2026-02-18,45-54,Male,Telangana,Warangal,25K-50K,Frequent,Pending
U03465,2024-05-27,55+,Female,Delhi,New Delhi,50K-1L,Regular,Verified
U03466,2023-12-09,35-44,Male,Tamil Nadu,Chennai,50K-1L,New,Verified
U03467,2022-05-22,18-24,Female,Telangana,Hyderabad,50K-1L,Frequent,Verified
U03468,2023-02-15,25-34,Male,Maharashtra,Mumbai,<25K,Regular,Verified
U03469,2021-10-27,35-44,Female,Uttar Pradesh,Noida,50K-1L,New,Verified
U03470,2020-07-27,25-34,Male,Maharashtra,Mumbai,25K-50K,New,Verified
U03471,2022-08-09,25-34,Male,Maharashtra,Nagpur,50K-1L,Regular,Verified
U03472,2022-11-23,35-44,Female,Telangana,Warangal,25K-50K,Regular,Verified
U03473,2021-10-10,55+,Male,Kerala,Thiruvananthapuram,25K-50K,Regular,Verified
U03474,2023-09-03,18-24,Female,Tamil Nadu,Chennai,25K-50K,Frequent,Verified
U03475,2025-12-07,35-44,Female,Punjab,Amritsar,1L-2L,Regular,Pending
U03476,2021-09-18,35-44,Female,Maharashtra,Mumbai,25K-50K,Regular,Pending
U03477,2021-06-08,55+,Female,Madhya Pradesh,Jabalpur,25K-50K,Regular,Verified
U03478,2024-05-23,55+,Female,West Bengal,Siliguri,<25K,Frequent,Verified
U03479,2025-02-11,35-44,Male,Gujarat,Vadodara,50K-1L,Regular,Verified
U03480,2022-02-07,25-34,Male,Gujarat,Surat,25K-50K,Frequent,Verified
U03481,2025-09-25,25-34,Male,Maharashtra,Nagpur,2L+,New,Verified
U03482,2022-02-10,35-44,Female,Madhya Pradesh,Indore,50K-1L,Frequent,Verified
U03483,2022-01-09,35-44,Male,Kerala,Kochi,25K-50K,Regular,Verified
U03484,2021-06-05,45-54,Male,Uttar Pradesh,Lucknow,50K-1L,Frequent,Verified
U03485,2023-11-01,45-54,Female,Rajasthan,Jodhpur,25K-50K,New,Verified
U03486,2025-12-21,25-34,Male,Rajasthan,Jaipur,1L-2L,New,Pending
U03487,2020-09-04,35-44,Male,Telangana,Hyderabad,25K-50K,New,Verified
U03488,2023-09-03,25-34,Male,Gujarat,Ahmedabad,2L+,Regular,Verified
U03489,2025-02-01,18-24,Female,Maharashtra,Pune,50K-1L,Regular,Verified
U03490,2021-11-16,25-34,Female,Rajasthan,Jodhpur,1L-2L,Frequent,Verified
U03491,2021-08-08,18-24,Male,Maharashtra,Nagpur,<25K,Regular,Pending
U03492,2020-05-22,45-54,Male,Telangana,Warangal,25K-50K,New,Verified
U03493,2022-08-24,25-34,Female,Gujarat,Vadodara,50K-1L,New,Verified
U03494,2021-12-18,25-34,Female,Delhi,Delhi,50K-1L,New,Verified
U03495,2021-10-04,55+,Male,Kerala,Kochi,<25K,Frequent,Verified
U03496,2021-01-04,25-34,Male,West Bengal,Siliguri,25K-50K,Frequent,Verified
U03497,2023-01-14,18-24,Male,West Bengal,Siliguri,25K-50K,Frequent,Verified
U03498,2022-02-25,25-34,Female,Rajasthan,Jodhpur,50K-1L,Regular,Pending
U03499,2024-01-23,18-24,Female,West Bengal,Siliguri,25K-50K,New,Verified
U03500,2022-08-07,18-24,Female,Kerala,Kochi,25K-50K,New,Verified
U03501,2023-09-10,18-24,Female,Delhi,New Delhi,25K-50K,Regular,Verified
U03502,2021-06-05,35-44,Female,Kerala,Kochi,25K-50K,Frequent,Verified
U03503,2025-05-06,25-34,Male,Maharashtra,Nagpur,<25K,New,Verified
U03504,2020-12-20,25-34,Male,Telangana,Warangal,2L+,New,Pending
U03505,2022-08-04,45-54,Male,Punjab,Chandigarh,<25K,Regular,Verified
U03506,2026-05-24,25-34,Female,Delhi,Delhi,1L-2L,Regular,Verified
U03507,2024-01-22,45-54,Female,Punjab,Chandigarh,25K-50K,Regular,Verified
U03508,2024-07-05,25-34,Female,Telangana,Hyderabad,25K-50K,Frequent,Verified
U03509,2021-06-19,25-34,Female,Telangana,Hyderabad,25K-50K,New,Verified
U03510,2023-08-07,35-44,Male,Gujarat,Vadodara,50K-1L,Frequent,Verified
U03511,2026-01-24,18-24,Female,Punjab,Amritsar,50K-1L,New,Verified
U03512,2022-08-07,18-24,Female,Maharashtra,Mumbai,25K-50K,New,Verified
U03513,2021-09-12,35-44,Female,Madhya Pradesh,Bhopal,<25K,Regular,Verified
U03514,2021-03-03,25-34,Female,West Bengal,Kolkata,1L-2L,New,Verified
U03515,2024-09-21,45-54,Male,Punjab,Chandigarh,2L+,Regular,Verified
U03516,2026-02-21,45-54,Female,Madhya Pradesh,Indore,25K-50K,Regular,Verified
U03517,2021-06-28,25-34,Male,Gujarat,Vadodara,50K-1L,Regular,Verified
U03518,2022-04-03,35-44,Male,Telangana,Warangal,25K-50K,Regular,Verified
U03519,2022-09-29,25-34,Female,Rajasthan,Jaipur,25K-50K,Regular,Verified
U03520,2021-10-20,55+,Female,Kerala,Thiruvananthapuram,<25K,New,Verified
U03521,2025-08-20,45-54,Male,West Bengal,Siliguri,25K-50K,Frequent,Verified
U03522,2021-12-31,45-54,Male,West Bengal,Kolkata,1L-2L,Frequent,Verified
U03523,2025-01-06,25-34,Female,Maharashtra,Mumbai,<25K,New,Pending
U03524,2021-02-12,35-44,Female,Tamil Nadu,Coimbatore,50K-1L,Regular,Verified
U03525,2020-03-24,25-34,Female,Karnataka,Bengaluru,1L-2L,Regular,Verified
U03526,2026-01-12,25-34,Female,Karnataka,Bengaluru,25K-50K,New,Verified
U03527,2021-12-07,55+,Female,Karnataka,Mangaluru,<25K,Regular,Verified
U03528,2025-05-15,18-24,Female,Tamil Nadu,Coimbatore,1L-2L,Regular,Verified
U03529,2023-12-18,55+,Female,Maharashtra,Mumbai,25K-50K,New,Verified
U03530,2020-05-13,18-24,Female,Tamil Nadu,Coimbatore,<25K,New,Verified
U03531,2022-02-26,45-54,Female,Karnataka,Mysuru,25K-50K,Frequent,Verified
U03532,2022-05-13,25-34,Male,Gujarat,Ahmedabad,25K-50K,Regular,Verified
U03533,2021-10-28,25-34,Male,Delhi,New Delhi,1L-2L,New,Verified
U03534,2020-10-03,25-34,Male,Punjab,Amritsar,50K-1L,Regular,Verified
U03535,2024-11-10,35-44,Female,Telangana,Hyderabad,25K-50K,Regular,Verified
U03536,2022-05-31,25-34,Male,Tamil Nadu,Coimbatore,50K-1L,Regular,Verified
U03537,2025-08-22,35-44,Female,Maharashtra,Nashik,2L+,Frequent,Verified
U03538,2025-09-13,18-24,Male,Maharashtra,Nagpur,<25K,Regular,Verified
U03539,2023-05-22,18-24,Female,Punjab,Chandigarh,25K-50K,Regular,Verified
U03540,2020-06-07,18-24,Female,Madhya Pradesh,Jabalpur,2L+,Regular,Verified
U03541,2023-02-07,25-34,Male,Delhi,New Delhi,2L+,Regular,Verified
U03542,2025-01-25,45-54,Male,Rajasthan,Jaipur,<25K,New,Verified
U03543,2020-10-05,45-54,Male,West Bengal,Kolkata,<25K,Regular,Verified
U03544,2020-04-20,25-34,Female,Karnataka,Bengaluru,25K-50K,Regular,Verified
U03545,2021-06-25,35-44,Female,Rajasthan,Jodhpur,<25K,Regular,Verified
U03546,2023-02-12,35-44,Female,Madhya Pradesh,Indore,50K-1L,Regular,Verified
U03547,2020-12-25,25-34,Male,Karnataka,Mangaluru,<25K,Regular,Verified
U03548,2023-05-23,25-34,Male,Delhi,Delhi,<25K,New,Verified
U03549,2024-10-22,25-34,Male,Kerala,Kochi,25K-50K,Regular,Verified
U03550,2022-08-12,18-24,Female,Madhya Pradesh,Jabalpur,2L+,Regular,Verified
U03551,2026-04-25,18-24,Male,Karnataka,Bengaluru,25K-50K,Frequent,Verified
U03552,2025-12-07,18-24,Female,Delhi,Delhi,25K-50K,Regular,Verified
U03553,2022-09-02,35-44,Female,Uttar Pradesh,Varanasi,2L+,Regular,Verified
U03554,2022-07-01,18-24,Male,Rajasthan,Jaipur,50K-1L,Frequent,Verified
U03555,2023-02-25,25-34,Male,Rajasthan,Jaipur,25K-50K,New,Pending
U03556,2021-12-23,25-34,Female,West Bengal,Kolkata,25K-50K,New,Pending
U03557,2024-09-07,18-24,Female,Punjab,Ludhiana,<25K,Regular,Verified
U03558,2020-11-20,25-34,Female,Delhi,New Delhi,50K-1L,New,Verified
U03559,2024-03-09,45-54,Female,Tamil Nadu,Coimbatore,25K-50K,Regular,Verified
U03560,2024-03-29,18-24,Female,Uttar Pradesh,Kanpur,25K-50K,New,Verified
U03561,2022-12-09,35-44,Female,Kerala,Kochi,<25K,New,Verified
U03562,2025-04-29,25-34,Female,Gujarat,Vadodara,25K-50K,Regular,Pending
U03563,2024-05-26,35-44,Male,Karnataka,Mysuru,50K-1L,Regular,Verified
U03564,2025-10-17,35-44,Male,Uttar Pradesh,Kanpur,<25K,Frequent,Pending
U03565,2021-01-25,25-34,Male,Delhi,Delhi,<25K,Frequent,Verified
U03566,2020-01-16,45-54,Other,Telangana,Warangal,2L+,New,Pending
U03567,2022-04-25,25-34,Male,Karnataka,Mysuru,50K-1L,Regular,Verified
U03568,2022-05-18,45-54,Female,Maharashtra,Nashik,<25K,New,Verified
U03569,2021-07-21,25-34,Female,Rajasthan,Udaipur,50K-1L,Regular,Verified
U03570,2025-12-19,55+,Male,Punjab,Chandigarh,<25K,Frequent,Verified
U03571,2025-07-12,35-44,Male,Delhi,Delhi,50K-1L,Regular,Verified
U03572,2026-05-09,55+,Male,Kerala,Thiruvananthapuram,50K-1L,New,Verified
U03573,2024-07-04,25-34,Male,Maharashtra,Nagpur,50K-1L,Regular,Verified
U03574,2020-12-22,25-34,Female,West Bengal,Kolkata,50K-1L,New,Verified
U03575,2024-07-14,35-44,Female,Madhya Pradesh,Indore,<25K,Regular,Verified
U03576,2026-03-30,45-54,Female,Gujarat,Ahmedabad,50K-1L,Regular,Pending
U03577,2020-02-05,55+,Female,Gujarat,Surat,<25K,Regular,Verified
U03578,2022-10-24,25-34,Female,Maharashtra,Nashik,25K-50K,Frequent,Verified
U03579,2025-09-22,45-54,Female,Rajasthan,Udaipur,2L+,Regular,Verified
U03580,2020-04-23,25-34,Female,West Bengal,Kolkata,50K-1L,Frequent,Verified
U03581,2024-11-07,35-44,Female,Telangana,Warangal,2L+,Frequent,Pending
U03582,2023-04-12,18-24,Female,Rajasthan,Udaipur,<25K,Regular,Verified
U03583,2023-07-02,25-34,Female,Uttar Pradesh,Kanpur,25K-50K,Regular,Verified
U03584,2021-04-10,55+,Male,Punjab,Amritsar,<25K,New,Verified
U03585,2024-01-27,18-24,Female,Gujarat,Surat,50K-1L,Regular,Pending
U03586,2022-04-26,35-44,Male,Uttar Pradesh,Kanpur,<25K,Regular,Verified
U03587,2021-05-16,35-44,Male,Kerala,Kochi,<25K,New,Verified
U03588,2021-03-16,18-24,Female,Karnataka,Bengaluru,25K-50K,Regular,Verified
U03589,2025-10-17,25-34,Female,Tamil Nadu,Madurai,50K-1L,Regular,Verified
U03590,2020-11-21,35-44,Male,Delhi,New Delhi,<25K,Frequent,Verified
U03591,2024-10-31,25-34,Male,West Bengal,Siliguri,1L-2L,Regular,Pending
U03592,2020-03-07,45-54,Male,Rajasthan,Jodhpur,<25K,Regular,Verified
U03593,2020-10-30,55+,Female,Gujarat,Vadodara,<25K,Frequent,Verified
U03594,2022-08-29,25-34,Male,Uttar Pradesh,Kanpur,25K-50K,Regular,Verified
U03595,2021-04-28,25-34,Male,Madhya Pradesh,Bhopal,2L+,New,Verified
U03596,2022-07-17,25-34,Male,Punjab,Ludhiana,<25K,Regular,Verified
U03597,2023-12-11,35-44,Female,Punjab,Amritsar,<25K,Frequent,Verified
U03598,2020-05-28,25-34,Male,Karnataka,Mysuru,1L-2L,New,Verified
U03599,2026-04-14,18-24,Male,Delhi,Delhi,25K-50K,Regular,Verified
U03600,2023-01-29,35-44,Male,Delhi,New Delhi,50K-1L,Regular,Verified
U03601,2020-04-05,55+,Female,Punjab,Ludhiana,25K-50K,Frequent,Verified
U03602,2020-10-08,25-34,Male,Punjab,Amritsar,25K-50K,Frequent,Verified
U03603,2026-06-27,25-34,Female,Rajasthan,Jodhpur,25K-50K,Regular,Pending
U03604,2021-06-12,55+,Female,West Bengal,Siliguri,25K-50K,Frequent,Verified
U03605,2026-04-29,35-44,Male,Telangana,Warangal,1L-2L,New,Verified
U03606,2024-06-30,35-44,Female,Kerala,Kochi,1L-2L,New,Verified
U03607,2021-08-02,35-44,Male,Madhya Pradesh,Jabalpur,50K-1L,Frequent,Pending
U03608,2024-07-21,55+,Male,Kerala,Thiruvananthapuram,2L+,Regular,Verified
U03609,2026-05-30,35-44,Female,Rajasthan,Jaipur,25K-50K,New,Verified
U03610,2024-06-19,45-54,Male,Uttar Pradesh,Noida,25K-50K,Regular,Verified
U03611,2022-03-20,35-44,Male,Tamil Nadu,Madurai,50K-1L,Frequent,Verified
U03612,2021-11-23,35-44,Female,Punjab,Chandigarh,50K-1L,Frequent,Verified
U03613,2020-08-22,25-34,Male,Maharashtra,Nashik,<25K,Frequent,Verified
U03614,2022-08-09,25-34,Female,Telangana,Hyderabad,50K-1L,Regular,Verified
U03615,2025-01-28,45-54,Female,West Bengal,Kolkata,25K-50K,Frequent,Verified
U03616,2023-09-22,25-34,Female,Karnataka,Mangaluru,50K-1L,Regular,Pending
U03617,2022-10-28,35-44,Female,Telangana,Hyderabad,1L-2L,Regular,Pending
U03618,2024-01-06,25-34,Female,Punjab,Chandigarh,50K-1L,Frequent,Verified
U03619,2025-05-18,45-54,Other,Gujarat,Surat,<25K,Regular,Verified
U03620,2021-06-22,18-24,Male,West Bengal,Kolkata,50K-1L,New,Verified
U03621,2022-03-30,45-54,Male,Tamil Nadu,Coimbatore,50K-1L,Regular,Verified
U03622,2024-08-08,35-44,Female,Gujarat,Surat,25K-50K,Regular,Verified
U03623,2020-09-28,25-34,Male,Telangana,Warangal,25K-50K,New,Verified
U03624,2022-10-25,35-44,Female,Maharashtra,Nashik,2L+,New,Verified
U03625,2025-04-06,25-34,Female,Maharashtra,Nashik,25K-50K,Regular,Verified
U03626,2023-05-27,25-34,Male,Tamil Nadu,Madurai,25K-50K,New,Verified
U03627,2023-02-15,25-34,Female,Delhi,Delhi,25K-50K,Regular,Pending
U03628,2021-08-15,18-24,Female,Madhya Pradesh,Bhopal,50K-1L,Regular,Verified
U03629,2024-05-24,55+,Male,Punjab,Amritsar,2L+,New,Verified
U03630,2020-04-24,18-24,Male,Karnataka,Mangaluru,50K-1L,Regular,Verified
U03631,2026-04-29,35-44,Female,Punjab,Amritsar,25K-50K,Frequent,Verified
U03632,2024-08-04,25-34,Female,Delhi,Delhi,50K-1L,New,Verified
U03633,2023-12-16,35-44,Female,Kerala,Thiruvananthapuram,50K-1L,New,Verified
U03634,2020-07-25,25-34,Male,Kerala,Kochi,50K-1L,Frequent,Verified
U03635,2026-06-08,35-44,Male,Kerala,Thiruvananthapuram,<25K,Regular,Verified
U03636,2020-04-21,35-44,Male,Maharashtra,Nagpur,50K-1L,Frequent,Verified
U03637,2023-12-11,35-44,Male,Maharashtra,Pune,25K-50K,Regular,Pending
U03638,2025-02-25,18-24,Female,Uttar Pradesh,Lucknow,<25K,New,Verified
U03639,2020-07-03,35-44,Other,Gujarat,Vadodara,50K-1L,New,Verified
U03640,2024-10-30,25-34,Female,Telangana,Hyderabad,2L+,New,Verified
U03641,2022-06-19,18-24,Female,Karnataka,Mangaluru,25K-50K,Frequent,Verified
U03642,2020-08-08,25-34,Male,Tamil Nadu,Madurai,2L+,Frequent,Verified
U03643,2024-01-07,25-34,Female,Telangana,Hyderabad,<25K,Frequent,Verified
U03644,2022-12-29,25-34,Male,Punjab,Chandigarh,50K-1L,Frequent,Pending
U03645,2025-07-05,35-44,Female,Uttar Pradesh,Noida,<25K,Frequent,Verified
U03646,2021-08-23,25-34,Male,Maharashtra,Pune,25K-50K,Regular,Verified
U03647,2023-03-06,25-34,Female,Tamil Nadu,Coimbatore,50K-1L,Frequent,Verified
U03648,2021-05-18,18-24,Female,Maharashtra,Pune,50K-1L,New,Verified
U03649,2025-12-18,35-44,Male,Karnataka,Bengaluru,1L-2L,Regular,Verified
U03650,2020-08-05,35-44,Male,Gujarat,Surat,50K-1L,Regular,Verified
U03651,2026-01-27,25-34,Male,Telangana,Hyderabad,50K-1L,Frequent,Verified
U03652,2024-02-07,35-44,Male,Telangana,Warangal,1L-2L,Regular,Verified
U03653,2021-09-03,25-34,Male,Kerala,Thiruvananthapuram,25K-50K,Frequent,Verified
U03654,2023-02-26,25-34,Male,Delhi,Delhi,25K-50K,Regular,Verified
U03655,2020-02-26,25-34,Female,Kerala,Kochi,<25K,Regular,Verified
U03656,2023-04-19,35-44,Female,Tamil Nadu,Coimbatore,25K-50K,Frequent,Verified
U03657,2020-09-02,35-44,Female,Madhya Pradesh,Bhopal,50K-1L,New,Pending
U03658,2020-05-23,25-34,Male,Kerala,Thiruvananthapuram,<25K,Frequent,Verified
U03659,2021-01-02,18-24,Female,Uttar Pradesh,Lucknow,<25K,Regular,Pending
U03660,2024-01-22,18-24,Male,Kerala,Thiruvananthapuram,<25K,Regular,Verified
U03661,2026-03-15,35-44,Male,Kerala,Thiruvananthapuram,50K-1L,Frequent,Verified
U03662,2021-09-07,45-54,Male,Madhya Pradesh,Jabalpur,25K-50K,Regular,Verified
U03663,2025-02-24,25-34,Female,Delhi,New Delhi,<25K,Regular,Verified
U03664,2024-05-07,18-24,Female,Karnataka,Mysuru,50K-1L,Regular,Verified
U03665,2021-11-29,35-44,Male,Uttar Pradesh,Noida,1L-2L,New,Verified
U03666,2022-05-25,45-54,Female,Kerala,Thiruvananthapuram,25K-50K,Regular,Verified
U03667,2024-08-12,45-54,Female,Gujarat,Vadodara,50K-1L,Regular,Verified
U03668,2022-08-02,35-44,Female,Madhya Pradesh,Jabalpur,<25K,Frequent,Verified
U03669,2022-07-11,45-54,Female,Gujarat,Ahmedabad,2L+,New,Verified
U03670,2024-10-12,18-24,Female,Madhya Pradesh,Indore,25K-50K,Regular,Verified
U03671,2020-01-25,18-24,Male,Gujarat,Ahmedabad,2L+,Frequent,Pending
U03672,2024-08-14,18-24,Female,Madhya Pradesh,Jabalpur,2L+,Frequent,Verified
U03673,2024-04-08,35-44,Male,Punjab,Ludhiana,1L-2L,Regular,Verified
U03674,2022-12-19,18-24,Female,Gujarat,Surat,<25K,Regular,Verified
U03675,2021-03-09,25-34,Male,Delhi,Delhi,50K-1L,Regular,Verified
U03676,2022-12-25,25-34,Male,West Bengal,Siliguri,<25K,Regular,Verified
U03677,2025-05-05,25-34,Female,Uttar Pradesh,Kanpur,1L-2L,New,Verified
U03678,2025-11-23,45-54,Female,Tamil Nadu,Chennai,1L-2L,Frequent,Verified
U03679,2020-04-05,18-24,Female,Karnataka,Mysuru,2L+,Regular,Verified
U03680,2020-06-16,25-34,Male,Punjab,Chandigarh,50K-1L,Regular,Verified
U03681,2025-09-20,35-44,Male,Rajasthan,Jaipur,50K-1L,Regular,Verified
U03682,2025-03-17,18-24,Male,Maharashtra,Nashik,50K-1L,Regular,Verified
U03683,2025-11-21,35-44,Female,Kerala,Thiruvananthapuram,25K-50K,Regular,Verified
U03684,2025-02-11,45-54,Female,Tamil Nadu,Chennai,25K-50K,Frequent,Verified
U03685,2025-06-21,55+,Female,Maharashtra,Nagpur,50K-1L,New,Verified
U03686,2026-05-18,45-54,Female,Uttar Pradesh,Lucknow,2L+,Regular,Verified
U03687,2023-02-07,25-34,Male,Tamil Nadu,Madurai,50K-1L,New,Verified
U03688,2025-07-03,35-44,Female,Gujarat,Ahmedabad,1L-2L,New,Verified
U03689,2022-01-18,18-24,Male,Gujarat,Surat,1L-2L,Regular,Verified
U03690,2025-03-06,25-34,Male,Rajasthan,Jodhpur,50K-1L,New,Verified
U03691,2022-04-10,18-24,Male,Maharashtra,Nagpur,25K-50K,New,Verified
U03692,2020-02-18,25-34,Female,Karnataka,Mangaluru,50K-1L,Frequent,Verified
U03693,2020-04-24,45-54,Male,Uttar Pradesh,Varanasi,25K-50K,Regular,Verified
U03694,2023-03-24,25-34,Other,Gujarat,Ahmedabad,<25K,New,Verified
U03695,2024-07-30,35-44,Male,Kerala,Kochi,25K-50K,New,Verified
U03696,2020-03-11,25-34,Male,West Bengal,Siliguri,2L+,New,Pending
U03697,2023-09-21,25-34,Male,Delhi,Delhi,<25K,Regular,Verified
U03698,2020-03-07,55+,Male,Delhi,Delhi,50K-1L,Regular,Pending
U03699,2024-02-25,25-34,Female,Madhya Pradesh,Jabalpur,1L-2L,Regular,Verified
U03700,2024-07-31,35-44,Male,Karnataka,Mangaluru,50K-1L,New,Verified
U03701,2024-11-12,25-34,Male,Delhi,Delhi,50K-1L,Regular,Verified
U03702,2022-08-24,18-24,Other,Madhya Pradesh,Indore,50K-1L,Regular,Verified
U03703,2026-02-06,25-34,Male,Maharashtra,Nashik,25K-50K,Regular,Verified
U03704,2024-11-24,45-54,Female,Gujarat,Ahmedabad,<25K,Frequent,Verified
U03705,2021-09-04,18-24,Male,Punjab,Amritsar,2L+,Regular,Verified
U03706,2025-03-01,18-24,Male,Gujarat,Surat,25K-50K,New,Pending
U03707,2024-06-10,18-24,Female,Punjab,Ludhiana,50K-1L,Frequent,Verified
U03708,2021-11-27,35-44,Female,Kerala,Kochi,50K-1L,New,Pending
U03709,2026-04-14,35-44,Male,West Bengal,Siliguri,<25K,Regular,Verified
U03710,2023-05-22,35-44,Female,Tamil Nadu,Chennai,2L+,Regular,Verified
U03711,2020-09-05,25-34,Female,Delhi,Delhi,1L-2L,Regular,Verified
U03712,2021-09-29,45-54,Female,Maharashtra,Nashik,<25K,Frequent,Verified
U03713,2022-08-07,35-44,Male,Punjab,Ludhiana,2L+,New,Verified
U03714,2025-03-19,45-54,Female,Telangana,Hyderabad,50K-1L,Regular,Verified
U03715,2023-01-16,45-54,Female,Delhi,New Delhi,25K-50K,New,Pending
U03716,2020-06-24,35-44,Male,Karnataka,Bengaluru,50K-1L,Regular,Verified
U03717,2021-12-23,25-34,Male,Kerala,Thiruvananthapuram,<25K,Regular,Verified
U03718,2022-02-09,45-54,Other,Tamil Nadu,Chennai,50K-1L,Regular,Verified
U03719,2025-05-01,55+,Female,Delhi,New Delhi,<25K,New,Verified
U03720,2021-12-03,18-24,Male,Maharashtra,Nashik,50K-1L,New,Verified
U03721,2025-10-29,18-24,Female,Delhi,Delhi,50K-1L,Regular,Verified
U03722,2022-07-15,55+,Male,Punjab,Chandigarh,1L-2L,Frequent,Verified
U03723,2020-05-17,25-34,Male,Karnataka,Mangaluru,50K-1L,Frequent,Pending
U03724,2023-02-23,45-54,Female,Telangana,Warangal,25K-50K,Frequent,Pending
U03725,2025-04-24,25-34,Male,Uttar Pradesh,Noida,1L-2L,Regular,Verified
U03726,2025-03-06,18-24,Female,Rajasthan,Jodhpur,50K-1L,New,Verified
U03727,2025-02-21,18-24,Male,Telangana,Hyderabad,50K-1L,Regular,Verified
U03728,2023-06-07,18-24,Female,Madhya Pradesh,Jabalpur,<25K,Regular,Verified
U03729,2024-01-23,25-34,Male,Delhi,New Delhi,1L-2L,New,Verified
U03730,2023-09-30,25-34,Female,Gujarat,Vadodara,2L+,Regular,Verified
U03731,2020-11-05,35-44,Female,West Bengal,Siliguri,1L-2L,New,Verified
U03732,2022-11-09,55+,Other,Gujarat,Surat,2L+,Regular,Verified
U03733,2024-07-28,25-34,Male,Telangana,Warangal,25K-50K,New,Verified
U03734,2024-04-13,25-34,Male,Punjab,Ludhiana,1L-2L,New,Verified
U03735,2024-05-02,25-34,Female,Gujarat,Vadodara,25K-50K,Regular,Verified
U03736,2024-02-09,25-34,Female,Maharashtra,Nagpur,<25K,Regular,Verified
U03737,2026-05-05,25-34,Male,Gujarat,Ahmedabad,50K-1L,Regular,Verified
U03738,2022-02-08,18-24,Male,Tamil Nadu,Chennai,50K-1L,Regular,Verified
U03739,2020-01-16,18-24,Female,Uttar Pradesh,Lucknow,25K-50K,New,Verified
U03740,2021-08-28,18-24,Male,Delhi,New Delhi,<25K,Frequent,Verified
U03741,2023-10-13,18-24,Female,Kerala,Kochi,<25K,New,Verified
U03742,2022-03-23,35-44,Female,Gujarat,Ahmedabad,25K-50K,Regular,Verified
U03743,2025-06-13,25-34,Female,Karnataka,Mysuru,<25K,Regular,Verified
U03744,2022-06-13,45-54,Male,Kerala,Kochi,<25K,Frequent,Verified
U03745,2024-04-16,55+,Male,Uttar Pradesh,Lucknow,25K-50K,Regular,Verified
U03746,2026-05-05,55+,Male,Punjab,Amritsar,2L+,New,Verified
U03747,2021-02-17,55+,Male,Uttar Pradesh,Varanasi,1L-2L,Regular,Verified
U03748,2020-01-25,25-34,Female,Gujarat,Ahmedabad,25K-50K,Regular,Verified
U03749,2025-06-27,25-34,Male,Uttar Pradesh,Kanpur,2L+,Regular,Verified
U03750,2020-11-11,18-24,Male,Kerala,Kochi,50K-1L,New,Verified
U03751,2021-07-24,45-54,Male,West Bengal,Siliguri,25K-50K,Regular,Verified
U03752,2021-12-25,45-54,Female,Punjab,Ludhiana,25K-50K,New,Verified
U03753,2025-01-23,45-54,Male,Gujarat,Surat,25K-50K,Regular,Verified
U03754,2023-07-23,25-34,Male,Maharashtra,Nagpur,25K-50K,Regular,Verified
U03755,2025-05-07,35-44,Other,Telangana,Warangal,25K-50K,New,Pending
U03756,2021-01-23,18-24,Other,Tamil Nadu,Madurai,50K-1L,Frequent,Verified
U03757,2021-03-19,18-24,Male,Rajasthan,Jaipur,50K-1L,Regular,Verified
U03758,2022-08-28,35-44,Female,Madhya Pradesh,Bhopal,1L-2L,Regular,Verified
U03759,2025-05-18,25-34,Male,Punjab,Amritsar,25K-50K,New,Verified
U03760,2025-01-02,55+,Male,Uttar Pradesh,Varanasi,50K-1L,Regular,Pending
U03761,2020-10-30,18-24,Male,Maharashtra,Pune,50K-1L,Regular,Verified
U03762,2022-02-02,45-54,Female,Delhi,New Delhi,2L+,Frequent,Verified
U03763,2025-05-27,25-34,Female,Delhi,Delhi,25K-50K,New,Verified
U03764,2022-03-26,45-54,Male,Madhya Pradesh,Jabalpur,1L-2L,New,Verified
U03765,2025-11-29,45-54,Female,Punjab,Chandigarh,1L-2L,Frequent,Verified
U03766,2022-05-27,45-54,Female,Punjab,Ludhiana,50K-1L,Frequent,Verified
U03767,2021-12-03,25-34,Male,Tamil Nadu,Madurai,50K-1L,New,Verified
U03768,2022-08-01,55+,Female,Uttar Pradesh,Lucknow,<25K,Regular,Verified
U03769,2026-05-15,18-24,Female,West Bengal,Siliguri,2L+,New,Verified
U03770,2025-08-22,18-24,Female,Madhya Pradesh,Bhopal,<25K,Regular,Verified
U03771,2020-10-29,25-34,Female,Tamil Nadu,Chennai,50K-1L,Frequent,Verified
U03772,2024-04-28,45-54,Other,Uttar Pradesh,Kanpur,25K-50K,New,Verified
U03773,2020-06-08,25-34,Female,Kerala,Thiruvananthapuram,25K-50K,New,Verified
U03774,2026-01-10,45-54,Female,Maharashtra,Nashik,50K-1L,New,Verified
U03775,2026-02-06,35-44,Male,Telangana,Hyderabad,1L-2L,New,Verified
U03776,2023-04-18,25-34,Male,West Bengal,Siliguri,25K-50K,New,Verified
U03777,2023-04-06,55+,Female,Kerala,Thiruvananthapuram,2L+,Frequent,Verified
U03778,2023-03-19,18-24,Male,Kerala,Thiruvananthapuram,50K-1L,Regular,Verified
U03779,2025-08-25,45-54,Male,Rajasthan,Jaipur,<25K,Regular,Verified
U03780,2023-01-19,25-34,Male,Delhi,Delhi,<25K,Frequent,Verified
U03781,2023-02-17,25-34,Male,Karnataka,Mangaluru,50K-1L,Regular,Verified
U03782,2025-06-02,25-34,Other,Maharashtra,Nagpur,<25K,Regular,Verified
U03783,2020-09-09,18-24,Female,Delhi,New Delhi,25K-50K,New,Pending
U03784,2023-12-03,25-34,Female,Gujarat,Ahmedabad,<25K,Regular,Verified
U03785,2025-09-09,25-34,Female,Kerala,Kochi,25K-50K,New,Verified
U03786,2021-12-31,25-34,Female,Karnataka,Mysuru,50K-1L,Frequent,Verified
U03787,2026-05-25,25-34,Male,Punjab,Ludhiana,25K-50K,Regular,Verified
U03788,2021-05-12,25-34,Male,Delhi,New Delhi,<25K,Regular,Verified
U03789,2023-11-29,45-54,Female,Tamil Nadu,Madurai,25K-50K,Regular,Verified
U03790,2021-07-01,35-44,Female,West Bengal,Siliguri,25K-50K,Regular,Verified
U03791,2022-08-18,45-54,Female,Delhi,Delhi,<25K,Regular,Verified
U03792,2020-05-11,35-44,Male,Rajasthan,Udaipur,50K-1L,Regular,Verified
U03793,2023-09-09,35-44,Male,Telangana,Warangal,50K-1L,Frequent,Verified
U03794,2022-05-07,35-44,Male,Tamil Nadu,Coimbatore,<25K,New,Verified
U03795,2023-03-01,25-34,Male,Maharashtra,Nashik,25K-50K,New,Verified
U03796,2025-07-25,35-44,Male,Maharashtra,Mumbai,25K-50K,Regular,Verified
U03797,2021-06-04,18-24,Male,Maharashtra,Nagpur,25K-50K,Frequent,Verified
U03798,2020-01-30,45-54,Female,Maharashtra,Nashik,50K-1L,Regular,Verified
U03799,2025-08-13,35-44,Male,Telangana,Hyderabad,25K-50K,Regular,Verified
U03800,2021-05-23,25-34,Male,Delhi,New Delhi,25K-50K,Regular,Verified
U03801,2023-06-14,35-44,Male,Uttar Pradesh,Varanasi,1L-2L,New,Verified
U03802,2024-04-07,18-24,Other,Delhi,New Delhi,<25K,Regular,Verified
U03803,2020-01-16,25-34,Male,Kerala,Kochi,50K-1L,Frequent,Verified
U03804,2022-09-23,18-24,Male,Gujarat,Ahmedabad,50K-1L,Frequent,Verified
U03805,2024-05-26,45-54,Male,West Bengal,Siliguri,25K-50K,New,Verified
U03806,2025-01-13,35-44,Female,Karnataka,Mysuru,50K-1L,Regular,Verified
U03807,2025-07-09,45-54,Male,Uttar Pradesh,Kanpur,50K-1L,Regular,Verified
U03808,2023-06-07,18-24,Male,Uttar Pradesh,Lucknow,25K-50K,New,Verified
U03809,2024-10-09,25-34,Female,Kerala,Kochi,50K-1L,Regular,Verified
U03810,2026-04-29,35-44,Male,Delhi,Delhi,1L-2L,New,Verified
U03811,2022-12-24,18-24,Male,Uttar Pradesh,Noida,2L+,Regular,Verified
U03812,2026-05-01,35-44,Male,Madhya Pradesh,Bhopal,50K-1L,Regular,Verified
U03813,2023-09-23,18-24,Other,Madhya Pradesh,Indore,1L-2L,Regular,Verified
U03814,2021-01-12,25-34,Female,Gujarat,Ahmedabad,<25K,Regular,Verified
U03815,2023-04-13,25-34,Male,Punjab,Amritsar,50K-1L,Regular,Verified
U03816,2021-04-20,35-44,Male,Karnataka,Mangaluru,25K-50K,Regular,Verified
U03817,2023-07-13,18-24,Female,Rajasthan,Jodhpur,<25K,New,Verified
U03818,2020-11-24,25-34,Female,Telangana,Warangal,50K-1L,Regular,Verified
U03819,2025-01-13,25-34,Male,Delhi,Delhi,50K-1L,Frequent,Verified
U03820,2023-04-01,25-34,Male,Telangana,Hyderabad,25K-50K,New,Verified
U03821,2021-03-13,25-34,Male,Rajasthan,Udaipur,50K-1L,Regular,Verified
U03822,2023-10-22,25-34,Male,Delhi,New Delhi,25K-50K,Regular,Verified
U03823,2024-11-08,35-44,Female,Delhi,Delhi,25K-50K,Regular,Verified
U03824,2023-05-07,25-34,Female,Karnataka,Mysuru,25K-50K,Regular,Verified
U03825,2024-03-03,35-44,Female,Telangana,Hyderabad,25K-50K,Regular,Verified
U03826,2025-08-25,35-44,Male,Madhya Pradesh,Indore,25K-50K,New,Verified
U03827,2025-01-18,18-24,Female,Maharashtra,Nashik,50K-1L,Regular,Verified
U03828,2023-08-12,18-24,Other,Telangana,Warangal,<25K,Regular,Verified
U03829,2022-05-17,45-54,Other,West Bengal,Siliguri,<25K,New,Verified
U03830,2024-12-16,18-24,Other,West Bengal,Kolkata,50K-1L,Regular,Verified
U03831,2022-09-10,18-24,Male,Delhi,Delhi,50K-1L,Regular,Verified
U03832,2023-06-16,18-24,Male,Maharashtra,Nashik,25K-50K,Frequent,Verified
U03833,2023-08-17,35-44,Female,Tamil Nadu,Coimbatore,<25K,New,Verified
U03834,2025-08-15,35-44,Female,Rajasthan,Udaipur,25K-50K,Frequent,Verified
U03835,2022-10-15,55+,Female,Gujarat,Ahmedabad,1L-2L,Regular,Verified
U03836,2024-11-24,45-54,Male,Maharashtra,Mumbai,1L-2L,Regular,Verified
U03837,2022-03-17,25-34,Female,Gujarat,Vadodara,50K-1L,New,Verified
U03838,2025-03-08,25-34,Male,Telangana,Hyderabad,<25K,Regular,Verified
U03839,2023-11-10,25-34,Female,Telangana,Hyderabad,50K-1L,Frequent,Pending
U03840,2023-08-11,18-24,Female,Gujarat,Ahmedabad,25K-50K,Regular,Verified
U03841,2023-02-15,18-24,Female,Punjab,Chandigarh,25K-50K,Regular,Pending
U03842,2021-02-08,18-24,Male,Rajasthan,Jaipur,<25K,Regular,Verified
U03843,2024-11-21,18-24,Male,Maharashtra,Nashik,1L-2L,Regular,Verified
U03844,2021-08-16,25-34,Male,Tamil Nadu,Chennai,50K-1L,Regular,Verified
U03845,2020-01-12,25-34,Male,Delhi,New Delhi,50K-1L,Regular,Verified
U03846,2026-01-21,55+,Male,Karnataka,Mysuru,50K-1L,Regular,Verified
U03847,2023-08-10,35-44,Male,Telangana,Warangal,25K-50K,New,Verified
U03848,2024-03-22,55+,Male,West Bengal,Kolkata,25K-50K,Regular,Verified
U03849,2025-10-26,25-34,Male,Rajasthan,Jodhpur,50K-1L,Frequent,Verified
U03850,2021-09-05,25-34,Male,Karnataka,Mysuru,50K-1L,Regular,Pending
U03851,2025-06-09,25-34,Male,Tamil Nadu,Madurai,1L-2L,Regular,Verified
U03852,2022-05-18,25-34,Male,Uttar Pradesh,Noida,25K-50K,Frequent,Verified
U03853,2022-03-22,18-24,Male,Kerala,Kochi,1L-2L,New,Verified
U03854,2024-12-27,55+,Male,Delhi,New Delhi,25K-50K,New,Verified
U03855,2022-02-05,55+,Female,Telangana,Hyderabad,50K-1L,New,Verified
U03856,2020-03-22,18-24,Male,Delhi,Delhi,25K-50K,New,Verified
U03857,2024-10-10,18-24,Female,Punjab,Ludhiana,2L+,New,Verified
U03858,2026-03-06,25-34,Male,Karnataka,Mangaluru,<25K,Regular,Verified
U03859,2021-06-05,25-34,Male,Delhi,Delhi,50K-1L,Regular,Verified
U03860,2023-08-20,25-34,Other,Kerala,Thiruvananthapuram,50K-1L,Regular,Verified
U03861,2022-09-20,18-24,Female,Uttar Pradesh,Lucknow,<25K,Regular,Verified
U03862,2024-03-05,25-34,Female,Karnataka,Mangaluru,<25K,Frequent,Verified
U03863,2024-01-09,25-34,Female,Telangana,Warangal,1L-2L,New,Verified
U03864,2024-02-22,25-34,Female,Maharashtra,Pune,<25K,Regular,Verified
U03865,2022-02-19,18-24,Male,West Bengal,Siliguri,<25K,Regular,Verified
U03866,2023-12-22,25-34,Male,Karnataka,Mangaluru,2L+,Frequent,Verified
U03867,2021-07-12,55+,Male,Madhya Pradesh,Jabalpur,50K-1L,New,Verified
U03868,2025-11-08,25-34,Male,Punjab,Ludhiana,25K-50K,New,Verified
U03869,2025-07-30,45-54,Female,Uttar Pradesh,Varanasi,50K-1L,Regular,Verified
U03870,2024-10-19,45-54,Female,Punjab,Ludhiana,50K-1L,Regular,Verified
U03871,2022-05-09,55+,Female,Karnataka,Mysuru,1L-2L,Regular,Verified
U03872,2024-05-31,45-54,Male,Karnataka,Bengaluru,50K-1L,Regular,Verified
U03873,2021-07-09,35-44,Male,Madhya Pradesh,Bhopal,1L-2L,New,Verified
U03874,2020-06-04,45-54,Male,Telangana,Hyderabad,25K-50K,Frequent,Verified
U03875,2025-08-11,18-24,Female,Punjab,Chandigarh,50K-1L,New,Verified
U03876,2023-10-12,25-34,Female,Karnataka,Mysuru,<25K,New,Verified
U03877,2022-04-04,55+,Male,West Bengal,Kolkata,<25K,New,Verified
U03878,2024-05-11,35-44,Female,Delhi,Delhi,50K-1L,Regular,Verified
U03879,2022-12-17,55+,Male,Telangana,Warangal,<25K,New,Verified
U03880,2023-04-18,35-44,Female,West Bengal,Kolkata,50K-1L,Regular,Verified
U03881,2021-05-07,45-54,Female,Telangana,Warangal,1L-2L,Frequent,Verified
U03882,2021-10-30,35-44,Male,West Bengal,Kolkata,25K-50K,Regular,Verified
U03883,2020-03-15,35-44,Female,Kerala,Kochi,<25K,Regular,Verified
U03884,2021-01-05,25-34,Male,Uttar Pradesh,Noida,50K-1L,New,Verified
U03885,2021-08-09,55+,Male,West Bengal,Siliguri,2L+,Regular,Verified
U03886,2020-11-24,45-54,Male,Gujarat,Vadodara,50K-1L,Regular,Verified
U03887,2021-08-12,45-54,Male,West Bengal,Kolkata,50K-1L,New,Verified
U03888,2024-11-25,35-44,Male,Maharashtra,Mumbai,25K-50K,Regular,Verified
U03889,2022-02-15,25-34,Female,Maharashtra,Mumbai,<25K,New,Verified
U03890,2025-07-15,18-24,Male,Rajasthan,Jodhpur,50K-1L,Frequent,Verified
U03891,2026-06-09,55+,Male,Gujarat,Vadodara,25K-50K,Regular,Verified
U03892,2021-08-01,35-44,Female,Gujarat,Surat,1L-2L,Regular,Verified
U03893,2020-08-08,25-34,Male,Delhi,Delhi,25K-50K,Frequent,Verified
U03894,2023-04-02,18-24,Male,Gujarat,Surat,50K-1L,Frequent,Verified
U03895,2024-02-12,45-54,Male,Delhi,New Delhi,1L-2L,Regular,Verified
U03896,2024-09-03,45-54,Male,Rajasthan,Jodhpur,1L-2L,Regular,Verified
U03897,2024-10-11,45-54,Female,Rajasthan,Jodhpur,50K-1L,Regular,Verified
U03898,2020-07-06,35-44,Male,Uttar Pradesh,Noida,2L+,Regular,Verified
U03899,2023-04-29,25-34,Female,Maharashtra,Nagpur,2L+,Regular,Verified
U03900,2023-01-14,25-34,Female,West Bengal,Kolkata,2L+,Frequent,Verified
U03901,2022-04-23,18-24,Male,West Bengal,Kolkata,1L-2L,New,Verified
U03902,2021-06-14,45-54,Male,Madhya Pradesh,Jabalpur,50K-1L,Regular,Verified
U03903,2022-12-06,18-24,Female,Madhya Pradesh,Jabalpur,50K-1L,Regular,Verified
U03904,2022-08-20,35-44,Male,Tamil Nadu,Madurai,<25K,Frequent,Verified
U03905,2023-03-15,25-34,Other,Telangana,Warangal,25K-50K,New,Verified
U03906,2023-11-06,25-34,Male,Uttar Pradesh,Kanpur,<25K,Regular,Verified
U03907,2021-05-31,55+,Male,Tamil Nadu,Chennai,<25K,Regular,Pending
U03908,2025-03-03,18-24,Male,Tamil Nadu,Chennai,25K-50K,New,Verified
U03909,2024-01-31,35-44,Female,Karnataka,Mangaluru,<25K,Regular,Verified
U03910,2023-01-22,18-24,Female,Karnataka,Mysuru,1L-2L,Regular,Verified
U03911,2020-05-12,18-24,Male,Punjab,Chandigarh,1L-2L,New,Verified
U03912,2020-11-09,25-34,Male,Tamil Nadu,Madurai,<25K,Regular,Verified
U03913,2021-08-13,18-24,Male,Gujarat,Vadodara,25K-50K,Frequent,Verified
U03914,2024-03-23,45-54,Male,Telangana,Warangal,1L-2L,Frequent,Verified
U03915,2026-01-15,25-34,Male,Uttar Pradesh,Noida,1L-2L,Regular,Verified
U03916,2025-02-28,18-24,Female,Tamil Nadu,Coimbatore,2L+,Regular,Verified
U03917,2024-06-14,18-24,Female,Kerala,Thiruvananthapuram,2L+,Regular,Verified
U03918,2022-01-17,35-44,Female,West Bengal,Kolkata,2L+,Frequent,Verified
U03919,2024-02-06,45-54,Male,Telangana,Warangal,25K-50K,Regular,Verified
U03920,2022-03-11,25-34,Female,Karnataka,Mysuru,25K-50K,Regular,Verified
U03921,2024-02-06,35-44,Male,Punjab,Ludhiana,1L-2L,New,Verified
U03922,2023-10-11,45-54,Female,West Bengal,Kolkata,25K-50K,Regular,Verified
U03923,2021-11-10,35-44,Male,Karnataka,Mysuru,1L-2L,New,Verified
U03924,2025-12-01,25-34,Female,Karnataka,Mysuru,50K-1L,Regular,Verified
U03925,2022-06-15,35-44,Male,Telangana,Warangal,1L-2L,Regular,Verified
U03926,2024-03-26,35-44,Female,Karnataka,Mysuru,25K-50K,Regular,Verified
U03927,2024-11-28,35-44,Female,Kerala,Kochi,50K-1L,Regular,Verified
U03928,2025-10-13,35-44,Male,Rajasthan,Jodhpur,50K-1L,Frequent,Verified
U03929,2021-11-14,55+,Female,Punjab,Amritsar,2L+,New,Verified
U03930,2023-07-19,25-34,Male,Maharashtra,Pune,25K-50K,Regular,Verified
U03931,2024-08-12,55+,Male,Rajasthan,Udaipur,2L+,Regular,Verified
U03932,2023-10-17,25-34,Male,Maharashtra,Mumbai,1L-2L,Frequent,Pending
U03933,2026-01-02,35-44,Male,Madhya Pradesh,Indore,50K-1L,New,Verified
U03934,2022-07-31,18-24,Female,Madhya Pradesh,Jabalpur,1L-2L,Regular,Verified
U03935,2023-08-02,25-34,Male,Karnataka,Mysuru,50K-1L,Regular,Verified
U03936,2022-10-30,35-44,Female,Uttar Pradesh,Varanasi,25K-50K,Frequent,Verified
U03937,2026-02-11,35-44,Female,Uttar Pradesh,Lucknow,<25K,New,Verified
U03938,2024-06-08,18-24,Female,Maharashtra,Nagpur,1L-2L,Regular,Verified
U03939,2022-03-19,35-44,Female,West Bengal,Siliguri,50K-1L,New,Verified
U03940,2020-06-19,18-24,Male,Telangana,Hyderabad,25K-50K,New,Verified
U03941,2026-03-10,55+,Male,Karnataka,Mysuru,50K-1L,New,Verified
U03942,2024-04-02,45-54,Female,Telangana,Warangal,25K-50K,Frequent,Pending
U03943,2024-05-14,18-24,Female,Rajasthan,Jaipur,<25K,New,Verified
U03944,2024-06-11,45-54,Female,Uttar Pradesh,Lucknow,50K-1L,Frequent,Verified
U03945,2020-01-27,45-54,Female,Gujarat,Ahmedabad,25K-50K,New,Verified
U03946,2022-10-10,25-34,Male,Punjab,Amritsar,<25K,Frequent,Verified
U03947,2022-12-27,35-44,Female,Rajasthan,Udaipur,25K-50K,Regular,Verified
U03948,2021-02-11,25-34,Female,Punjab,Chandigarh,50K-1L,New,Verified
U03949,2023-02-06,35-44,Male,Kerala,Thiruvananthapuram,<25K,Regular,Verified
U03950,2020-03-14,25-34,Male,Rajasthan,Udaipur,25K-50K,Regular,Verified
U03951,2021-11-10,25-34,Male,Maharashtra,Nashik,25K-50K,Regular,Verified
U03952,2023-10-23,25-34,Male,Kerala,Kochi,<25K,Regular,Verified
U03953,2022-04-28,18-24,Female,Delhi,Delhi,<25K,Regular,Verified
U03954,2022-05-19,45-54,Female,Rajasthan,Jodhpur,<25K,Regular,Verified
U03955,2020-08-24,25-34,Female,Kerala,Kochi,<25K,Frequent,Verified
U03956,2022-06-24,25-34,Female,Karnataka,Bengaluru,1L-2L,Regular,Verified
U03957,2021-09-10,45-54,Male,Punjab,Ludhiana,25K-50K,Frequent,Verified
U03958,2022-10-29,25-34,Male,Tamil Nadu,Madurai,<25K,Frequent,Verified
U03959,2026-02-21,35-44,Female,Tamil Nadu,Madurai,<25K,New,Verified
U03960,2023-08-06,55+,Female,Karnataka,Mangaluru,25K-50K,New,Verified
U03961,2022-04-26,45-54,Female,Delhi,New Delhi,1L-2L,Regular,Verified
U03962,2025-04-07,18-24,Male,Delhi,Delhi,25K-50K,Regular,Verified
U03963,2021-09-25,25-34,Female,Maharashtra,Nashik,<25K,Regular,Verified
U03964,2022-10-14,55+,Female,Uttar Pradesh,Kanpur,25K-50K,Regular,Verified
U03965,2020-01-08,25-34,Male,Telangana,Hyderabad,50K-1L,Regular,Verified
U03966,2023-10-24,25-34,Female,Punjab,Ludhiana,<25K,Regular,Verified
U03967,2022-12-04,25-34,Female,Delhi,Delhi,50K-1L,New,Verified
U03968,2024-11-15,18-24,Female,Gujarat,Surat,25K-50K,Frequent,Verified
U03969,2024-06-30,35-44,Female,Maharashtra,Nagpur,<25K,Regular,Verified
U03970,2023-05-01,35-44,Female,Madhya Pradesh,Bhopal,50K-1L,Regular,Verified
U03971,2022-04-28,55+,Female,West Bengal,Siliguri,50K-1L,Regular,Verified
U03972,2023-10-12,35-44,Male,Madhya Pradesh,Bhopal,50K-1L,New,Verified
U03973,2020-03-02,25-34,Male,Maharashtra,Pune,25K-50K,Regular,Verified
U03974,2022-12-21,18-24,Male,Punjab,Chandigarh,50K-1L,New,Verified
U03975,2024-12-22,55+,Male,Kerala,Thiruvananthapuram,25K-50K,New,Verified
U03976,2021-09-24,25-34,Female,Rajasthan,Udaipur,50K-1L,Regular,Verified
U03977,2022-03-02,25-34,Male,Telangana,Hyderabad,50K-1L,New,Verified
U03978,2023-07-24,45-54,Female,West Bengal,Kolkata,<25K,Regular,Verified
U03979,2023-12-25,35-44,Female,Madhya Pradesh,Indore,50K-1L,Regular,Verified
U03980,2023-02-12,25-34,Female,West Bengal,Kolkata,50K-1L,New,Verified
U03981,2024-09-07,45-54,Female,Gujarat,Vadodara,25K-50K,New,Verified
U03982,2021-06-08,55+,Male,Gujarat,Surat,1L-2L,Frequent,Verified
U03983,2025-07-13,18-24,Female,Kerala,Kochi,1L-2L,New,Verified
U03984,2022-06-17,45-54,Female,Gujarat,Vadodara,<25K,Regular,Verified
U03985,2026-01-19,25-34,Female,Maharashtra,Pune,1L-2L,Regular,Verified
U03986,2022-02-25,25-34,Female,Telangana,Hyderabad,25K-50K,Frequent,Verified
U03987,2023-09-22,45-54,Female,Punjab,Ludhiana,50K-1L,Frequent,Verified
U03988,2020-06-21,55+,Female,Kerala,Thiruvananthapuram,1L-2L,Regular,Verified
U03989,2022-09-26,25-34,Female,Maharashtra,Nashik,50K-1L,New,Verified
U03990,2024-12-15,25-34,Male,Tamil Nadu,Coimbatore,25K-50K,Regular,Verified
U03991,2020-03-04,18-24,Female,Rajasthan,Udaipur,1L-2L,New,Verified
U03992,2023-09-07,35-44,Female,Rajasthan,Jodhpur,25K-50K,New,Verified
U03993,2022-09-01,18-24,Male,Gujarat,Surat,25K-50K,Regular,Verified
U03994,2020-03-06,25-34,Other,Tamil Nadu,Chennai,25K-50K,Regular,Verified
U03995,2025-02-09,18-24,Female,Delhi,New Delhi,1L-2L,New,Verified
U03996,2024-06-10,25-34,Female,Delhi,Delhi,2L+,New,Verified
U03997,2021-04-02,18-24,Male,Punjab,Ludhiana,25K-50K,Frequent,Verified
U03998,2024-05-21,45-54,Female,Gujarat,Vadodara,1L-2L,Frequent,Verified
U03999,2025-05-11,25-34,Male,Madhya Pradesh,Bhopal,25K-50K,Regular,Verified
U04000,2024-10-06,25-34,Female,Maharashtra,Pune,2L+,Regular,Verified
U04001,2023-12-20,45-54,Male,Gujarat,Surat,50K-1L,Frequent,Verified
U04002,2025-05-13,35-44,Other,Uttar Pradesh,Lucknow,<25K,Regular,Verified
U04003,2026-02-03,25-34,Male,West Bengal,Siliguri,<25K,Regular,Verified
U04004,2025-05-08,18-24,Female,Punjab,Ludhiana,<25K,Regular,Verified
U04005,2020-10-06,35-44,Female,Rajasthan,Udaipur,<25K,New,Pending
U04006,2022-11-06,25-34,Female,Delhi,New Delhi,1L-2L,Regular,Pending
U04007,2026-06-01,35-44,Male,Karnataka,Mysuru,25K-50K,Regular,Verified
U04008,2026-02-27,25-34,Male,Delhi,New Delhi,2L+,Regular,Verified
U04009,2022-08-19,25-34,Female,Punjab,Chandigarh,50K-1L,Regular,Verified
U04010,2025-04-26,25-34,Male,Rajasthan,Jaipur,50K-1L,New,Verified
U04011,2023-05-02,35-44,Female,Punjab,Ludhiana,25K-50K,Frequent,Verified
U04012,2021-01-09,45-54,Female,West Bengal,Siliguri,1L-2L,New,Verified
U04013,2025-03-26,18-24,Male,Rajasthan,Udaipur,50K-1L,Regular,Verified
U04014,2020-02-04,25-34,Female,Karnataka,Mysuru,1L-2L,Regular,Verified
U04015,2023-10-24,18-24,Female,Gujarat,Vadodara,2L+,Regular,Pending
U04016,2025-09-07,25-34,Female,Tamil Nadu,Coimbatore,<25K,Regular,Verified
U04017,2022-02-13,45-54,Male,Karnataka,Bengaluru,<25K,Regular,Verified
U04018,2020-08-08,25-34,Male,Rajasthan,Jaipur,1L-2L,Frequent,Verified
U04019,2025-10-01,55+,Male,Rajasthan,Jaipur,1L-2L,Frequent,Verified
U04020,2025-10-24,35-44,Male,Uttar Pradesh,Lucknow,50K-1L,Regular,Verified
U04021,2021-05-08,55+,Male,Kerala,Kochi,25K-50K,Frequent,Verified
U04022,2024-09-07,35-44,Female,Uttar Pradesh,Kanpur,50K-1L,New,Verified
U04023,2025-12-04,18-24,Other,Telangana,Hyderabad,25K-50K,Frequent,Verified
U04024,2020-10-06,25-34,Male,Uttar Pradesh,Varanasi,25K-50K,Frequent,Verified
U04025,2022-01-15,25-34,Male,Maharashtra,Mumbai,25K-50K,Regular,Verified
U04026,2026-05-31,18-24,Male,Tamil Nadu,Coimbatore,25K-50K,Frequent,Pending
U04027,2024-01-14,25-34,Male,West Bengal,Kolkata,25K-50K,Regular,Verified
U04028,2025-01-31,25-34,Female,Karnataka,Mangaluru,2L+,Regular,Verified
U04029,2024-03-21,55+,Female,Rajasthan,Jaipur,1L-2L,Frequent,Verified
U04030,2023-01-01,25-34,Male,Telangana,Hyderabad,2L+,Regular,Verified
U04031,2022-11-25,45-54,Male,Telangana,Warangal,1L-2L,Regular,Verified
U04032,2025-04-06,55+,Male,West Bengal,Siliguri,25K-50K,Regular,Verified
U04033,2025-06-28,45-54,Female,Tamil Nadu,Madurai,1L-2L,Frequent,Verified
U04034,2021-05-11,25-34,Female,Karnataka,Bengaluru,2L+,Regular,Verified
U04035,2026-03-03,25-34,Male,Delhi,New Delhi,2L+,New,Verified
U04036,2020-02-13,25-34,Male,Punjab,Amritsar,50K-1L,Regular,Verified
U04037,2025-01-25,25-34,Male,Uttar Pradesh,Kanpur,25K-50K,Frequent,Verified
U04038,2021-03-29,25-34,Female,Punjab,Amritsar,<25K,Regular,Verified
U04039,2021-08-17,45-54,Male,Punjab,Ludhiana,<25K,Frequent,Verified
U04040,2023-09-18,25-34,Male,Gujarat,Vadodara,2L+,Frequent,Verified
U04041,2021-05-21,25-34,Male,Punjab,Amritsar,25K-50K,Regular,Pending
U04042,2022-03-04,55+,Female,Telangana,Warangal,1L-2L,Regular,Verified
U04043,2020-01-21,18-24,Female,Uttar Pradesh,Noida,25K-50K,Regular,Verified
U04044,2023-10-31,25-34,Male,Uttar Pradesh,Lucknow,50K-1L,Regular,Verified
U04045,2022-12-30,35-44,Female,Maharashtra,Mumbai,<25K,Regular,Verified
U04046,2023-11-28,18-24,Male,Tamil Nadu,Chennai,25K-50K,Frequent,Verified
U04047,2024-05-04,35-44,Male,Gujarat,Vadodara,25K-50K,Frequent,Verified
U04048,2024-12-19,25-34,Male,Punjab,Ludhiana,50K-1L,Regular,Verified
U04049,2023-11-21,45-54,Female,Kerala,Kochi,<25K,Regular,Verified
U04050,2020-12-02,25-34,Female,Delhi,Delhi,1L-2L,Regular,Verified
U04051,2024-07-25,25-34,Male,Rajasthan,Udaipur,25K-50K,Regular,Verified
U04052,2022-06-28,35-44,Male,Maharashtra,Nashik,1L-2L,Regular,Verified
U04053,2020-10-02,25-34,Female,Uttar Pradesh,Lucknow,<25K,Frequent,Pending
U04054,2022-06-10,25-34,Female,Uttar Pradesh,Noida,50K-1L,Regular,Verified
U04055,2020-01-13,25-34,Other,Madhya Pradesh,Indore,25K-50K,Regular,Verified
U04056,2022-10-23,25-34,Female,Gujarat,Vadodara,1L-2L,Regular,Pending
U04057,2022-08-31,25-34,Male,Punjab,Amritsar,25K-50K,New,Verified
U04058,2020-06-23,35-44,Female,Gujarat,Ahmedabad,50K-1L,Regular,Verified
U04059,2023-11-09,35-44,Male,Madhya Pradesh,Bhopal,2L+,New,Verified
U04060,2024-06-13,35-44,Male,Gujarat,Surat,<25K,Frequent,Verified
U04061,2025-04-27,25-34,Male,Uttar Pradesh,Lucknow,<25K,New,Verified
U04062,2026-04-07,18-24,Female,Telangana,Warangal,1L-2L,Regular,Pending
U04063,2021-06-30,35-44,Male,Karnataka,Mysuru,50K-1L,New,Pending
U04064,2025-08-23,45-54,Female,Uttar Pradesh,Noida,25K-50K,Frequent,Verified
U04065,2023-05-03,25-34,Male,Maharashtra,Pune,25K-50K,Regular,Verified
U04066,2023-11-21,25-34,Male,Tamil Nadu,Madurai,<25K,Frequent,Verified
U04067,2023-12-25,25-34,Male,Madhya Pradesh,Bhopal,<25K,Frequent,Verified
U04068,2023-12-04,25-34,Female,Delhi,Delhi,25K-50K,Regular,Verified
U04069,2020-01-03,35-44,Male,Rajasthan,Udaipur,1L-2L,Frequent,Verified
U04070,2025-01-16,18-24,Female,Delhi,New Delhi,25K-50K,New,Verified
U04071,2022-01-16,35-44,Female,Uttar Pradesh,Varanasi,50K-1L,Regular,Verified
U04072,2022-05-21,18-24,Female,Maharashtra,Nagpur,1L-2L,Regular,Verified
U04073,2021-05-09,25-34,Female,Punjab,Ludhiana,25K-50K,Frequent,Verified
U04074,2023-11-15,45-54,Female,Uttar Pradesh,Lucknow,50K-1L,Frequent,Verified
U04075,2021-09-19,25-34,Female,Tamil Nadu,Chennai,1L-2L,Frequent,Verified
U04076,2022-12-11,18-24,Male,Telangana,Hyderabad,25K-50K,New,Verified
U04077,2020-05-21,55+,Female,Kerala,Kochi,25K-50K,Regular,Verified
U04078,2024-01-27,45-54,Male,Rajasthan,Jaipur,2L+,Regular,Verified
U04079,2020-02-15,35-44,Female,Tamil Nadu,Chennai,2L+,New,Pending
U04080,2025-08-19,25-34,Male,Madhya Pradesh,Bhopal,25K-50K,New,Verified
U04081,2021-10-25,25-34,Male,Punjab,Ludhiana,<25K,Regular,Pending
U04082,2021-07-26,55+,Male,Madhya Pradesh,Jabalpur,25K-50K,Frequent,Verified
U04083,2025-07-22,25-34,Male,Uttar Pradesh,Kanpur,25K-50K,Regular,Verified
U04084,2024-04-02,45-54,Female,Maharashtra,Pune,25K-50K,Regular,Verified
U04085,2024-06-09,25-34,Male,Tamil Nadu,Madurai,50K-1L,Regular,Verified
U04086,2022-07-01,25-34,Female,West Bengal,Kolkata,1L-2L,Regular,Pending
U04087,2021-10-01,55+,Male,Punjab,Amritsar,25K-50K,Frequent,Verified
U04088,2022-06-27,25-34,Female,Maharashtra,Nashik,1L-2L,Regular,Verified
U04089,2026-02-03,18-24,Female,Telangana,Warangal,<25K,New,Verified
U04090,2022-05-18,25-34,Female,Punjab,Ludhiana,<25K,Regular,Verified
U04091,2022-10-26,25-34,Male,Madhya Pradesh,Bhopal,50K-1L,Frequent,Pending
U04092,2022-05-02,18-24,Male,Punjab,Ludhiana,<25K,Regular,Verified
U04093,2020-11-02,25-34,Male,Kerala,Kochi,25K-50K,Regular,Verified
U04094,2024-12-21,25-34,Male,Uttar Pradesh,Varanasi,1L-2L,New,Verified
U04095,2021-01-29,35-44,Female,Gujarat,Vadodara,25K-50K,New,Verified
U04096,2026-06-05,25-34,Male,Madhya Pradesh,Bhopal,50K-1L,Frequent,Verified
U04097,2022-01-18,55+,Male,Kerala,Kochi,25K-50K,Regular,Verified
U04098,2026-05-21,25-34,Male,Rajasthan,Jodhpur,<25K,Regular,Verified
U04099,2020-11-25,35-44,Male,Karnataka,Bengaluru,50K-1L,Regular,Verified
U04100,2025-09-28,18-24,Male,Gujarat,Vadodara,1L-2L,Frequent,Verified
U04101,2025-07-24,35-44,Male,Uttar Pradesh,Noida,25K-50K,New,Verified
U04102,2022-02-11,55+,Female,West Bengal,Kolkata,50K-1L,Frequent,Verified
U04103,2024-07-03,45-54,Female,Gujarat,Vadodara,1L-2L,Regular,Verified
U04104,2024-09-28,35-44,Female,Rajasthan,Jaipur,1L-2L,Frequent,Verified
U04105,2021-01-12,25-34,Female,Maharashtra,Pune,<25K,Frequent,Verified
U04106,2024-11-22,45-54,Male,West Bengal,Kolkata,50K-1L,Regular,Pending
U04107,2024-06-11,55+,Other,Madhya Pradesh,Indore,50K-1L,New,Verified
U04108,2022-09-26,55+,Female,West Bengal,Kolkata,50K-1L,New,Pending
U04109,2025-01-22,25-34,Male,Tamil Nadu,Coimbatore,25K-50K,Frequent,Verified
U04110,2024-04-10,55+,Male,Rajasthan,Jodhpur,<25K,New,Verified
U04111,2022-02-12,18-24,Female,Punjab,Chandigarh,50K-1L,Regular,Verified
U04112,2022-12-19,25-34,Female,Kerala,Kochi,25K-50K,New,Verified
U04113,2024-12-08,18-24,Male,Gujarat,Vadodara,50K-1L,Regular,Verified
U04114,2023-01-03,25-34,Male,Tamil Nadu,Chennai,1L-2L,New,Verified
U04115,2025-08-12,35-44,Other,West Bengal,Siliguri,1L-2L,Frequent,Verified
U04116,2024-05-17,45-54,Female,Tamil Nadu,Madurai,25K-50K,Frequent,Verified
U04117,2022-01-17,35-44,Male,Delhi,Delhi,25K-50K,Regular,Verified
U04118,2024-01-11,35-44,Female,Rajasthan,Udaipur,50K-1L,Regular,Verified
U04119,2024-10-30,25-34,Male,Kerala,Kochi,50K-1L,Regular,Pending
U04120,2026-05-11,35-44,Male,Telangana,Hyderabad,2L+,Regular,Verified
U04121,2024-04-02,25-34,Female,Maharashtra,Pune,50K-1L,Regular,Verified
U04122,2024-06-03,45-54,Female,West Bengal,Siliguri,25K-50K,Regular,Verified
U04123,2026-03-12,35-44,Female,Rajasthan,Jodhpur,50K-1L,Regular,Verified
U04124,2024-02-17,35-44,Female,Telangana,Hyderabad,50K-1L,Regular,Verified
U04125,2020-11-24,25-34,Male,Telangana,Hyderabad,50K-1L,Regular,Verified
U04126,2026-04-21,45-54,Female,Uttar Pradesh,Kanpur,50K-1L,Regular,Verified
U04127,2023-11-11,25-34,Male,Kerala,Kochi,<25K,Regular,Verified
U04128,2020-05-05,25-34,Female,Tamil Nadu,Madurai,<25K,Regular,Verified
U04129,2022-02-05,35-44,Male,Telangana,Hyderabad,25K-50K,Regular,Verified
U04130,2024-04-22,25-34,Male,Delhi,Delhi,25K-50K,Regular,Pending
U04131,2023-05-12,45-54,Male,Rajasthan,Jaipur,<25K,Regular,Verified
U04132,2023-04-10,25-34,Male,Karnataka,Bengaluru,1L-2L,Frequent,Verified
U04133,2024-10-24,25-34,Female,Karnataka,Mangaluru,25K-50K,New,Verified
U04134,2020-08-04,45-54,Male,Punjab,Amritsar,1L-2L,Regular,Verified
U04135,2023-09-21,25-34,Female,Punjab,Ludhiana,<25K,Regular,Verified
U04136,2023-08-14,25-34,Female,West Bengal,Kolkata,<25K,Regular,Verified
U04137,2022-04-11,25-34,Female,Punjab,Chandigarh,25K-50K,Regular,Verified
U04138,2020-06-30,25-34,Male,Madhya Pradesh,Bhopal,<25K,Frequent,Verified
U04139,2020-11-29,35-44,Male,Tamil Nadu,Chennai,2L+,Regular,Verified
U04140,2021-05-25,18-24,Male,Madhya Pradesh,Indore,<25K,Frequent,Verified
U04141,2021-01-17,45-54,Female,Telangana,Hyderabad,25K-50K,Frequent,Verified
U04142,2025-03-11,35-44,Female,Rajasthan,Jodhpur,2L+,Regular,Verified
U04143,2020-11-27,25-34,Male,West Bengal,Siliguri,25K-50K,Frequent,Pending
U04144,2023-04-03,35-44,Male,Gujarat,Surat,<25K,Regular,Pending
U04145,2023-06-19,35-44,Female,Telangana,Warangal,25K-50K,Regular,Verified
U04146,2022-06-18,25-34,Male,Tamil Nadu,Chennai,25K-50K,Frequent,Verified
U04147,2021-10-03,25-34,Female,Karnataka,Mangaluru,<25K,Regular,Verified
U04148,2023-06-04,25-34,Female,Kerala,Kochi,25K-50K,New,Verified
U04149,2021-09-25,35-44,Female,Punjab,Amritsar,1L-2L,Regular,Verified
U04150,2020-07-14,35-44,Female,Uttar Pradesh,Kanpur,1L-2L,Regular,Verified
U04151,2025-03-08,25-34,Female,Rajasthan,Jaipur,<25K,New,Pending
U04152,2021-04-02,35-44,Male,Maharashtra,Mumbai,<25K,Frequent,Verified
U04153,2022-04-09,35-44,Male,Kerala,Thiruvananthapuram,25K-50K,Regular,Verified
U04154,2026-04-23,35-44,Male,Madhya Pradesh,Jabalpur,50K-1L,Frequent,Verified
U04155,2025-08-18,45-54,Male,Punjab,Amritsar,25K-50K,New,Pending
U04156,2023-05-09,25-34,Male,West Bengal,Siliguri,1L-2L,Regular,Verified
U04157,2022-06-05,45-54,Female,Madhya Pradesh,Jabalpur,50K-1L,New,Verified
U04158,2021-01-27,35-44,Male,Rajasthan,Jaipur,<25K,Regular,Verified
U04159,2024-08-02,45-54,Male,Madhya Pradesh,Indore,50K-1L,Regular,Verified
U04160,2025-12-21,35-44,Female,Rajasthan,Jaipur,<25K,Frequent,Verified
U04161,2022-07-04,25-34,Female,Madhya Pradesh,Indore,25K-50K,Regular,Verified
U04162,2022-07-23,35-44,Male,Kerala,Thiruvananthapuram,<25K,Regular,Verified
U04163,2020-12-20,25-34,Male,Delhi,Delhi,<25K,Regular,Verified
U04164,2024-03-01,35-44,Female,Kerala,Thiruvananthapuram,50K-1L,New,Verified
U04165,2026-05-26,25-34,Male,Gujarat,Ahmedabad,50K-1L,Regular,Verified
U04166,2021-09-20,45-54,Male,Telangana,Warangal,<25K,New,Verified
U04167,2023-03-16,35-44,Female,Telangana,Warangal,2L+,Frequent,Verified
U04168,2020-11-22,35-44,Male,Tamil Nadu,Coimbatore,25K-50K,Frequent,Verified
U04169,2023-12-09,25-34,Male,Punjab,Ludhiana,<25K,Regular,Verified
U04170,2026-03-07,55+,Male,Kerala,Thiruvananthapuram,<25K,Regular,Verified
U04171,2023-11-22,45-54,Male,Kerala,Thiruvananthapuram,50K-1L,New,Verified
U04172,2023-01-31,45-54,Female,Maharashtra,Nashik,2L+,Regular,Verified
U04173,2024-11-15,25-34,Female,Maharashtra,Nagpur,50K-1L,Frequent,Verified
U04174,2024-03-11,25-34,Female,Tamil Nadu,Madurai,2L+,Frequent,Verified
U04175,2025-03-29,18-24,Male,Uttar Pradesh,Kanpur,25K-50K,Regular,Verified
U04176,2023-05-17,25-34,Male,Telangana,Hyderabad,25K-50K,Regular,Verified
U04177,2025-05-10,18-24,Male,Uttar Pradesh,Noida,50K-1L,Regular,Verified
U04178,2021-01-27,35-44,Female,Punjab,Amritsar,50K-1L,Frequent,Verified
U04179,2022-04-05,35-44,Female,Rajasthan,Jaipur,25K-50K,Frequent,Verified
U04180,2025-03-27,25-34,Male,Rajasthan,Jaipur,1L-2L,Regular,Pending
U04181,2020-02-19,25-34,Male,Karnataka,Mangaluru,<25K,Frequent,Verified
U04182,2023-10-28,45-54,Male,Madhya Pradesh,Jabalpur,25K-50K,Frequent,Verified
U04183,2022-11-16,18-24,Male,Maharashtra,Mumbai,50K-1L,Regular,Verified
U04184,2022-03-10,45-54,Male,Karnataka,Mangaluru,50K-1L,Frequent,Verified
U04185,2024-11-27,18-24,Female,Gujarat,Surat,25K-50K,Regular,Verified
U04186,2023-09-25,18-24,Female,Tamil Nadu,Chennai,25K-50K,Regular,Verified
U04187,2026-06-06,25-34,Male,Tamil Nadu,Chennai,25K-50K,New,Verified
U04188,2024-04-14,35-44,Male,Rajasthan,Udaipur,50K-1L,Regular,Verified
U04189,2026-01-22,25-34,Female,Kerala,Thiruvananthapuram,1L-2L,Frequent,Verified
U04190,2026-06-21,45-54,Male,Telangana,Warangal,50K-1L,Regular,Verified
U04191,2020-01-01,25-34,Male,Uttar Pradesh,Noida,25K-50K,New,Verified
U04192,2022-10-16,18-24,Female,Maharashtra,Pune,2L+,Regular,Verified
U04193,2023-07-08,35-44,Male,Karnataka,Mangaluru,1L-2L,Regular,Verified
U04194,2020-03-03,18-24,Male,Uttar Pradesh,Lucknow,25K-50K,Regular,Verified
U04195,2025-02-12,45-54,Female,Kerala,Kochi,<25K,Regular,Verified
U04196,2026-03-19,18-24,Male,Karnataka,Mysuru,25K-50K,New,Verified
U04197,2020-05-31,25-34,Female,Madhya Pradesh,Jabalpur,25K-50K,Frequent,Verified
U04198,2021-10-05,35-44,Female,Gujarat,Surat,1L-2L,Frequent,Verified
U04199,2021-09-17,55+,Male,Gujarat,Vadodara,1L-2L,Regular,Verified
U04200,2020-08-04,25-34,Female,Uttar Pradesh,Kanpur,1L-2L,Regular,Verified
U04201,2020-07-14,45-54,Female,Uttar Pradesh,Varanasi,25K-50K,Frequent,Verified
U04202,2022-10-11,25-34,Female,Uttar Pradesh,Noida,50K-1L,Regular,Verified
U04203,2024-03-01,45-54,Female,Karnataka,Mangaluru,25K-50K,Regular,Verified
U04204,2024-04-27,35-44,Female,Madhya Pradesh,Indore,<25K,Regular,Verified
U04205,2022-12-16,25-34,Male,Delhi,New Delhi,50K-1L,Regular,Verified
U04206,2024-03-07,25-34,Female,Uttar Pradesh,Kanpur,<25K,Regular,Verified
U04207,2021-12-22,18-24,Male,Telangana,Hyderabad,50K-1L,Frequent,Verified
U04208,2024-05-26,25-34,Male,Punjab,Amritsar,50K-1L,Regular,Verified
U04209,2024-10-25,25-34,Female,Kerala,Thiruvananthapuram,1L-2L,Frequent,Verified
U04210,2024-04-11,35-44,Male,Punjab,Ludhiana,<25K,Regular,Pending
U04211,2021-10-01,55+,Male,Maharashtra,Nagpur,1L-2L,Regular,Verified
U04212,2025-11-23,18-24,Male,Maharashtra,Pune,2L+,Regular,Verified
U04213,2020-06-13,35-44,Female,Kerala,Kochi,1L-2L,Regular,Verified
U04214,2020-08-02,35-44,Male,Karnataka,Mangaluru,1L-2L,Frequent,Verified
U04215,2022-12-30,45-54,Male,Kerala,Kochi,50K-1L,Regular,Verified
U04216,2020-03-30,25-34,Female,Punjab,Ludhiana,25K-50K,Frequent,Verified
U04217,2024-11-30,35-44,Female,Punjab,Amritsar,50K-1L,Regular,Verified
U04218,2023-06-05,25-34,Male,Uttar Pradesh,Noida,50K-1L,Regular,Verified
U04219,2023-01-07,25-34,Female,Rajasthan,Udaipur,50K-1L,Frequent,Verified
U04220,2021-08-30,18-24,Male,Tamil Nadu,Madurai,1L-2L,New,Verified
U04221,2020-12-14,25-34,Female,Delhi,New Delhi,25K-50K,Regular,Verified
U04222,2020-09-02,18-24,Female,Punjab,Ludhiana,<25K,New,Verified
U04223,2020-09-28,35-44,Male,Telangana,Hyderabad,50K-1L,Frequent,Verified
U04224,2025-07-23,25-34,Female,Kerala,Thiruvananthapuram,25K-50K,Regular,Verified
U04225,2021-02-06,25-34,Female,Madhya Pradesh,Indore,25K-50K,Frequent,Verified
U04226,2024-01-05,18-24,Female,Rajasthan,Jaipur,<25K,Frequent,Verified
U04227,2023-04-10,55+,Female,Punjab,Ludhiana,25K-50K,New,Verified
U04228,2022-12-15,45-54,Male,Kerala,Thiruvananthapuram,1L-2L,New,Verified
U04229,2024-06-02,25-34,Male,Gujarat,Surat,50K-1L,Regular,Verified
U04230,2023-01-31,25-34,Female,Rajasthan,Jaipur,<25K,Regular,Verified
U04231,2020-10-10,35-44,Male,Karnataka,Mysuru,25K-50K,New,Verified
U04232,2021-05-31,18-24,Female,Delhi,New Delhi,25K-50K,New,Verified
U04233,2023-07-25,25-34,Male,West Bengal,Kolkata,25K-50K,Regular,Verified
U04234,2021-09-03,25-34,Female,West Bengal,Kolkata,25K-50K,New,Verified
U04235,2022-01-19,45-54,Female,Uttar Pradesh,Noida,2L+,Frequent,Verified
U04236,2023-07-16,45-54,Male,Uttar Pradesh,Noida,<25K,Frequent,Verified
U04237,2025-01-30,35-44,Female,Karnataka,Bengaluru,50K-1L,Frequent,Verified
U04238,2021-02-03,25-34,Female,Madhya Pradesh,Jabalpur,1L-2L,New,Verified
U04239,2024-03-06,55+,Male,Uttar Pradesh,Noida,2L+,New,Verified
U04240,2025-07-17,55+,Male,Tamil Nadu,Coimbatore,<25K,Regular,Verified
U04241,2025-11-03,55+,Male,Punjab,Ludhiana,50K-1L,Frequent,Verified
U04242,2020-11-15,18-24,Male,Delhi,New Delhi,<25K,Regular,Verified
U04243,2022-11-21,18-24,Male,Kerala,Kochi,25K-50K,Regular,Verified
U04244,2020-12-01,35-44,Female,Karnataka,Mysuru,<25K,New,Pending
U04245,2025-09-29,35-44,Female,Maharashtra,Pune,1L-2L,Regular,Verified
U04246,2020-06-22,18-24,Male,Kerala,Kochi,<25K,Regular,Verified
U04247,2024-06-29,18-24,Male,Kerala,Kochi,50K-1L,New,Verified
U04248,2021-05-15,45-54,Male,Gujarat,Vadodara,50K-1L,Regular,Verified
U04249,2025-10-24,45-54,Male,Karnataka,Mangaluru,2L+,Regular,Verified
U04250,2026-06-21,25-34,Female,Karnataka,Mysuru,50K-1L,Regular,Verified
U04251,2025-01-30,45-54,Female,West Bengal,Kolkata,25K-50K,Regular,Verified
U04252,2025-03-11,35-44,Female,Telangana,Hyderabad,25K-50K,Frequent,Pending
U04253,2024-07-21,45-54,Male,Madhya Pradesh,Bhopal,<25K,Regular,Verified
U04254,2024-09-14,25-34,Female,Telangana,Warangal,1L-2L,Regular,Verified
U04255,2024-11-13,18-24,Male,Tamil Nadu,Coimbatore,50K-1L,Frequent,Verified
U04256,2021-11-27,25-34,Male,Maharashtra,Nashik,50K-1L,Frequent,Verified
U04257,2022-01-01,25-34,Male,Kerala,Thiruvananthapuram,<25K,Regular,Verified
U04258,2022-12-30,35-44,Male,West Bengal,Kolkata,1L-2L,New,Verified
U04259,2021-10-13,18-24,Male,Maharashtra,Pune,50K-1L,Frequent,Pending
U04260,2022-12-30,55+,Male,Kerala,Thiruvananthapuram,2L+,New,Verified
U04261,2020-02-15,25-34,Male,Tamil Nadu,Coimbatore,50K-1L,Frequent,Verified
U04262,2022-12-06,25-34,Female,Telangana,Hyderabad,25K-50K,New,Verified
U04263,2023-12-16,25-34,Female,Karnataka,Mysuru,25K-50K,Frequent,Verified
U04264,2026-01-05,25-34,Male,Uttar Pradesh,Varanasi,<25K,Regular,Verified
U04265,2021-03-31,25-34,Other,Uttar Pradesh,Lucknow,50K-1L,Frequent,Verified
U04266,2024-07-20,35-44,Female,Punjab,Ludhiana,50K-1L,Regular,Verified
U04267,2022-08-23,25-34,Female,Rajasthan,Udaipur,25K-50K,Frequent,Verified
U04268,2025-07-13,35-44,Male,Gujarat,Ahmedabad,<25K,New,Verified
U04269,2022-05-18,35-44,Male,Madhya Pradesh,Jabalpur,<25K,Regular,Verified
U04270,2024-03-08,18-24,Female,Tamil Nadu,Coimbatore,1L-2L,New,Verified
U04271,2022-09-27,35-44,Male,Gujarat,Ahmedabad,25K-50K,Frequent,Verified
U04272,2022-02-12,45-54,Male,Punjab,Ludhiana,25K-50K,Regular,Verified
U04273,2026-04-10,18-24,Male,Punjab,Amritsar,25K-50K,Regular,Verified
U04274,2023-01-31,25-34,Female,Madhya Pradesh,Indore,25K-50K,Regular,Verified
U04275,2022-11-26,55+,Female,Kerala,Thiruvananthapuram,50K-1L,Frequent,Verified
U04276,2024-08-04,25-34,Female,Gujarat,Ahmedabad,1L-2L,Regular,Verified
U04277,2024-03-23,25-34,Female,Telangana,Hyderabad,<25K,Regular,Verified
U04278,2021-01-31,55+,Female,Madhya Pradesh,Indore,50K-1L,Regular,Verified
U04279,2026-06-01,25-34,Male,Punjab,Ludhiana,25K-50K,Frequent,Verified
U04280,2020-04-16,18-24,Female,Telangana,Warangal,2L+,New,Verified
U04281,2022-08-11,45-54,Male,Karnataka,Bengaluru,25K-50K,New,Verified
U04282,2025-01-22,45-54,Male,West Bengal,Siliguri,<25K,New,Verified
U04283,2022-07-22,25-34,Female,Telangana,Hyderabad,50K-1L,Regular,Verified
U04284,2020-10-14,25-34,Other,Kerala,Thiruvananthapuram,<25K,Regular,Verified
U04285,2021-12-06,45-54,Male,Uttar Pradesh,Noida,<25K,Regular,Verified
U04286,2025-08-05,35-44,Male,Gujarat,Ahmedabad,50K-1L,Frequent,Pending
U04287,2024-01-24,25-34,Female,Kerala,Kochi,50K-1L,Regular,Verified
U04288,2020-08-02,18-24,Male,Rajasthan,Udaipur,25K-50K,Frequent,Verified
U04289,2023-07-28,25-34,Female,Delhi,New Delhi,50K-1L,Regular,Verified
U04290,2025-05-31,45-54,Male,Punjab,Ludhiana,50K-1L,New,Verified
U04291,2024-01-22,45-54,Female,Madhya Pradesh,Bhopal,50K-1L,Regular,Verified
U04292,2024-12-29,55+,Male,Tamil Nadu,Chennai,50K-1L,Frequent,Pending
U04293,2020-12-09,45-54,Female,Rajasthan,Udaipur,50K-1L,New,Verified
U04294,2020-07-12,35-44,Female,Uttar Pradesh,Noida,<25K,Regular,Verified
U04295,2020-06-06,25-34,Male,Telangana,Warangal,25K-50K,New,Verified
U04296,2021-04-09,35-44,Male,West Bengal,Kolkata,25K-50K,Regular,Verified
U04297,2025-11-21,35-44,Female,Kerala,Thiruvananthapuram,25K-50K,Regular,Verified
U04298,2025-09-12,25-34,Female,Karnataka,Bengaluru,1L-2L,Frequent,Verified
U04299,2024-10-15,18-24,Male,Delhi,New Delhi,25K-50K,Regular,Verified
U04300,2026-06-30,55+,Male,Maharashtra,Mumbai,<25K,Regular,Verified
U04301,2021-08-14,25-34,Female,Rajasthan,Jodhpur,25K-50K,Frequent,Verified
U04302,2025-12-28,25-34,Male,West Bengal,Siliguri,25K-50K,Regular,Verified
U04303,2022-11-20,35-44,Male,Maharashtra,Nagpur,50K-1L,Frequent,Verified
U04304,2022-06-02,35-44,Female,Delhi,New Delhi,25K-50K,Regular,Verified
U04305,2020-03-03,25-34,Male,Tamil Nadu,Madurai,50K-1L,Frequent,Verified
U04306,2023-01-15,45-54,Male,Tamil Nadu,Chennai,25K-50K,Frequent,Verified
U04307,2020-10-30,25-34,Male,Gujarat,Surat,1L-2L,Frequent,Verified
U04308,2022-12-20,25-34,Female,Delhi,New Delhi,2L+,New,Verified
U04309,2021-01-30,25-34,Male,Delhi,Delhi,50K-1L,Regular,Pending
U04310,2020-11-29,35-44,Female,Maharashtra,Mumbai,1L-2L,Regular,Verified
U04311,2021-02-14,55+,Male,West Bengal,Siliguri,50K-1L,Regular,Verified
U04312,2026-05-20,45-54,Female,Kerala,Thiruvananthapuram,2L+,Regular,Verified
U04313,2021-04-10,55+,Male,Madhya Pradesh,Jabalpur,1L-2L,New,Verified
U04314,2020-03-20,18-24,Male,Maharashtra,Nashik,2L+,Regular,Verified
U04315,2023-01-05,18-24,Female,Karnataka,Mangaluru,50K-1L,Regular,Pending
U04316,2025-05-31,35-44,Male,Tamil Nadu,Coimbatore,1L-2L,Frequent,Pending
U04317,2022-01-02,25-34,Male,Tamil Nadu,Coimbatore,50K-1L,Frequent,Verified
U04318,2024-12-22,45-54,Female,Gujarat,Ahmedabad,25K-50K,New,Verified
U04319,2024-04-12,35-44,Male,Kerala,Thiruvananthapuram,25K-50K,Frequent,Pending
U04320,2023-10-16,55+,Male,Karnataka,Bengaluru,1L-2L,New,Verified
U04321,2025-10-25,25-34,Female,Tamil Nadu,Coimbatore,<25K,Regular,Verified
U04322,2023-04-02,25-34,Other,Maharashtra,Pune,50K-1L,New,Verified
U04323,2023-04-13,25-34,Male,Karnataka,Mysuru,25K-50K,Frequent,Verified
U04324,2024-05-30,25-34,Female,Maharashtra,Nashik,25K-50K,Regular,Pending
U04325,2026-04-11,35-44,Male,Madhya Pradesh,Jabalpur,1L-2L,Regular,Verified
U04326,2020-05-01,25-34,Female,Madhya Pradesh,Jabalpur,1L-2L,Regular,Verified
U04327,2020-07-03,25-34,Male,Tamil Nadu,Chennai,50K-1L,New,Verified
U04328,2020-02-01,25-34,Male,Tamil Nadu,Coimbatore,25K-50K,Regular,Verified
U04329,2022-09-24,18-24,Female,West Bengal,Kolkata,25K-50K,Regular,Verified
U04330,2025-06-09,25-34,Male,Madhya Pradesh,Bhopal,25K-50K,New,Verified
U04331,2021-07-22,25-34,Male,Kerala,Kochi,25K-50K,Frequent,Verified
U04332,2026-06-15,18-24,Female,Kerala,Kochi,<25K,Regular,Verified
U04333,2023-10-27,25-34,Male,Rajasthan,Udaipur,50K-1L,Regular,Verified
U04334,2024-08-06,25-34,Male,Rajasthan,Udaipur,25K-50K,New,Verified
U04335,2022-04-09,25-34,Male,Gujarat,Vadodara,50K-1L,New,Verified
U04336,2024-06-07,18-24,Male,Madhya Pradesh,Jabalpur,25K-50K,Regular,Pending
U04337,2022-12-15,25-34,Female,Maharashtra,Mumbai,25K-50K,Regular,Pending
U04338,2022-03-01,35-44,Female,Maharashtra,Nagpur,<25K,Regular,Verified
U04339,2022-09-20,35-44,Male,Uttar Pradesh,Noida,2L+,Regular,Verified
U04340,2020-03-18,45-54,Male,Karnataka,Bengaluru,50K-1L,Regular,Pending
U04341,2020-04-17,25-34,Male,Telangana,Warangal,<25K,Regular,Verified
U04342,2023-07-20,25-34,Female,Rajasthan,Jaipur,50K-1L,Frequent,Verified
U04343,2025-08-24,45-54,Male,Tamil Nadu,Coimbatore,1L-2L,Regular,Verified
U04344,2021-01-04,25-34,Male,Gujarat,Vadodara,1L-2L,Regular,Verified
U04345,2026-03-02,35-44,Female,Kerala,Thiruvananthapuram,50K-1L,Regular,Verified
U04346,2025-06-27,25-34,Female,Telangana,Warangal,<25K,New,Verified
U04347,2024-08-30,25-34,Male,Delhi,New Delhi,50K-1L,New,Verified
U04348,2021-03-16,35-44,Female,Gujarat,Surat,1L-2L,Regular,Pending
U04349,2020-08-14,18-24,Female,Delhi,Delhi,50K-1L,Frequent,Verified
U04350,2021-09-14,25-34,Male,Punjab,Ludhiana,1L-2L,Frequent,Verified
U04351,2022-10-21,25-34,Other,Madhya Pradesh,Bhopal,25K-50K,Regular,Verified
U04352,2024-04-25,25-34,Male,Delhi,New Delhi,25K-50K,Regular,Verified
U04353,2024-07-01,25-34,Male,Delhi,New Delhi,1L-2L,Regular,Verified
U04354,2023-03-30,35-44,Male,Punjab,Amritsar,50K-1L,Regular,Verified
U04355,2020-06-09,45-54,Male,West Bengal,Siliguri,<25K,New,Verified
U04356,2022-05-20,45-54,Female,West Bengal,Siliguri,25K-50K,Regular,Verified
U04357,2024-10-11,25-34,Female,West Bengal,Kolkata,1L-2L,Regular,Verified
U04358,2023-03-20,55+,Female,Madhya Pradesh,Bhopal,<25K,New,Verified
U04359,2021-03-19,35-44,Female,Telangana,Warangal,<25K,New,Verified
U04360,2024-11-25,25-34,Female,Gujarat,Surat,25K-50K,Regular,Verified
U04361,2024-02-03,45-54,Female,Gujarat,Ahmedabad,1L-2L,Regular,Verified
U04362,2021-04-07,35-44,Female,Tamil Nadu,Madurai,1L-2L,Regular,Verified
U04363,2021-04-17,35-44,Female,West Bengal,Siliguri,50K-1L,New,Verified
U04364,2020-03-20,25-34,Male,Madhya Pradesh,Bhopal,50K-1L,New,Verified
U04365,2022-11-28,25-34,Female,Tamil Nadu,Madurai,25K-50K,Regular,Verified
U04366,2020-08-27,45-54,Male,Karnataka,Mangaluru,25K-50K,New,Verified
U04367,2021-07-10,25-34,Female,Tamil Nadu,Chennai,1L-2L,Regular,Verified
U04368,2021-08-12,35-44,Male,Telangana,Warangal,<25K,New,Verified
U04369,2023-09-22,35-44,Male,Rajasthan,Udaipur,25K-50K,Regular,Verified
U04370,2025-02-27,45-54,Male,Delhi,Delhi,50K-1L,Regular,Verified
U04371,2025-05-29,25-34,Male,West Bengal,Siliguri,<25K,Regular,Pending
U04372,2023-07-27,35-44,Male,Punjab,Ludhiana,50K-1L,New,Pending
U04373,2023-02-13,18-24,Female,Rajasthan,Jodhpur,50K-1L,New,Verified
U04374,2026-05-05,35-44,Other,Kerala,Kochi,50K-1L,New,Verified
U04375,2025-04-23,35-44,Male,Tamil Nadu,Madurai,25K-50K,Frequent,Verified
U04376,2020-11-30,18-24,Male,Madhya Pradesh,Indore,25K-50K,Frequent,Verified
U04377,2020-11-07,35-44,Female,Delhi,New Delhi,50K-1L,New,Verified
U04378,2022-12-12,25-34,Male,Gujarat,Ahmedabad,2L+,Regular,Verified
U04379,2020-02-03,18-24,Male,Maharashtra,Nagpur,25K-50K,Regular,Verified
U04380,2025-01-15,25-34,Male,Delhi,New Delhi,2L+,New,Verified
U04381,2021-01-20,25-34,Male,Telangana,Warangal,50K-1L,Regular,Verified
U04382,2020-09-05,25-34,Female,Kerala,Thiruvananthapuram,1L-2L,New,Verified
U04383,2023-02-08,25-34,Female,Telangana,Hyderabad,<25K,Regular,Verified
U04384,2023-12-04,35-44,Female,Tamil Nadu,Madurai,25K-50K,Regular,Verified
U04385,2023-04-17,35-44,Female,Karnataka,Mangaluru,<25K,Regular,Verified
U04386,2022-03-04,35-44,Female,Telangana,Warangal,25K-50K,Frequent,Verified
U04387,2022-05-01,18-24,Female,Telangana,Warangal,2L+,Frequent,Verified
U04388,2021-01-10,55+,Female,Madhya Pradesh,Bhopal,<25K,Frequent,Verified
U04389,2021-12-24,35-44,Male,Tamil Nadu,Madurai,50K-1L,Regular,Verified
U04390,2024-05-29,18-24,Female,Delhi,Delhi,<25K,New,Verified
U04391,2025-03-28,45-54,Male,Karnataka,Mangaluru,50K-1L,Regular,Verified
U04392,2020-07-20,25-34,Male,Rajasthan,Udaipur,<25K,Frequent,Pending
U04393,2025-04-26,35-44,Male,Maharashtra,Pune,<25K,Regular,Verified
U04394,2026-06-02,25-34,Female,West Bengal,Kolkata,25K-50K,Frequent,Verified
U04395,2023-08-24,25-34,Male,Gujarat,Vadodara,1L-2L,New,Verified
U04396,2021-05-07,45-54,Male,Telangana,Warangal,<25K,Regular,Verified
U04397,2020-12-03,25-34,Other,Tamil Nadu,Chennai,25K-50K,New,Pending
U04398,2025-05-22,18-24,Male,West Bengal,Kolkata,<25K,Regular,Verified
U04399,2025-02-08,55+,Male,Gujarat,Vadodara,2L+,Frequent,Verified
U04400,2022-03-02,55+,Male,Gujarat,Ahmedabad,50K-1L,Regular,Verified
U04401,2024-02-25,35-44,Female,Rajasthan,Jodhpur,50K-1L,Frequent,Verified
U04402,2025-07-15,25-34,Female,Rajasthan,Jaipur,50K-1L,Regular,Verified
U04403,2026-06-22,18-24,Male,Rajasthan,Jodhpur,<25K,Regular,Pending
U04404,2022-07-30,45-54,Female,Punjab,Chandigarh,50K-1L,Frequent,Verified
U04405,2025-10-23,18-24,Female,Uttar Pradesh,Kanpur,<25K,New,Verified
U04406,2020-02-28,18-24,Male,Uttar Pradesh,Noida,25K-50K,Frequent,Verified
U04407,2025-08-24,25-34,Female,Gujarat,Ahmedabad,50K-1L,New,Verified
U04408,2023-06-08,18-24,Male,Rajasthan,Udaipur,50K-1L,Regular,Verified
U04409,2026-02-24,18-24,Male,Madhya Pradesh,Indore,<25K,Regular,Verified
U04410,2023-10-09,25-34,Female,Telangana,Hyderabad,<25K,Frequent,Verified
U04411,2020-02-04,18-24,Female,West Bengal,Kolkata,1L-2L,Regular,Pending
U04412,2020-06-10,18-24,Female,West Bengal,Siliguri,50K-1L,Regular,Verified
U04413,2022-06-13,18-24,Female,Uttar Pradesh,Lucknow,<25K,Frequent,Verified
U04414,2021-04-15,25-34,Female,Gujarat,Surat,<25K,Regular,Pending
U04415,2023-12-17,35-44,Female,Tamil Nadu,Madurai,1L-2L,Frequent,Pending
U04416,2020-12-13,45-54,Female,Delhi,New Delhi,1L-2L,Regular,Verified
U04417,2021-11-24,25-34,Female,Delhi,Delhi,2L+,New,Verified
U04418,2022-07-23,25-34,Male,Uttar Pradesh,Lucknow,25K-50K,Regular,Verified
U04419,2022-07-01,18-24,Male,Tamil Nadu,Madurai,25K-50K,New,Verified
U04420,2020-05-26,18-24,Male,Punjab,Chandigarh,25K-50K,New,Verified
U04421,2024-09-07,25-34,Male,Punjab,Ludhiana,50K-1L,Regular,Verified
U04422,2021-11-05,35-44,Female,Uttar Pradesh,Kanpur,<25K,New,Verified
U04423,2023-12-10,35-44,Male,Delhi,Delhi,<25K,Regular,Verified
U04424,2024-02-26,35-44,Female,Tamil Nadu,Coimbatore,<25K,Regular,Verified
U04425,2023-07-03,25-34,Female,Rajasthan,Jaipur,50K-1L,Regular,Verified
U04426,2021-11-16,18-24,Male,Gujarat,Surat,25K-50K,Regular,Verified
U04427,2023-01-31,45-54,Female,West Bengal,Siliguri,50K-1L,Frequent,Verified
U04428,2020-04-30,25-34,Female,Madhya Pradesh,Indore,1L-2L,New,Verified
U04429,2020-02-11,35-44,Male,Karnataka,Mangaluru,50K-1L,Regular,Verified
U04430,2020-01-29,25-34,Male,Gujarat,Ahmedabad,25K-50K,Regular,Pending
U04431,2022-08-23,35-44,Female,Rajasthan,Udaipur,2L+,Regular,Verified
U04432,2025-03-30,45-54,Female,Kerala,Thiruvananthapuram,25K-50K,Regular,Verified
U04433,2025-06-23,55+,Male,Delhi,New Delhi,<25K,Frequent,Verified
U04434,2025-08-23,25-34,Male,Rajasthan,Jaipur,2L+,Frequent,Verified
U04435,2022-07-08,25-34,Female,Kerala,Thiruvananthapuram,<25K,Regular,Verified
U04436,2022-03-28,25-34,Male,Uttar Pradesh,Noida,50K-1L,New,Verified
U04437,2024-02-17,55+,Male,Tamil Nadu,Chennai,25K-50K,Regular,Verified
U04438,2023-04-27,25-34,Female,West Bengal,Siliguri,50K-1L,Frequent,Verified
U04439,2022-05-21,18-24,Male,Telangana,Warangal,50K-1L,Regular,Verified
U04440,2020-10-21,25-34,Male,Uttar Pradesh,Noida,25K-50K,Frequent,Verified
U04441,2022-05-13,18-24,Female,Gujarat,Surat,50K-1L,Regular,Verified
U04442,2022-11-03,25-34,Male,Uttar Pradesh,Noida,1L-2L,Frequent,Verified
U04443,2021-08-17,35-44,Female,Gujarat,Surat,25K-50K,Frequent,Verified
U04444,2023-03-28,25-34,Male,Telangana,Hyderabad,25K-50K,Regular,Verified
U04445,2024-02-26,18-24,Male,Maharashtra,Mumbai,25K-50K,New,Verified
U04446,2023-09-14,55+,Female,Kerala,Thiruvananthapuram,1L-2L,Regular,Verified
U04447,2021-09-05,35-44,Male,West Bengal,Siliguri,50K-1L,Frequent,Pending
U04448,2025-02-15,45-54,Male,Madhya Pradesh,Bhopal,1L-2L,Frequent,Verified
U04449,2024-05-22,25-34,Female,Madhya Pradesh,Indore,<25K,New,Verified
U04450,2024-05-02,35-44,Female,Kerala,Kochi,<25K,Regular,Verified
U04451,2024-05-11,25-34,Female,Karnataka,Mysuru,<25K,Frequent,Verified
U04452,2023-03-01,25-34,Male,Rajasthan,Jaipur,<25K,Regular,Verified
U04453,2021-04-09,18-24,Male,Maharashtra,Pune,50K-1L,Frequent,Verified
U04454,2024-01-19,25-34,Male,Kerala,Thiruvananthapuram,2L+,Frequent,Verified
U04455,2023-07-14,18-24,Female,Madhya Pradesh,Bhopal,25K-50K,Frequent,Verified
U04456,2026-04-12,55+,Male,Uttar Pradesh,Noida,2L+,New,Verified
U04457,2021-07-21,18-24,Female,Rajasthan,Udaipur,<25K,New,Verified
U04458,2020-02-07,25-34,Female,Maharashtra,Pune,2L+,New,Verified
U04459,2020-09-01,25-34,Male,Tamil Nadu,Coimbatore,<25K,Frequent,Verified
U04460,2020-01-21,25-34,Male,Tamil Nadu,Madurai,1L-2L,Regular,Verified
U04461,2023-02-07,35-44,Male,Rajasthan,Jodhpur,<25K,New,Verified
U04462,2024-06-17,18-24,Male,Kerala,Thiruvananthapuram,2L+,Regular,Verified
U04463,2021-01-28,45-54,Male,Gujarat,Surat,25K-50K,Regular,Verified
U04464,2023-12-04,25-34,Male,Gujarat,Vadodara,25K-50K,Frequent,Verified
U04465,2022-09-13,35-44,Female,Uttar Pradesh,Kanpur,25K-50K,Regular,Verified
U04466,2024-07-29,35-44,Other,Maharashtra,Nashik,25K-50K,Regular,Verified
U04467,2025-08-17,45-54,Male,Maharashtra,Nagpur,50K-1L,New,Verified
U04468,2025-03-25,45-54,Male,Rajasthan,Udaipur,2L+,Frequent,Verified
U04469,2020-10-16,35-44,Female,Delhi,New Delhi,50K-1L,New,Verified
U04470,2024-11-21,25-34,Male,Tamil Nadu,Chennai,50K-1L,Regular,Verified
U04471,2022-06-30,25-34,Male,Maharashtra,Mumbai,<25K,New,Verified
U04472,2020-12-26,35-44,Female,Rajasthan,Jaipur,50K-1L,New,Verified
U04473,2024-06-10,45-54,Male,Telangana,Warangal,25K-50K,New,Verified
U04474,2020-08-06,18-24,Male,Karnataka,Bengaluru,1L-2L,Regular,Pending
U04475,2025-07-08,25-34,Female,Telangana,Hyderabad,25K-50K,Regular,Pending
U04476,2025-08-02,35-44,Female,West Bengal,Kolkata,50K-1L,New,Pending
U04477,2025-08-06,25-34,Male,Kerala,Kochi,25K-50K,Regular,Verified
U04478,2022-04-11,25-34,Female,Uttar Pradesh,Kanpur,25K-50K,Frequent,Verified
U04479,2024-11-28,25-34,Male,Maharashtra,Nashik,25K-50K,New,Verified
U04480,2024-11-26,35-44,Male,West Bengal,Siliguri,25K-50K,New,Verified
U04481,2023-05-28,55+,Female,Madhya Pradesh,Indore,25K-50K,Regular,Pending
U04482,2021-08-17,25-34,Male,West Bengal,Kolkata,<25K,Frequent,Verified
U04483,2025-11-24,25-34,Male,Rajasthan,Udaipur,1L-2L,Regular,Verified
U04484,2021-08-03,18-24,Male,Maharashtra,Nagpur,<25K,Frequent,Verified
U04485,2024-10-13,18-24,Male,Karnataka,Mysuru,1L-2L,Regular,Verified
U04486,2025-08-17,35-44,Male,Kerala,Thiruvananthapuram,<25K,Regular,Verified
U04487,2026-02-14,35-44,Female,Rajasthan,Jodhpur,<25K,New,Verified
U04488,2020-03-21,25-34,Female,Rajasthan,Udaipur,50K-1L,Regular,Verified
U04489,2025-11-25,35-44,Female,Uttar Pradesh,Kanpur,50K-1L,New,Verified
U04490,2023-09-06,35-44,Female,Uttar Pradesh,Kanpur,25K-50K,Regular,Pending
U04491,2024-05-21,25-34,Male,Tamil Nadu,Coimbatore,50K-1L,New,Verified
U04492,2020-12-11,25-34,Male,Tamil Nadu,Madurai,25K-50K,Regular,Verified
U04493,2025-03-01,55+,Male,Gujarat,Surat,50K-1L,Frequent,Verified
U04494,2021-07-08,25-34,Female,Delhi,New Delhi,50K-1L,Regular,Verified
U04495,2020-10-28,35-44,Female,Maharashtra,Nashik,25K-50K,New,Verified
U04496,2020-07-18,25-34,Male,Maharashtra,Nashik,1L-2L,Regular,Verified
U04497,2022-11-28,45-54,Female,Punjab,Ludhiana,50K-1L,Regular,Verified
U04498,2020-11-02,35-44,Male,West Bengal,Kolkata,25K-50K,New,Verified
U04499,2024-07-14,35-44,Female,Maharashtra,Nagpur,1L-2L,Regular,Verified
U04500,2025-02-14,45-54,Male,Maharashtra,Pune,2L+,Regular,Verified
U04501,2026-02-04,55+,Male,Delhi,New Delhi,50K-1L,Regular,Verified
U04502,2025-01-20,35-44,Male,Madhya Pradesh,Indore,25K-50K,Frequent,Verified
U04503,2024-10-30,25-34,Female,Tamil Nadu,Chennai,1L-2L,New,Verified
U04504,2020-10-02,25-34,Male,Tamil Nadu,Madurai,<25K,New,Verified
U04505,2023-03-21,35-44,Male,Karnataka,Mangaluru,<25K,Regular,Verified
U04506,2023-11-02,35-44,Male,Maharashtra,Mumbai,25K-50K,Frequent,Verified
U04507,2021-09-29,18-24,Female,Delhi,Delhi,50K-1L,Regular,Verified
U04508,2024-11-10,18-24,Female,Kerala,Thiruvananthapuram,2L+,New,Verified
U04509,2022-07-18,35-44,Female,Tamil Nadu,Chennai,50K-1L,Regular,Pending
U04510,2025-02-23,25-34,Female,Delhi,New Delhi,2L+,Regular,Pending
U04511,2020-07-01,25-34,Male,Telangana,Hyderabad,<25K,Regular,Verified
U04512,2025-01-18,35-44,Female,Madhya Pradesh,Jabalpur,<25K,Regular,Verified
U04513,2020-03-12,35-44,Female,Maharashtra,Mumbai,50K-1L,Frequent,Verified
U04514,2024-08-03,18-24,Male,Karnataka,Mysuru,2L+,New,Verified
U04515,2023-07-19,25-34,Male,West Bengal,Siliguri,50K-1L,Regular,Verified
U04516,2026-05-05,25-34,Male,Tamil Nadu,Chennai,<25K,Regular,Verified
U04517,2022-11-09,25-34,Male,Telangana,Hyderabad,25K-50K,Frequent,Verified
U04518,2022-03-25,35-44,Female,Kerala,Thiruvananthapuram,25K-50K,Regular,Pending
U04519,2024-03-06,25-34,Male,Delhi,New Delhi,25K-50K,Regular,Verified
U04520,2026-01-03,25-34,Female,Uttar Pradesh,Lucknow,<25K,Regular,Verified
U04521,2020-11-05,18-24,Female,Rajasthan,Jodhpur,1L-2L,Regular,Verified
U04522,2025-08-23,18-24,Female,Maharashtra,Pune,50K-1L,Frequent,Verified
U04523,2020-05-11,55+,Female,Maharashtra,Nashik,50K-1L,Frequent,Pending
U04524,2025-02-20,25-34,Female,Telangana,Hyderabad,<25K,Regular,Verified
U04525,2022-01-09,45-54,Female,Delhi,New Delhi,<25K,Regular,Verified
U04526,2022-03-05,45-54,Male,Gujarat,Surat,50K-1L,Frequent,Verified
U04527,2026-04-29,25-34,Male,Maharashtra,Pune,1L-2L,New,Verified
U04528,2020-09-14,35-44,Male,Gujarat,Ahmedabad,50K-1L,New,Verified
U04529,2023-06-11,25-34,Male,Kerala,Kochi,1L-2L,Regular,Verified
U04530,2025-01-25,35-44,Female,Uttar Pradesh,Varanasi,1L-2L,Regular,Verified
U04531,2022-09-01,25-34,Female,Telangana,Warangal,<25K,Frequent,Verified
U04532,2022-11-13,45-54,Female,Delhi,New Delhi,25K-50K,Regular,Verified
U04533,2020-09-27,18-24,Female,Delhi,Delhi,50K-1L,Regular,Verified
U04534,2023-01-23,35-44,Male,Punjab,Chandigarh,25K-50K,Regular,Verified
U04535,2020-05-21,18-24,Male,Kerala,Thiruvananthapuram,25K-50K,Frequent,Verified
U04536,2022-06-20,45-54,Female,Kerala,Kochi,25K-50K,Regular,Pending
U04537,2020-09-30,25-34,Female,Madhya Pradesh,Jabalpur,25K-50K,New,Verified
U04538,2026-05-12,35-44,Female,Rajasthan,Udaipur,1L-2L,Frequent,Verified
U04539,2021-04-09,25-34,Female,Tamil Nadu,Chennai,<25K,Regular,Pending
U04540,2023-05-16,25-34,Female,Tamil Nadu,Madurai,25K-50K,New,Pending
U04541,2023-08-12,35-44,Male,Punjab,Amritsar,50K-1L,Regular,Verified
U04542,2020-10-14,55+,Female,West Bengal,Siliguri,50K-1L,New,Verified
U04543,2022-05-25,18-24,Male,Karnataka,Mangaluru,50K-1L,Frequent,Verified
U04544,2025-06-15,45-54,Female,Telangana,Warangal,2L+,Regular,Verified
U04545,2026-02-05,35-44,Female,Uttar Pradesh,Noida,1L-2L,Frequent,Verified
U04546,2023-01-25,45-54,Male,Delhi,New Delhi,50K-1L,Regular,Verified
U04547,2023-04-29,25-34,Male,Rajasthan,Jodhpur,25K-50K,Frequent,Verified
U04548,2021-03-22,25-34,Female,Gujarat,Surat,25K-50K,New,Verified
U04549,2021-12-22,45-54,Male,Telangana,Hyderabad,50K-1L,New,Verified
U04550,2025-12-03,25-34,Female,West Bengal,Kolkata,1L-2L,New,Verified
U04551,2023-09-13,25-34,Female,Telangana,Warangal,2L+,Regular,Verified
U04552,2021-02-10,18-24,Male,West Bengal,Siliguri,50K-1L,New,Verified
U04553,2024-09-21,18-24,Male,Delhi,Delhi,50K-1L,Regular,Verified
U04554,2021-11-24,35-44,Female,Karnataka,Bengaluru,<25K,Regular,Verified
U04555,2021-05-09,35-44,Female,West Bengal,Siliguri,<25K,Regular,Verified
U04556,2022-08-05,35-44,Male,Delhi,New Delhi,<25K,Regular,Verified
U04557,2020-01-23,18-24,Female,Delhi,New Delhi,<25K,New,Verified
U04558,2023-02-02,25-34,Female,Karnataka,Mangaluru,25K-50K,Frequent,Verified
U04559,2024-08-25,25-34,Male,Tamil Nadu,Coimbatore,25K-50K,Regular,Verified
U04560,2021-07-11,25-34,Male,Telangana,Warangal,50K-1L,Frequent,Verified
U04561,2024-06-04,45-54,Female,Punjab,Amritsar,50K-1L,Regular,Pending
U04562,2022-07-29,35-44,Male,Maharashtra,Mumbai,50K-1L,Frequent,Pending
U04563,2023-05-30,18-24,Male,Maharashtra,Pune,25K-50K,Regular,Verified
U04564,2024-07-14,45-54,Female,Punjab,Chandigarh,25K-50K,Frequent,Verified
U04565,2020-03-18,25-34,Male,Gujarat,Ahmedabad,2L+,New,Verified
U04566,2023-09-07,35-44,Male,Kerala,Kochi,<25K,Regular,Verified
U04567,2022-03-17,18-24,Female,Gujarat,Ahmedabad,2L+,Frequent,Verified
U04568,2022-11-07,35-44,Female,Kerala,Kochi,25K-50K,New,Verified
U04569,2022-02-06,25-34,Male,Punjab,Chandigarh,50K-1L,Regular,Verified
U04570,2021-03-29,25-34,Male,Maharashtra,Pune,<25K,Frequent,Verified
U04571,2026-05-13,18-24,Female,Uttar Pradesh,Kanpur,<25K,Regular,Verified
U04572,2023-12-18,18-24,Male,Maharashtra,Pune,25K-50K,New,Verified
U04573,2024-02-08,18-24,Male,Gujarat,Vadodara,50K-1L,Regular,Verified
U04574,2022-11-16,25-34,Male,Rajasthan,Jaipur,25K-50K,New,Verified
U04575,2025-03-03,18-24,Male,Punjab,Ludhiana,50K-1L,Frequent,Verified
U04576,2020-12-28,35-44,Female,Gujarat,Vadodara,25K-50K,New,Pending
U04577,2021-06-08,18-24,Female,Uttar Pradesh,Kanpur,25K-50K,New,Verified
U04578,2023-05-02,35-44,Male,Telangana,Warangal,1L-2L,Regular,Verified
U04579,2024-01-25,18-24,Female,Kerala,Thiruvananthapuram,1L-2L,Regular,Verified
U04580,2025-10-04,55+,Male,Maharashtra,Nashik,50K-1L,Frequent,Verified
U04581,2023-06-07,55+,Female,Karnataka,Mangaluru,25K-50K,New,Verified
U04582,2025-01-29,25-34,Female,Rajasthan,Jodhpur,<25K,New,Verified
U04583,2021-12-22,35-44,Male,Delhi,Delhi,2L+,Regular,Verified
U04584,2025-06-06,18-24,Male,Uttar Pradesh,Noida,25K-50K,Frequent,Verified
U04585,2023-04-22,55+,Male,Gujarat,Surat,1L-2L,Regular,Verified
U04586,2023-12-19,25-34,Male,Kerala,Thiruvananthapuram,25K-50K,Regular,Verified
U04587,2023-10-30,18-24,Female,Karnataka,Mangaluru,2L+,Regular,Verified
U04588,2025-09-19,25-34,Female,West Bengal,Siliguri,25K-50K,Regular,Verified
U04589,2024-02-16,18-24,Male,Tamil Nadu,Chennai,25K-50K,Regular,Verified
U04590,2022-09-30,25-34,Female,Maharashtra,Mumbai,50K-1L,Regular,Verified
U04591,2026-04-26,35-44,Male,Tamil Nadu,Chennai,2L+,Frequent,Verified
U04592,2022-07-14,25-34,Male,Uttar Pradesh,Kanpur,2L+,Frequent,Verified
U04593,2022-05-05,25-34,Female,West Bengal,Kolkata,50K-1L,Frequent,Verified
U04594,2020-03-24,18-24,Male,West Bengal,Kolkata,1L-2L,Regular,Verified
U04595,2025-09-24,25-34,Female,West Bengal,Kolkata,50K-1L,Regular,Verified
U04596,2024-03-22,18-24,Male,Delhi,New Delhi,1L-2L,New,Verified
U04597,2022-09-12,45-54,Female,Uttar Pradesh,Noida,1L-2L,Regular,Pending
U04598,2025-02-11,18-24,Female,Telangana,Warangal,25K-50K,Regular,Verified
U04599,2020-05-15,35-44,Male,Tamil Nadu,Madurai,50K-1L,Frequent,Pending
U04600,2023-04-21,25-34,Male,Telangana,Hyderabad,50K-1L,New,Verified
U04601,2024-09-28,25-34,Male,Karnataka,Mangaluru,50K-1L,Frequent,Verified
U04602,2023-04-10,35-44,Male,Madhya Pradesh,Bhopal,1L-2L,Regular,Verified
U04603,2022-06-27,25-34,Male,Rajasthan,Udaipur,25K-50K,Regular,Verified
U04604,2021-08-12,25-34,Female,Rajasthan,Jaipur,25K-50K,Regular,Verified
U04605,2025-05-05,35-44,Male,Telangana,Hyderabad,25K-50K,Frequent,Verified
U04606,2022-08-13,25-34,Male,Madhya Pradesh,Jabalpur,25K-50K,Frequent,Verified
U04607,2023-02-17,25-34,Female,Madhya Pradesh,Jabalpur,25K-50K,Regular,Verified
U04608,2023-08-24,35-44,Male,Maharashtra,Nagpur,1L-2L,New,Verified
U04609,2024-04-02,35-44,Male,Karnataka,Bengaluru,50K-1L,Frequent,Verified
U04610,2026-05-31,18-24,Female,Uttar Pradesh,Noida,1L-2L,Regular,Verified
U04611,2024-12-11,25-34,Male,Madhya Pradesh,Indore,<25K,Regular,Verified
U04612,2025-10-01,18-24,Female,Gujarat,Vadodara,1L-2L,New,Verified
U04613,2022-03-16,25-34,Female,Punjab,Chandigarh,50K-1L,New,Verified
U04614,2023-12-26,35-44,Female,Rajasthan,Udaipur,<25K,New,Verified
U04615,2020-02-21,45-54,Male,Gujarat,Vadodara,50K-1L,Frequent,Verified
U04616,2020-03-12,45-54,Female,Karnataka,Bengaluru,2L+,New,Verified
U04617,2020-01-28,18-24,Male,Madhya Pradesh,Indore,<25K,New,Pending
U04618,2021-04-13,25-34,Male,Tamil Nadu,Coimbatore,50K-1L,Regular,Verified
U04619,2022-02-02,35-44,Male,Rajasthan,Jaipur,1L-2L,Regular,Verified
U04620,2023-11-25,18-24,Female,Maharashtra,Nashik,<25K,New,Verified
U04621,2026-02-26,35-44,Male,Kerala,Kochi,50K-1L,New,Verified
U04622,2022-03-30,35-44,Male,Maharashtra,Mumbai,25K-50K,New,Verified
U04623,2024-01-29,45-54,Male,Punjab,Ludhiana,25K-50K,Regular,Verified
U04624,2024-08-02,18-24,Male,West Bengal,Siliguri,50K-1L,New,Verified
U04625,2021-07-13,25-34,Male,Kerala,Kochi,<25K,Regular,Verified
U04626,2021-01-13,45-54,Male,Delhi,New Delhi,1L-2L,New,Verified
U04627,2025-04-02,35-44,Female,Madhya Pradesh,Bhopal,<25K,New,Verified
U04628,2022-12-11,45-54,Male,Karnataka,Mysuru,25K-50K,Regular,Verified
U04629,2020-03-19,18-24,Female,Rajasthan,Jaipur,50K-1L,New,Verified
U04630,2023-11-09,35-44,Female,Delhi,Delhi,25K-50K,New,Verified
U04631,2022-04-13,35-44,Male,Karnataka,Bengaluru,25K-50K,Regular,Verified
U04632,2022-10-28,18-24,Male,Punjab,Amritsar,1L-2L,Regular,Verified
U04633,2025-09-03,25-34,Male,Telangana,Warangal,2L+,Regular,Verified
U04634,2021-03-25,35-44,Male,Madhya Pradesh,Indore,1L-2L,New,Verified
U04635,2025-06-15,25-34,Male,Uttar Pradesh,Lucknow,50K-1L,Frequent,Verified
U04636,2024-01-24,25-34,Female,Uttar Pradesh,Kanpur,1L-2L,Frequent,Verified
U04637,2026-02-23,35-44,Male,Madhya Pradesh,Indore,2L+,Frequent,Verified
U04638,2024-10-08,25-34,Female,Kerala,Kochi,25K-50K,Regular,Verified
U04639,2025-05-24,45-54,Female,West Bengal,Kolkata,25K-50K,Frequent,Verified
U04640,2024-03-30,25-34,Male,West Bengal,Kolkata,<25K,New,Verified
U04641,2021-11-20,25-34,Female,Kerala,Kochi,25K-50K,New,Verified
U04642,2025-06-13,55+,Female,Uttar Pradesh,Kanpur,2L+,New,Verified
U04643,2023-11-02,45-54,Male,Tamil Nadu,Chennai,50K-1L,Frequent,Verified
U04644,2021-08-09,18-24,Female,Kerala,Kochi,50K-1L,Regular,Pending
U04645,2025-11-21,35-44,Female,Rajasthan,Jodhpur,<25K,Frequent,Verified
U04646,2025-01-03,18-24,Female,Uttar Pradesh,Kanpur,<25K,Regular,Verified
U04647,2025-06-08,18-24,Female,Tamil Nadu,Coimbatore,25K-50K,Frequent,Pending
U04648,2021-09-18,25-34,Female,Punjab,Ludhiana,2L+,Frequent,Verified
U04649,2025-07-24,25-34,Male,Delhi,Delhi,25K-50K,Frequent,Verified
U04650,2020-12-29,45-54,Female,Tamil Nadu,Coimbatore,1L-2L,Regular,Verified
U04651,2025-12-22,35-44,Male,Delhi,New Delhi,<25K,Frequent,Verified
U04652,2021-01-08,55+,Female,Karnataka,Bengaluru,50K-1L,Frequent,Verified
U04653,2025-09-17,35-44,Male,Gujarat,Ahmedabad,50K-1L,Regular,Verified
U04654,2025-06-10,25-34,Male,Karnataka,Mangaluru,1L-2L,Regular,Verified
U04655,2025-09-25,35-44,Male,Uttar Pradesh,Noida,<25K,Regular,Verified
U04656,2025-09-14,55+,Male,Delhi,New Delhi,<25K,Regular,Verified
U04657,2025-11-12,35-44,Male,Uttar Pradesh,Varanasi,25K-50K,Frequent,Verified
U04658,2023-10-16,35-44,Female,Kerala,Kochi,2L+,New,Verified
U04659,2024-03-28,55+,Male,Madhya Pradesh,Jabalpur,<25K,Regular,Verified
U04660,2023-03-15,18-24,Male,Rajasthan,Jaipur,<25K,New,Verified
U04661,2025-04-24,35-44,Female,Maharashtra,Nashik,50K-1L,Regular,Verified
U04662,2021-01-02,45-54,Female,Uttar Pradesh,Varanasi,50K-1L,Regular,Verified
U04663,2020-03-05,55+,Female,Rajasthan,Udaipur,1L-2L,Frequent,Verified
U04664,2022-01-23,25-34,Male,Kerala,Kochi,2L+,New,Verified
U04665,2024-03-23,25-34,Female,Tamil Nadu,Coimbatore,50K-1L,Frequent,Verified
U04666,2025-07-28,35-44,Female,Kerala,Thiruvananthapuram,2L+,Frequent,Verified
U04667,2025-02-19,25-34,Female,Punjab,Amritsar,50K-1L,Regular,Verified
U04668,2024-04-27,35-44,Male,Karnataka,Bengaluru,25K-50K,New,Verified
U04669,2022-01-25,25-34,Female,Tamil Nadu,Chennai,2L+,New,Verified
U04670,2026-02-06,25-34,Female,Maharashtra,Pune,50K-1L,Regular,Verified
U04671,2024-03-04,25-34,Male,Delhi,New Delhi,25K-50K,New,Verified
U04672,2021-08-19,25-34,Male,Madhya Pradesh,Indore,50K-1L,Regular,Verified
U04673,2025-01-08,25-34,Male,Rajasthan,Udaipur,25K-50K,Frequent,Verified
U04674,2023-10-27,25-34,Male,Madhya Pradesh,Bhopal,<25K,New,Verified
U04675,2024-05-05,25-34,Female,Gujarat,Vadodara,50K-1L,Regular,Verified
U04676,2020-04-21,18-24,Female,Kerala,Thiruvananthapuram,1L-2L,Frequent,Verified
U04677,2021-03-28,18-24,Female,Uttar Pradesh,Lucknow,50K-1L,Frequent,Verified
U04678,2025-12-26,25-34,Male,Delhi,Delhi,25K-50K,Frequent,Verified
U04679,2025-02-14,35-44,Female,Gujarat,Surat,2L+,Frequent,Verified
U04680,2026-03-28,45-54,Male,Kerala,Kochi,<25K,Regular,Pending
U04681,2023-06-16,18-24,Other,Telangana,Warangal,25K-50K,Frequent,Verified
U04682,2020-09-09,18-24,Female,Uttar Pradesh,Noida,25K-50K,Frequent,Verified
U04683,2025-06-27,35-44,Female,Tamil Nadu,Chennai,<25K,Regular,Verified
U04684,2023-12-30,25-34,Female,Karnataka,Mangaluru,25K-50K,Regular,Verified
U04685,2025-04-26,55+,Female,Rajasthan,Udaipur,50K-1L,Regular,Verified
U04686,2023-08-19,35-44,Female,Punjab,Chandigarh,1L-2L,Regular,Verified
U04687,2025-10-20,25-34,Male,Maharashtra,Nashik,2L+,New,Verified
U04688,2025-01-31,25-34,Female,Maharashtra,Mumbai,1L-2L,Regular,Verified
U04689,2026-03-19,25-34,Female,Tamil Nadu,Madurai,25K-50K,Regular,Verified
U04690,2023-01-05,18-24,Female,West Bengal,Kolkata,50K-1L,Regular,Verified
U04691,2020-03-02,18-24,Male,Maharashtra,Pune,1L-2L,New,Verified
U04692,2024-02-03,18-24,Male,Rajasthan,Jaipur,25K-50K,Frequent,Verified
U04693,2023-03-26,35-44,Male,Tamil Nadu,Coimbatore,1L-2L,New,Verified
U04694,2022-03-16,25-34,Male,Delhi,Delhi,25K-50K,New,Verified
U04695,2025-12-12,18-24,Male,Maharashtra,Pune,25K-50K,Regular,Verified
U04696,2025-02-18,35-44,Female,Madhya Pradesh,Indore,50K-1L,Regular,Verified
U04697,2026-01-17,25-34,Female,Tamil Nadu,Coimbatore,50K-1L,New,Verified
U04698,2021-06-24,25-34,Female,Rajasthan,Jodhpur,50K-1L,Regular,Verified
U04699,2021-09-17,25-34,Male,Madhya Pradesh,Bhopal,25K-50K,Frequent,Verified
U04700,2024-06-02,35-44,Female,Uttar Pradesh,Lucknow,50K-1L,Regular,Verified
U04701,2020-04-15,55+,Female,Uttar Pradesh,Varanasi,1L-2L,Regular,Verified
U04702,2023-02-28,18-24,Male,Maharashtra,Nagpur,2L+,New,Verified
U04703,2024-09-04,25-34,Male,Madhya Pradesh,Jabalpur,25K-50K,Regular,Verified
U04704,2025-03-23,25-34,Male,Karnataka,Mysuru,<25K,Frequent,Verified
U04705,2025-08-11,25-34,Female,Kerala,Thiruvananthapuram,50K-1L,Regular,Verified
U04706,2026-03-30,25-34,Male,Uttar Pradesh,Lucknow,25K-50K,Frequent,Verified
U04707,2021-01-03,45-54,Male,Karnataka,Mangaluru,<25K,Regular,Verified
U04708,2023-06-28,45-54,Female,Delhi,New Delhi,25K-50K,Regular,Verified
U04709,2022-08-03,25-34,Male,Tamil Nadu,Coimbatore,1L-2L,Frequent,Verified
U04710,2026-02-05,35-44,Male,Kerala,Kochi,1L-2L,Frequent,Verified
U04711,2020-10-19,35-44,Female,Gujarat,Ahmedabad,25K-50K,Frequent,Verified
U04712,2021-08-06,25-34,Female,Rajasthan,Jaipur,25K-50K,Regular,Pending
U04713,2026-01-31,25-34,Male,Punjab,Ludhiana,50K-1L,Frequent,Verified
U04714,2025-12-10,25-34,Female,Tamil Nadu,Chennai,25K-50K,Regular,Verified
U04715,2026-03-24,25-34,Male,Kerala,Kochi,50K-1L,Frequent,Verified
U04716,2022-02-03,25-34,Female,Rajasthan,Jodhpur,<25K,New,Verified
U04717,2025-10-13,45-54,Male,Kerala,Kochi,25K-50K,Regular,Verified
U04718,2023-07-28,35-44,Male,Madhya Pradesh,Jabalpur,25K-50K,Frequent,Verified
U04719,2023-11-15,18-24,Male,Delhi,New Delhi,50K-1L,New,Verified
U04720,2021-03-03,18-24,Female,Telangana,Warangal,50K-1L,Regular,Verified
U04721,2025-07-07,45-54,Female,Punjab,Amritsar,25K-50K,Frequent,Verified
U04722,2020-04-16,25-34,Female,Maharashtra,Mumbai,<25K,Regular,Verified
U04723,2021-10-20,45-54,Female,Kerala,Thiruvananthapuram,25K-50K,Regular,Verified
U04724,2023-03-28,18-24,Female,Rajasthan,Udaipur,50K-1L,Regular,Verified
U04725,2026-05-01,25-34,Male,Rajasthan,Jodhpur,<25K,Regular,Verified
U04726,2023-05-10,25-34,Female,Madhya Pradesh,Indore,<25K,New,Pending
U04727,2020-06-03,45-54,Male,Karnataka,Mangaluru,50K-1L,New,Verified
U04728,2022-06-14,18-24,Female,Tamil Nadu,Chennai,1L-2L,New,Verified
U04729,2024-03-01,25-34,Male,Telangana,Warangal,25K-50K,Regular,Verified
U04730,2024-06-08,25-34,Male,West Bengal,Kolkata,25K-50K,New,Verified
U04731,2022-09-19,45-54,Female,Maharashtra,Pune,2L+,Regular,Verified
U04732,2026-04-11,55+,Male,Gujarat,Surat,2L+,Regular,Verified
U04733,2023-08-16,55+,Male,West Bengal,Kolkata,25K-50K,Frequent,Pending
U04734,2023-10-17,55+,Male,Tamil Nadu,Madurai,1L-2L,New,Verified
U04735,2023-07-25,18-24,Male,Maharashtra,Nashik,50K-1L,Regular,Verified
U04736,2022-01-28,18-24,Female,Rajasthan,Udaipur,2L+,Regular,Verified
U04737,2022-01-16,18-24,Female,Gujarat,Ahmedabad,25K-50K,Frequent,Pending
U04738,2021-08-15,25-34,Female,Kerala,Kochi,1L-2L,Regular,Verified
U04739,2024-03-28,45-54,Male,Karnataka,Bengaluru,1L-2L,Frequent,Verified
U04740,2020-01-16,45-54,Other,Telangana,Warangal,25K-50K,New,Verified
U04741,2022-09-19,25-34,Male,Kerala,Kochi,1L-2L,Regular,Verified
U04742,2022-12-04,35-44,Female,Karnataka,Mangaluru,25K-50K,Regular,Verified
U04743,2023-09-06,45-54,Male,Delhi,New Delhi,<25K,Frequent,Verified
U04744,2026-01-04,25-34,Male,Madhya Pradesh,Bhopal,25K-50K,Regular,Verified
U04745,2021-12-03,18-24,Female,Maharashtra,Nagpur,2L+,Regular,Verified
U04746,2021-09-04,25-34,Female,Kerala,Thiruvananthapuram,50K-1L,New,Verified
U04747,2020-04-14,25-34,Female,Karnataka,Bengaluru,50K-1L,Regular,Verified
U04748,2024-02-06,35-44,Male,West Bengal,Siliguri,50K-1L,Regular,Verified
U04749,2021-01-30,25-34,Male,Madhya Pradesh,Indore,<25K,New,Verified
U04750,2025-07-03,18-24,Female,Karnataka,Mysuru,25K-50K,New,Verified
U04751,2022-04-30,55+,Female,Uttar Pradesh,Noida,50K-1L,Frequent,Verified
U04752,2025-06-11,35-44,Male,Delhi,Delhi,2L+,Regular,Verified
U04753,2021-03-17,25-34,Male,Tamil Nadu,Chennai,<25K,Frequent,Verified
U04754,2024-07-26,55+,Male,Kerala,Kochi,25K-50K,Frequent,Verified
U04755,2022-05-22,18-24,Male,Telangana,Hyderabad,<25K,Frequent,Verified
U04756,2021-10-28,25-34,Female,Delhi,Delhi,25K-50K,Frequent,Verified
U04757,2022-11-17,45-54,Male,Madhya Pradesh,Bhopal,25K-50K,Frequent,Verified
U04758,2021-09-19,25-34,Female,Uttar Pradesh,Lucknow,50K-1L,Regular,Verified
U04759,2023-11-29,45-54,Male,Maharashtra,Mumbai,25K-50K,New,Verified
U04760,2020-12-13,25-34,Female,West Bengal,Siliguri,25K-50K,Regular,Verified
U04761,2023-06-17,18-24,Male,Telangana,Hyderabad,1L-2L,Regular,Verified
U04762,2022-10-14,25-34,Female,Kerala,Kochi,2L+,New,Verified
U04763,2021-07-23,25-34,Male,Telangana,Warangal,25K-50K,Regular,Verified
U04764,2025-09-04,35-44,Female,Delhi,New Delhi,50K-1L,Regular,Verified
U04765,2025-05-06,35-44,Female,Madhya Pradesh,Jabalpur,25K-50K,Frequent,Verified
U04766,2026-03-14,55+,Male,Maharashtra,Pune,2L+,Regular,Verified
U04767,2023-09-13,45-54,Female,Rajasthan,Udaipur,50K-1L,Regular,Verified
U04768,2021-10-31,25-34,Male,Uttar Pradesh,Varanasi,1L-2L,Regular,Verified
U04769,2021-12-18,45-54,Male,Kerala,Kochi,<25K,Regular,Verified
U04770,2026-06-15,35-44,Male,Rajasthan,Jaipur,50K-1L,Frequent,Verified
U04771,2020-09-23,35-44,Male,West Bengal,Kolkata,50K-1L,New,Pending
U04772,2023-12-09,45-54,Male,Maharashtra,Pune,25K-50K,Regular,Verified
U04773,2023-09-18,35-44,Male,Punjab,Chandigarh,25K-50K,Regular,Verified
U04774,2022-10-19,25-34,Male,Punjab,Ludhiana,50K-1L,Regular,Verified
U04775,2025-07-30,35-44,Female,Maharashtra,Nashik,50K-1L,Regular,Verified
U04776,2021-07-18,25-34,Female,Uttar Pradesh,Lucknow,<25K,Regular,Verified
U04777,2023-06-24,25-34,Male,Gujarat,Surat,50K-1L,New,Pending
U04778,2022-11-25,35-44,Female,Rajasthan,Jodhpur,<25K,Regular,Verified
U04779,2023-11-25,25-34,Male,Karnataka,Bengaluru,<25K,Frequent,Verified
U04780,2020-01-28,18-24,Female,Telangana,Warangal,50K-1L,Regular,Verified
U04781,2020-08-07,18-24,Female,Kerala,Kochi,25K-50K,New,Verified
U04782,2021-02-09,35-44,Male,Gujarat,Ahmedabad,25K-50K,Regular,Verified
U04783,2024-06-25,25-34,Male,Karnataka,Bengaluru,25K-50K,New,Verified
U04784,2024-12-03,35-44,Other,Madhya Pradesh,Bhopal,50K-1L,Frequent,Verified
U04785,2026-05-07,25-34,Male,Kerala,Kochi,25K-50K,Regular,Verified
U04786,2024-10-25,25-34,Female,Kerala,Thiruvananthapuram,2L+,Frequent,Verified
U04787,2024-08-01,25-34,Female,Punjab,Amritsar,25K-50K,Regular,Verified
U04788,2022-03-02,35-44,Female,Uttar Pradesh,Kanpur,50K-1L,Frequent,Pending
U04789,2022-08-20,25-34,Male,Madhya Pradesh,Indore,25K-50K,Regular,Pending
U04790,2023-08-02,55+,Female,Telangana,Hyderabad,50K-1L,New,Verified
U04791,2022-04-13,55+,Female,Tamil Nadu,Chennai,50K-1L,New,Verified
U04792,2020-11-12,45-54,Male,Karnataka,Bengaluru,25K-50K,Regular,Verified
U04793,2023-08-13,55+,Male,Punjab,Amritsar,25K-50K,Regular,Verified
U04794,2023-08-23,25-34,Female,Kerala,Kochi,25K-50K,Regular,Pending
U04795,2020-12-16,25-34,Female,Gujarat,Surat,<25K,Frequent,Verified
U04796,2021-05-25,35-44,Male,Punjab,Chandigarh,25K-50K,New,Verified
U04797,2021-05-06,35-44,Male,Karnataka,Mangaluru,50K-1L,Regular,Verified
U04798,2025-04-15,45-54,Female,Karnataka,Bengaluru,1L-2L,Frequent,Verified
U04799,2024-06-05,35-44,Female,Uttar Pradesh,Noida,25K-50K,Regular,Verified
U04800,2025-08-18,55+,Male,Kerala,Kochi,25K-50K,Frequent,Verified
U04801,2024-02-29,25-34,Male,Madhya Pradesh,Bhopal,<25K,Regular,Verified
U04802,2024-05-02,45-54,Male,Rajasthan,Udaipur,25K-50K,Regular,Verified
U04803,2024-04-24,35-44,Male,Tamil Nadu,Coimbatore,1L-2L,New,Verified
U04804,2024-10-27,35-44,Male,Uttar Pradesh,Kanpur,50K-1L,Frequent,Verified
U04805,2025-06-14,25-34,Female,West Bengal,Siliguri,25K-50K,Frequent,Pending
U04806,2023-06-22,45-54,Female,Kerala,Kochi,25K-50K,Frequent,Verified
U04807,2025-09-11,45-54,Male,Uttar Pradesh,Noida,1L-2L,Regular,Pending
U04808,2022-11-12,25-34,Male,Telangana,Hyderabad,25K-50K,Frequent,Pending
U04809,2020-02-18,35-44,Male,Tamil Nadu,Madurai,25K-50K,Regular,Verified
U04810,2021-04-06,25-34,Female,Punjab,Chandigarh,50K-1L,Regular,Verified
U04811,2020-12-01,55+,Male,Maharashtra,Mumbai,50K-1L,Frequent,Verified
U04812,2023-10-13,25-34,Female,West Bengal,Siliguri,25K-50K,New,Verified
U04813,2023-02-19,25-34,Male,Delhi,Delhi,1L-2L,New,Verified
U04814,2020-12-24,25-34,Female,Uttar Pradesh,Lucknow,25K-50K,Regular,Pending
U04815,2020-07-11,35-44,Male,Karnataka,Mysuru,50K-1L,Frequent,Verified
U04816,2023-12-10,18-24,Male,Rajasthan,Udaipur,<25K,Regular,Verified
U04817,2023-11-01,35-44,Female,Maharashtra,Nashik,50K-1L,Regular,Pending
U04818,2022-01-25,55+,Female,Uttar Pradesh,Varanasi,1L-2L,Frequent,Verified
U04819,2024-08-11,45-54,Male,Uttar Pradesh,Lucknow,25K-50K,Regular,Verified
U04820,2022-04-07,18-24,Male,Gujarat,Vadodara,50K-1L,New,Verified
U04821,2022-06-08,55+,Female,Gujarat,Surat,1L-2L,Regular,Verified
U04822,2021-10-14,35-44,Female,Maharashtra,Nagpur,<25K,Frequent,Verified
U04823,2026-05-22,18-24,Female,Madhya Pradesh,Indore,50K-1L,New,Verified
U04824,2025-04-05,18-24,Male,Punjab,Chandigarh,1L-2L,Regular,Verified
U04825,2022-04-30,18-24,Female,Gujarat,Surat,50K-1L,New,Verified
U04826,2020-04-20,45-54,Female,Karnataka,Mysuru,<25K,Regular,Verified
U04827,2021-09-11,18-24,Male,West Bengal,Siliguri,<25K,Regular,Verified
U04828,2022-03-03,25-34,Male,Delhi,New Delhi,25K-50K,Regular,Verified
U04829,2025-09-28,35-44,Female,Tamil Nadu,Coimbatore,<25K,Regular,Verified
U04830,2023-03-03,35-44,Other,Delhi,New Delhi,50K-1L,Frequent,Verified
U04831,2021-08-10,45-54,Male,Delhi,Delhi,<25K,Regular,Verified
U04832,2023-08-02,35-44,Male,Tamil Nadu,Madurai,25K-50K,Frequent,Verified
U04833,2025-05-11,18-24,Female,Gujarat,Surat,25K-50K,Regular,Verified
U04834,2026-06-19,45-54,Male,Maharashtra,Pune,25K-50K,New,Pending
U04835,2020-10-23,25-34,Female,Tamil Nadu,Coimbatore,50K-1L,Regular,Verified
U04836,2024-06-17,35-44,Female,Punjab,Chandigarh,50K-1L,Frequent,Verified
U04837,2021-07-22,35-44,Female,Punjab,Amritsar,<25K,Regular,Verified
U04838,2023-04-02,18-24,Male,Kerala,Kochi,<25K,Frequent,Verified
U04839,2022-04-11,55+,Male,Telangana,Warangal,<25K,New,Verified
U04840,2021-09-01,25-34,Male,Madhya Pradesh,Jabalpur,25K-50K,Regular,Verified
U04841,2020-01-16,18-24,Female,West Bengal,Kolkata,<25K,Regular,Verified
U04842,2023-10-01,55+,Male,Rajasthan,Jodhpur,50K-1L,Regular,Verified
U04843,2020-03-12,35-44,Male,Gujarat,Vadodara,25K-50K,Regular,Verified
U04844,2020-09-26,35-44,Female,Madhya Pradesh,Jabalpur,2L+,Regular,Verified
U04845,2020-10-13,25-34,Male,Tamil Nadu,Chennai,25K-50K,Regular,Verified
U04846,2020-03-06,45-54,Female,Telangana,Warangal,25K-50K,Regular,Verified
U04847,2022-05-29,18-24,Male,Rajasthan,Jodhpur,1L-2L,New,Verified
U04848,2020-03-08,25-34,Female,West Bengal,Siliguri,50K-1L,Regular,Verified
U04849,2023-05-01,25-34,Male,West Bengal,Siliguri,50K-1L,Regular,Verified
U04850,2023-11-03,18-24,Male,Gujarat,Vadodara,2L+,Regular,Verified
U04851,2022-08-31,35-44,Other,Tamil Nadu,Madurai,25K-50K,Regular,Verified
U04852,2021-05-22,25-34,Female,Madhya Pradesh,Jabalpur,1L-2L,Frequent,Pending
U04853,2023-01-30,25-34,Female,Maharashtra,Nagpur,25K-50K,Regular,Verified
U04854,2022-06-04,18-24,Female,Madhya Pradesh,Jabalpur,1L-2L,Frequent,Verified
U04855,2025-06-10,35-44,Male,Madhya Pradesh,Indore,25K-50K,Regular,Verified
U04856,2022-02-13,45-54,Male,West Bengal,Kolkata,25K-50K,Regular,Verified
U04857,2022-07-14,25-34,Female,Maharashtra,Nagpur,50K-1L,Regular,Verified
U04858,2020-04-29,35-44,Female,Maharashtra,Mumbai,25K-50K,Regular,Verified
U04859,2025-04-22,25-34,Male,Gujarat,Surat,25K-50K,Regular,Verified
U04860,2021-05-02,35-44,Male,Rajasthan,Jodhpur,25K-50K,Regular,Verified
U04861,2025-10-26,18-24,Female,Uttar Pradesh,Noida,50K-1L,New,Verified
U04862,2021-03-16,25-34,Female,Delhi,Delhi,1L-2L,Regular,Verified
U04863,2021-04-06,35-44,Female,Delhi,Delhi,50K-1L,Frequent,Verified
U04864,2021-09-03,45-54,Male,West Bengal,Siliguri,1L-2L,Regular,Verified
U04865,2023-08-10,25-34,Male,Uttar Pradesh,Kanpur,50K-1L,Regular,Verified
U04866,2024-07-17,35-44,Male,Rajasthan,Udaipur,<25K,Frequent,Verified
U04867,2022-07-05,35-44,Male,Uttar Pradesh,Noida,<25K,Regular,Verified
U04868,2020-01-06,55+,Male,Gujarat,Surat,50K-1L,New,Pending
U04869,2021-11-11,25-34,Female,Madhya Pradesh,Jabalpur,25K-50K,Frequent,Verified
U04870,2026-05-07,25-34,Female,West Bengal,Kolkata,25K-50K,New,Verified
U04871,2024-07-01,45-54,Other,Maharashtra,Pune,25K-50K,Regular,Verified
U04872,2020-04-08,18-24,Female,Punjab,Chandigarh,50K-1L,New,Pending
U04873,2021-06-09,18-24,Female,West Bengal,Kolkata,25K-50K,New,Verified
U04874,2026-02-19,18-24,Other,Delhi,Delhi,1L-2L,New,Verified
U04875,2023-03-26,45-54,Female,Rajasthan,Udaipur,50K-1L,Regular,Verified
U04876,2024-08-16,18-24,Male,Uttar Pradesh,Kanpur,50K-1L,New,Verified
U04877,2023-02-12,45-54,Male,Rajasthan,Jaipur,2L+,New,Verified
U04878,2021-01-30,25-34,Male,Gujarat,Vadodara,25K-50K,Frequent,Verified
U04879,2022-02-08,18-24,Female,West Bengal,Kolkata,50K-1L,Frequent,Verified
U04880,2024-12-31,25-34,Female,Tamil Nadu,Coimbatore,1L-2L,Frequent,Verified
U04881,2024-03-25,25-34,Female,West Bengal,Kolkata,50K-1L,Frequent,Verified
U04882,2021-11-13,35-44,Female,Maharashtra,Pune,1L-2L,Regular,Verified
U04883,2024-04-05,35-44,Male,West Bengal,Siliguri,25K-50K,Frequent,Verified
U04884,2020-01-15,25-34,Female,Telangana,Warangal,50K-1L,Regular,Verified
U04885,2023-05-21,18-24,Female,Gujarat,Surat,<25K,Regular,Verified
U04886,2020-01-05,35-44,Male,Karnataka,Mysuru,2L+,Regular,Pending
U04887,2026-03-28,45-54,Male,Gujarat,Vadodara,1L-2L,New,Verified
U04888,2025-03-23,35-44,Male,Uttar Pradesh,Lucknow,1L-2L,Frequent,Verified
U04889,2023-11-26,45-54,Female,Punjab,Chandigarh,50K-1L,Regular,Pending
U04890,2024-05-26,25-34,Male,Karnataka,Mangaluru,<25K,New,Verified
U04891,2020-06-17,45-54,Male,Uttar Pradesh,Kanpur,<25K,New,Verified
U04892,2022-03-02,25-34,Female,Uttar Pradesh,Varanasi,1L-2L,New,Verified
U04893,2022-09-26,18-24,Female,Maharashtra,Nashik,25K-50K,Frequent,Verified
U04894,2020-05-31,45-54,Female,Maharashtra,Nagpur,25K-50K,Frequent,Verified
U04895,2026-03-21,55+,Male,Kerala,Kochi,50K-1L,Regular,Pending
U04896,2021-05-18,35-44,Female,Madhya Pradesh,Jabalpur,25K-50K,Regular,Verified
U04897,2024-04-22,25-34,Male,Delhi,Delhi,50K-1L,New,Verified
U04898,2025-09-22,25-34,Male,Madhya Pradesh,Jabalpur,25K-50K,Frequent,Verified
U04899,2021-05-18,25-34,Male,Madhya Pradesh,Jabalpur,50K-1L,New,Verified
U04900,2022-04-22,45-54,Female,Punjab,Ludhiana,1L-2L,Frequent,Verified
U04901,2020-12-16,18-24,Female,Delhi,New Delhi,<25K,Regular,Pending
U04902,2025-09-01,45-54,Female,Tamil Nadu,Coimbatore,25K-50K,Frequent,Pending
U04903,2024-07-17,25-34,Female,Karnataka,Mangaluru,25K-50K,Regular,Pending
U04904,2021-08-20,45-54,Male,Rajasthan,Jodhpur,2L+,Regular,Verified
U04905,2022-12-02,55+,Female,Madhya Pradesh,Jabalpur,25K-50K,Regular,Verified
U04906,2020-02-09,25-34,Female,Punjab,Amritsar,25K-50K,Frequent,Verified
U04907,2026-06-08,25-34,Female,Kerala,Kochi,50K-1L,Frequent,Verified
U04908,2020-06-23,45-54,Female,West Bengal,Siliguri,25K-50K,Regular,Verified
U04909,2022-09-25,25-34,Male,West Bengal,Siliguri,2L+,Regular,Verified
U04910,2024-01-24,35-44,Male,Uttar Pradesh,Varanasi,1L-2L,Frequent,Pending
U04911,2023-05-01,35-44,Male,Delhi,Delhi,50K-1L,Frequent,Verified
U04912,2026-04-10,18-24,Female,Uttar Pradesh,Noida,50K-1L,Regular,Verified
U04913,2022-04-15,45-54,Male,Punjab,Chandigarh,<25K,New,Verified
U04914,2026-05-16,25-34,Male,Telangana,Hyderabad,50K-1L,New,Verified
U04915,2022-11-25,55+,Female,Telangana,Hyderabad,50K-1L,Frequent,Verified
U04916,2022-06-16,25-34,Female,Kerala,Thiruvananthapuram,25K-50K,New,Verified
U04917,2024-04-12,35-44,Male,Rajasthan,Udaipur,25K-50K,New,Verified
U04918,2022-11-12,25-34,Male,Maharashtra,Nashik,1L-2L,New,Pending
U04919,2022-07-20,25-34,Male,Maharashtra,Mumbai,25K-50K,Regular,Verified
U04920,2025-11-08,25-34,Female,Delhi,New Delhi,50K-1L,Regular,Verified
U04921,2023-06-05,35-44,Female,Delhi,New Delhi,<25K,Regular,Verified
U04922,2023-05-10,35-44,Male,Madhya Pradesh,Jabalpur,25K-50K,New,Verified
U04923,2023-10-05,45-54,Male,Telangana,Hyderabad,1L-2L,Frequent,Verified
U04924,2022-11-27,25-34,Male,Madhya Pradesh,Indore,25K-50K,Frequent,Verified
U04925,2021-05-14,35-44,Male,Maharashtra,Pune,50K-1L,New,Verified
U04926,2024-09-18,35-44,Female,Karnataka,Mysuru,25K-50K,New,Verified
U04927,2025-10-16,18-24,Male,Karnataka,Bengaluru,25K-50K,Regular,Verified
U04928,2024-10-29,25-34,Male,Delhi,Delhi,2L+,Frequent,Verified
U04929,2025-12-10,25-34,Male,Uttar Pradesh,Kanpur,50K-1L,Frequent,Verified
U04930,2024-09-04,25-34,Female,Maharashtra,Mumbai,1L-2L,Regular,Verified
U04931,2020-12-01,25-34,Female,Karnataka,Bengaluru,1L-2L,Frequent,Verified
U04932,2023-03-22,35-44,Male,Maharashtra,Nagpur,2L+,New,Verified
U04933,2022-02-17,25-34,Male,Gujarat,Vadodara,1L-2L,New,Verified
U04934,2023-03-31,35-44,Male,West Bengal,Siliguri,<25K,Regular,Verified
U04935,2025-04-17,55+,Male,Telangana,Warangal,2L+,Frequent,Pending
U04936,2024-01-06,35-44,Male,Madhya Pradesh,Bhopal,<25K,Regular,Verified
U04937,2024-04-10,35-44,Male,Maharashtra,Pune,<25K,Frequent,Verified
U04938,2022-07-27,18-24,Female,West Bengal,Kolkata,<25K,Frequent,Verified
U04939,2022-03-14,45-54,Female,Gujarat,Ahmedabad,25K-50K,Regular,Verified
U04940,2025-04-19,25-34,Female,Madhya Pradesh,Bhopal,50K-1L,New,Verified
U04941,2021-09-25,35-44,Male,Maharashtra,Pune,25K-50K,New,Pending
U04942,2023-06-07,55+,Female,Delhi,New Delhi,<25K,Frequent,Verified
U04943,2022-12-18,35-44,Male,West Bengal,Kolkata,25K-50K,New,Verified
U04944,2025-11-13,35-44,Male,Madhya Pradesh,Indore,25K-50K,New,Verified
U04945,2023-07-09,25-34,Male,Maharashtra,Mumbai,1L-2L,Frequent,Verified
U04946,2020-12-19,18-24,Male,West Bengal,Siliguri,25K-50K,Frequent,Pending
U04947,2023-03-05,45-54,Female,Gujarat,Vadodara,25K-50K,New,Verified
U04948,2025-02-28,18-24,Male,Maharashtra,Pune,25K-50K,Frequent,Verified
U04949,2024-12-23,35-44,Female,Maharashtra,Nashik,25K-50K,New,Pending
U04950,2022-08-24,18-24,Female,Maharashtra,Pune,50K-1L,Regular,Pending
U04951,2023-03-15,45-54,Female,Kerala,Thiruvananthapuram,25K-50K,Regular,Verified
U04952,2024-03-27,18-24,Female,Rajasthan,Udaipur,25K-50K,Frequent,Verified
U04953,2025-11-04,25-34,Female,Kerala,Kochi,25K-50K,New,Verified
U04954,2020-04-18,35-44,Male,Delhi,Delhi,25K-50K,Regular,Verified
U04955,2023-09-30,25-34,Female,Gujarat,Surat,2L+,New,Verified
U04956,2024-10-23,25-34,Male,Kerala,Thiruvananthapuram,25K-50K,Frequent,Pending
U04957,2022-09-20,25-34,Female,Madhya Pradesh,Jabalpur,1L-2L,Regular,Verified
U04958,2024-02-26,25-34,Female,Punjab,Amritsar,50K-1L,Regular,Verified
U04959,2023-09-18,25-34,Male,Rajasthan,Jodhpur,<25K,New,Verified
U04960,2022-04-01,25-34,Male,Uttar Pradesh,Noida,2L+,Regular,Verified
U04961,2022-07-25,35-44,Male,Punjab,Ludhiana,1L-2L,Regular,Verified
U04962,2020-07-09,25-34,Male,Rajasthan,Udaipur,50K-1L,Frequent,Verified
U04963,2025-06-19,55+,Male,Telangana,Warangal,25K-50K,Regular,Verified
U04964,2022-07-21,25-34,Male,Telangana,Warangal,50K-1L,Frequent,Verified
U04965,2020-05-21,25-34,Male,Maharashtra,Nagpur,25K-50K,Regular,Verified
U04966,2025-03-07,25-34,Male,Rajasthan,Jodhpur,<25K,Regular,Verified
U04967,2026-01-24,45-54,Female,Uttar Pradesh,Kanpur,1L-2L,Regular,Verified
U04968,2021-07-19,18-24,Male,Rajasthan,Udaipur,1L-2L,Regular,Verified
U04969,2023-07-06,35-44,Female,Delhi,Delhi,<25K,Frequent,Verified
U04970,2024-01-02,35-44,Female,Punjab,Ludhiana,1L-2L,Regular,Verified
U04971,2023-02-08,18-24,Male,Delhi,Delhi,50K-1L,Regular,Verified
U04972,2022-01-13,45-54,Female,Uttar Pradesh,Varanasi,<25K,New,Verified
U04973,2021-11-03,25-34,Female,Rajasthan,Jaipur,25K-50K,New,Pending
U04974,2021-06-14,25-34,Female,West Bengal,Kolkata,25K-50K,Regular,Verified
U04975,2023-08-06,45-54,Male,Delhi,Delhi,1L-2L,Regular,Verified
U04976,2021-07-15,35-44,Female,Delhi,Delhi,1L-2L,Frequent,Verified
U04977,2024-03-13,45-54,Female,Karnataka,Mangaluru,<25K,New,Verified
U04978,2026-01-31,35-44,Male,Rajasthan,Jodhpur,50K-1L,New,Verified
U04979,2020-10-28,35-44,Male,Delhi,New Delhi,1L-2L,Regular,Verified
U04980,2020-07-03,45-54,Female,Kerala,Thiruvananthapuram,1L-2L,Frequent,Verified
U04981,2021-05-24,18-24,Female,Gujarat,Vadodara,<25K,Regular,Verified
U04982,2023-08-26,35-44,Female,Rajasthan,Udaipur,50K-1L,Regular,Verified
U04983,2023-10-01,35-44,Female,Telangana,Warangal,1L-2L,Regular,Verified
U04984,2026-01-12,18-24,Female,Karnataka,Mangaluru,25K-50K,New,Verified
U04985,2022-03-05,25-34,Female,Delhi,Delhi,25K-50K,Regular,Verified
U04986,2024-03-03,18-24,Male,Karnataka,Bengaluru,1L-2L,Frequent,Verified
U04987,2022-01-30,35-44,Male,Telangana,Warangal,<25K,Frequent,Verified
U04988,2026-01-03,35-44,Male,Uttar Pradesh,Varanasi,1L-2L,Regular,Pending
U04989,2021-03-10,55+,Female,Uttar Pradesh,Kanpur,25K-50K,New,Verified
U04990,2024-03-22,25-34,Female,Punjab,Amritsar,<25K,Regular,Verified
U04991,2025-07-31,35-44,Male,Rajasthan,Udaipur,25K-50K,Frequent,Verified
U04992,2024-09-02,25-34,Female,Telangana,Warangal,<25K,New,Verified
U04993,2020-03-09,35-44,Male,Tamil Nadu,Coimbatore,<25K,Frequent,Verified
U04994,2024-06-17,35-44,Male,Punjab,Amritsar,50K-1L,Frequent,Verified
U04995,2025-03-19,35-44,Male,Tamil Nadu,Chennai,25K-50K,Regular,Verified
U04996,2026-02-11,45-54,Female,Rajasthan,Jaipur,2L+,Regular,Verified
U04997,2026-03-01,45-54,Female,Maharashtra,Nashik,50K-1L,Regular,Verified
U04998,2021-07-07,18-24,Male,Karnataka,Mangaluru,25K-50K,Regular,Verified
U04999,2025-08-22,25-34,Male,Karnataka,Bengaluru,25K-50K,New,Pending
U05000,2023-07-21,35-44,Female,Uttar Pradesh,Lucknow,50K-1L,New,Verified
